wareh,capacity,buffer,CHIM,CHI,GO,GP,GS,BS,RND
2.0,100.0,0.0,0.14124175,0.141033292,0.3139305,0.005175333,0.055864625,0.005022208,0.092561542
2.0,100.0,0.0,0.142684125,0.140540041,0.3151775,0.00515525,0.004997708,0.00498975,0.038102333
2.0,100.0,0.0,0.13965475,0.1428315,0.3138735,0.005201542,0.005049041,0.005059167,0.038874083
3.0,100.0,0.0,0.140883334,0.142051,0.3139525,0.00523875,0.005064125,0.005041667,0.049370417
3.0,100.0,0.0,0.1397675,0.14189325,0.314306875,0.005749625,0.005024042,0.005079542,0.053663416
3.0,100.0,0.0,0.140266041,0.142800791,0.313566541,0.005227625,0.005113,0.004967209,0.050368041
