wareh,capacity,buffer,CHIM,CHI,GO,GP,GS,BS,RND
2.0,100.0,0.0,0.143194292,0.143839042,0.287782,0.005426666,0.0561515,0.004864542,0.076607042
2.0,100.0,0.0,0.145674542,0.146203042,0.288776917,0.00540375,0.004937834,0.005009959,0.03943375
2.0,100.0,0.0,0.146135708,0.145504875,0.286011583,0.005463917,0.005020834,0.004966959,0.041383958
3.0,100.0,0.0,0.142327292,0.145714625,0.286440375,0.0056795,0.004976334,0.004985083,0.055583667
3.0,100.0,0.0,0.141356458,0.146387917,0.286613458,0.005448458,0.004959,0.004978792,0.054956583
3.0,100.0,0.0,0.143651875,0.1510535,0.287715959,0.005433958,0.004976375,0.004973584,0.055501084
