wareh,capacity,buffer,CHIM,CHI,GO,GP,GS,BS,RND
2.0,100.0,0.0,0.142118667,0.141550208,0.253103958,0.005086834,0.056278625,0.004715834,0.088737625
2.0,100.0,0.0,0.141625584,0.141851,0.254978125,0.00515425,0.004698375,0.004685916,0.040312833
2.0,100.0,0.0,0.13977425,0.141439,0.253397417,0.005135167,0.00470875,0.004682958,0.042072541
3.0,100.0,0.0,0.140405333,0.141761542,0.25534925,0.005188209,0.004709375,0.004747042,0.053605709
3.0,100.0,0.0,0.139159083,0.142161667,0.254056208,0.005228291,0.004751375,0.004722917,0.054826666
3.0,100.0,0.0,0.139767042,0.144213166,0.256012459,0.005357,0.004811417,0.004754042,0.056623708
