wareh,capacity,buffer,CHIM,CHI,GO,GP,GS,BS,RND
2.0,100.0,0.0,0.141896834,0.142903542,0.259349667,0.005420334,0.058433167,0.004770084,0.096161625
2.0,100.0,0.0,0.144735041,0.143598084,0.259647917,0.005116333,0.00537775,0.004756792,0.03896425
2.0,100.0,0.0,0.141686833,0.14772025,0.258709167,0.0051365,0.00475325,0.004836458,0.033095666
3.0,100.0,0.0,0.143090208,0.146094,0.258844,0.005280542,0.004789875,0.004784,0.05516775
3.0,100.0,0.0,0.1411385,0.144660541,0.259258416,0.0052325,0.004944958,0.004774583,0.057655
3.0,100.0,0.0,0.143422792,0.146655625,0.263680041,0.005244375,0.004985917,0.004837084,0.055202416
