wareh,capacity,QMK,CHI,CHILOC,GP,GS,BS,RND
2.0,10.0,0.11460540000000001,0.05944410000000001,0.14709750000000002,0.08766220000000001,0.08767670000000001,0.000378,0.0022381
2.0,10.0,0.0949326,0.0004297,0.00049,0.00036449999999999997,0.0003879,0.0003453,0.0024837
3.0,12.0,2.1799245000000003,0.0005038,0.0005681,0.0004161,0.0004414,0.0003926,0.0037269
3.0,12.0,0.1472945,0.0004847,0.000571,0.00041600000000000003,0.00043870000000000004,0.0003911,0.003934
