wareh,capacity,CHI,CHILOC,RND
2.0,4000.0,92.0247533,119.2006469,75.5250725
