dependency,skus,wareh,diff,buffer,mode,benchiter,orders,train_test,parcel_train,parcel_test,duration,cap_used,local_search,gap
MD-VF,100,2,0.0,0.0,CHIM_0.001,1,1000000,0.9,196324,21801,1.1096753,100,0,0.0
MD-VF,100,2,0.0,0.0,CHI_0.001,1,1000000,0.9,196324,21801,0.5080086,100,1,0.0
MD-VF,100,2,0.0,0.0,GS,1,1000000,0.9,263289,29314,0.5397287,100,0,0.0
MD-VF,100,2,0.0,0.0,BS,1,1000000,0.9,263289,29314,0.2843784,100,0,0.0
MD-VF,100,2,0.0,0.0,RND,1,1000000,0.9,492168,54730,0.2658836,100,0,0.0
