dependency,skus,wareh,diff,buffer,weight_mode,mode,benchiter,orders,train_test,parcel_train,parcel_test,flexibility,duration,cap_used,local_search,gap
HD-VF,100,2,0.0,0.0,uniform,CHI_1.0e-5,1,200,0.5,19,42,0.58,5.818877817,100,0,0.0
HD-VF,100,2,0.0,0.0,uniform,CHI_1.0e-5_LS,1,200,0.5,18,45,0.55,6.036692872,100,2,0.0
HD-VF,100,2,0.0,0.0,uniform,CHI_1.0e-5,1,1000,0.5,184,210,0.58,0.927719225,100,0,0.0
HD-VF,100,2,0.0,0.0,uniform,CHI_1.0e-5_LS,1,1000,0.5,184,210,0.58,0.927907879,100,1,0.0
HD-VF,100,2,0.0,0.0,uniform,CHI_1.0e-5,1,2000,0.5,302,324,0.676,1.11391142,100,0,0.0
HD-VF,100,2,0.0,0.0,uniform,CHI_1.0e-5_LS,1,2000,0.5,288,356,0.644,1.114249514,100,3,0.0
HD-VF,100,2,0.2,0.0,uniform,CHI_1.0e-5,1,200,0.5,21,27,0.73,0.877310086,100,0,0.0
HD-VF,100,2,0.2,0.0,uniform,CHI_1.0e-5_LS,1,200,0.5,13,32,0.68,0.877429068,100,4,0.0
HD-VF,100,2,0.2,0.0,uniform,CHI_1.0e-5,1,1000,0.5,139,185,0.63,0.807879657,100,0,0.0
HD-VF,100,2,0.2,0.0,uniform,CHI_1.0e-5_LS,1,1000,0.5,139,185,0.63,0.808040769,100,1,0.0
HD-VF,100,2,0.2,0.0,uniform,CHI_1.0e-5,1,2000,0.5,265,256,0.744,0.777392567,100,0,0.0
HD-VF,100,2,0.2,0.0,uniform,CHI_1.0e-5_LS,1,2000,0.5,257,272,0.728,0.7776760880000001,100,4,0.0
HD-VF,100,4,0.0,0.0,uniform,CHI_1.0e-5,1,200,0.5,61,59,0.49,0.912383257,100,0,0.0
HD-VF,100,4,0.0,0.0,uniform,CHI_1.0e-5_LS,1,200,0.5,44,49,0.54,0.912490487,100,2,0.0
HD-VF,100,4,0.0,0.0,uniform,CHI_1.0e-5,1,1000,0.5,296,321,0.472,0.912211715,100,0,0.0
HD-VF,100,4,0.0,0.0,uniform,CHI_1.0e-5_LS,1,1000,0.5,276,306,0.502,0.912493723,100,3,0.0
HD-VF,100,4,0.0,0.0,uniform,CHI_1.0e-5,1,2000,0.5,585,657,0.432,0.967529529,100,0,0.0
HD-VF,100,4,0.0,0.0,uniform,CHI_1.0e-5_LS,1,2000,0.5,560,646,0.438,0.9678554100000001,100,2,0.0
HD-VF,100,4,0.2,0.0,uniform,CHI_1.0e-5,1,200,0.5,61,96,0.3,0.962820519,100,0,0.0
HD-VF,100,4,0.2,0.0,uniform,CHI_1.0e-5_LS,1,200,0.5,52,88,0.31,0.962945473,100,2,0.0
HD-VF,100,4,0.2,0.0,uniform,CHI_1.0e-5,1,1000,0.5,259,285,0.502,1.012897254,100,0,0.0
HD-VF,100,4,0.2,0.0,uniform,CHI_1.0e-5_LS,1,1000,0.5,229,265,0.532,1.0132152790000002,100,4,0.0
HD-VF,100,4,0.2,0.0,uniform,CHI_1.0e-5,1,2000,0.5,515,549,0.524,1.067508724,100,0,0.0
HD-VF,100,4,0.2,0.0,uniform,CHI_1.0e-5_LS,1,2000,0.5,507,551,0.524,1.0679110680000001,100,2,0.0
HD-VF,100,6,0.0,0.0,uniform,CHI_1.0e-5,1,200,0.5,70,137,0.14,1.256528091,100,0,0.0
HD-VF,100,6,0.0,0.0,uniform,CHI_1.0e-5_LS,1,200,0.5,50,120,0.17,1.256719971,100,4,0.0
HD-VF,100,6,0.0,0.0,uniform,CHI_1.0e-5,1,1000,0.5,410,429,0.318,1.113684194,100,0,0.0
HD-VF,100,6,0.0,0.0,uniform,CHI_1.0e-5_LS,1,1000,0.5,390,434,0.348,1.11394879,100,2,0.0
HD-VF,100,6,0.0,0.0,uniform,CHI_1.0e-5,1,2000,0.5,733,753,0.41,1.054870094,100,0,0.0
HD-VF,100,6,0.0,0.0,uniform,CHI_1.0e-5_LS,1,2000,0.5,720,757,0.404,1.055371013,100,3,0.0
HD-VF,100,6,0.2,0.0,uniform,CHI_1.0e-5,1,200,0.5,72,91,0.32,1.254956323,100,0,0.0
HD-VF,100,6,0.2,0.0,uniform,CHI_1.0e-5_LS,1,200,0.5,58,88,0.32,1.255144777,100,3,0.0
HD-VF,100,6,0.2,0.0,uniform,CHI_1.0e-5,1,1000,0.5,274,336,0.466,1.233162214,100,0,0.0
HD-VF,100,6,0.2,0.0,uniform,CHI_1.0e-5_LS,1,1000,0.5,263,330,0.464,1.233535274,100,4,0.0
HD-VF,100,6,0.2,0.0,uniform,CHI_1.0e-5,1,2000,0.5,687,698,0.437,1.18144965,100,0,0.0
HD-VF,100,6,0.2,0.0,uniform,CHI_1.0e-5_LS,1,2000,0.5,687,698,0.437,1.181898472,100,1,0.0
HD-VF,100,8,0.0,0.0,uniform,CHI_1.0e-5,1,200,0.5,66,98,0.24,1.464427011,100,0,0.0
HD-VF,100,8,0.0,0.0,uniform,CHI_1.0e-5_LS,1,200,0.5,55,96,0.27,1.4647688019999998,100,5,0.0
HD-VF,100,8,0.0,0.0,uniform,CHI_1.0e-5,1,1000,0.5,372,461,0.312,1.36680698,100,0,0.0
HD-VF,100,8,0.0,0.0,uniform,CHI_1.0e-5_LS,1,1000,0.5,372,461,0.312,1.3672265879999999,100,1,0.0
HD-VF,100,8,0.0,0.0,uniform,CHI_1.0e-5,1,2000,0.5,756,815,0.376,1.462788909,100,0,0.0
HD-VF,100,8,0.0,0.0,uniform,CHI_1.0e-5_LS,1,2000,0.5,724,788,0.396,1.463596103,100,6,0.0
HD-VF,100,8,0.2,0.0,uniform,CHI_1.0e-5,1,200,0.5,66,102,0.29,1.681692676,100,0,0.0
HD-VF,100,8,0.2,0.0,uniform,CHI_1.0e-5_LS,1,200,0.5,65,102,0.31,1.68189226,100,2,0.0
HD-VF,100,8,0.2,0.0,uniform,CHI_1.0e-5,1,1000,0.5,470,472,0.31,1.488945539,100,0,0.0
HD-VF,100,8,0.2,0.0,uniform,CHI_1.0e-5_LS,1,1000,0.5,441,437,0.348,1.489388559,100,2,0.0
HD-VF,100,8,0.2,0.0,uniform,CHI_1.0e-5,1,2000,0.5,708,752,0.414,1.200760393,100,0,0.0
HD-VF,100,8,0.2,0.0,uniform,CHI_1.0e-5_LS,1,2000,0.5,692,746,0.421,1.201282311,100,2,0.0
HD-VF,100,10,0.0,0.0,uniform,CHI_1.0e-5,1,200,0.5,102,129,0.15,1.639382645,100,0,0.0
HD-VF,100,10,0.0,0.0,uniform,CHI_1.0e-5_LS,1,200,0.5,90,120,0.24,1.639650868,100,3,0.0
HD-VF,100,10,0.0,0.0,uniform,CHI_1.0e-5,1,1000,0.5,438,475,0.32,1.405578616,100,0,0.0
HD-VF,100,10,0.0,0.0,uniform,CHI_1.0e-5_LS,1,1000,0.5,395,427,0.37,1.4060739649999998,100,5,0.0
HD-VF,100,10,0.0,0.0,uniform,CHI_1.0e-5,1,2000,0.5,983,996,0.254,1.612020654,100,0,0.0
HD-VF,100,10,0.0,0.0,uniform,CHI_1.0e-5_LS,1,2000,0.5,934,987,0.28,1.612701319,100,6,0.0
HD-VF,100,10,0.2,0.0,uniform,CHI_1.0e-5,1,200,0.5,93,111,0.23,1.660306191,100,0,0.0
HD-VF,100,10,0.2,0.0,uniform,CHI_1.0e-5_LS,1,200,0.5,86,110,0.26,1.660547473,100,3,0.0
HD-VF,100,10,0.2,0.0,uniform,CHI_1.0e-5,1,1000,0.5,288,347,0.466,1.749730182,100,0,0.0
HD-VF,100,10,0.2,0.0,uniform,CHI_1.0e-5_LS,1,1000,0.5,271,332,0.484,1.750170609,100,3,0.0
HD-VF,100,10,0.2,0.0,uniform,CHI_1.0e-5,1,2000,0.5,833,828,0.372,1.622606696,100,0,0.0
HD-VF,100,10,0.2,0.0,uniform,CHI_1.0e-5_LS,1,2000,0.5,833,828,0.372,1.623050228,100,1,0.0
HD-VF,100,2,0.0,0.2,uniform,CHI_1.0e-5,1,200,0.5,3,16,1.05,1.45388915,120,0,0.0
HD-VF,100,2,0.0,0.2,uniform,CHI_1.0e-5_LS,1,200,0.5,0,19,1.02,1.4540461850000002,120,2,0.0
HD-VF,100,2,0.0,0.2,uniform,CHI_1.0e-5,1,1000,0.5,66,82,1.146,1.805518399,120,0,0.0
HD-VF,100,2,0.0,0.2,uniform,CHI_1.0e-5_LS,1,1000,0.5,28,62,1.186,1.8059334970000003,120,5,0.0
HD-VF,100,2,0.0,0.2,uniform,CHI_1.0e-5,1,2000,0.5,101,109,1.327,1.592822403,120,0,0.0
HD-VF,100,2,0.0,0.2,uniform,CHI_1.0e-5_LS,1,2000,0.5,100,116,1.32,1.593359791,120,2,0.0
HD-VF,100,2,0.2,0.2,uniform,CHI_1.0e-5,1,200,0.5,3,10,1.22,1.389965718,120,0,0.0
HD-VF,100,2,0.2,0.2,uniform,CHI_1.0e-5_LS,1,200,0.5,3,10,1.22,1.3901351160000002,120,1,0.0
HD-VF,100,2,0.2,0.2,uniform,CHI_1.0e-5,1,1000,0.5,76,87,1.008,1.459063483,120,0,0.0
HD-VF,100,2,0.2,0.2,uniform,CHI_1.0e-5_LS,1,1000,0.5,45,63,1.056,1.459450729,120,4,0.0
HD-VF,100,2,0.2,0.2,uniform,CHI_1.0e-5,1,2000,0.5,113,126,1.064,1.673020113,120,0,0.0
HD-VF,100,2,0.2,0.2,uniform,CHI_1.0e-5_LS,1,2000,0.5,89,103,1.087,1.673659001,120,6,0.0
HD-VF,100,4,0.0,0.2,uniform,CHI_1.0e-5,1,200,0.5,27,64,1.05,1.402532183,120,0,0.0
HD-VF,100,4,0.0,0.2,uniform,CHI_1.0e-5_LS,1,200,0.5,19,68,1.06,1.402820072,120,3,0.0
HD-VF,100,4,0.0,0.2,uniform,CHI_1.0e-5,1,1000,0.5,177,196,1.13,1.377971056,120,0,0.0
HD-VF,100,4,0.0,0.2,uniform,CHI_1.0e-5_LS,1,1000,0.5,177,196,1.13,1.37844253,120,1,0.0
HD-VF,100,4,0.0,0.2,uniform,CHI_1.0e-5,1,2000,0.5,353,434,0.858,1.545377673,120,0,0.0
HD-VF,100,4,0.0,0.2,uniform,CHI_1.0e-5_LS,1,2000,0.5,353,434,0.858,1.546022642,120,1,0.0
HD-VF,100,4,0.2,0.2,uniform,CHI_1.0e-5,1,200,0.5,32,53,0.72,1.473859168,120,0,0.0
HD-VF,100,4,0.2,0.2,uniform,CHI_1.0e-5_LS,1,200,0.5,32,53,0.72,1.474112253,120,1,0.0
HD-VF,100,4,0.2,0.2,uniform,CHI_1.0e-5,1,1000,0.5,187,262,0.774,1.882455304,120,0,0.0
HD-VF,100,4,0.2,0.2,uniform,CHI_1.0e-5_LS,1,1000,0.5,126,186,0.864,1.883090316,120,6,0.0
HD-VF,100,4,0.2,0.2,uniform,CHI_1.0e-5,1,2000,0.5,289,297,1.003,1.856907876,120,0,0.0
HD-VF,100,4,0.2,0.2,uniform,CHI_1.0e-5_LS,1,2000,0.5,260,269,1.024,1.857893915,120,5,0.0
HD-VF,100,6,0.0,0.2,uniform,CHI_1.0e-5,1,200,0.5,64,80,0.62,1.443456957,120,0,0.0
HD-VF,100,6,0.0,0.2,uniform,CHI_1.0e-5_LS,1,200,0.5,46,66,0.67,1.443758383,120,2,0.0
HD-VF,100,6,0.0,0.2,uniform,CHI_1.0e-5,1,1000,0.5,272,300,0.534,1.480011155,120,0,0.0
HD-VF,100,6,0.0,0.2,uniform,CHI_1.0e-5_LS,1,1000,0.5,243,281,0.564,1.480783854,120,3,0.0
HD-VF,100,6,0.0,0.2,uniform,CHI_1.0e-5,1,2000,0.5,533,577,0.721,1.377998176,120,0,0.0
HD-VF,100,6,0.0,0.2,uniform,CHI_1.0e-5_LS,1,2000,0.5,508,565,0.724,1.378907862,120,3,0.0
HD-VF,100,6,0.2,0.2,uniform,CHI_1.0e-5,1,200,0.5,49,67,0.78,1.624730419,120,0,0.0
HD-VF,100,6,0.2,0.2,uniform,CHI_1.0e-5_LS,1,200,0.5,36,64,0.81,1.6250236,120,2,0.0
HD-VF,100,6,0.2,0.2,uniform,CHI_1.0e-5,1,1000,0.5,247,275,0.662,1.175686053,120,0,0.0
HD-VF,100,6,0.2,0.2,uniform,CHI_1.0e-5_LS,1,1000,0.5,231,278,0.674,1.1761442029999998,120,2,0.0
HD-VF,100,6,0.2,0.2,uniform,CHI_1.0e-5,1,2000,0.5,480,471,0.793,1.29684233,120,0,0.0
HD-VF,100,6,0.2,0.2,uniform,CHI_1.0e-5_LS,1,2000,0.5,480,471,0.793,1.297561129,120,1,0.0
HD-VF,100,8,0.0,0.2,uniform,CHI_1.0e-5,1,200,0.5,62,91,0.48,1.218567335,120,0,0.0
HD-VF,100,8,0.0,0.2,uniform,CHI_1.0e-5_LS,1,200,0.5,35,77,0.49,1.2189484689999999,120,5,0.0
HD-VF,100,8,0.0,0.2,uniform,CHI_1.0e-5,1,1000,0.5,314,368,0.666,1.272936641,120,0,0.0
HD-VF,100,8,0.0,0.2,uniform,CHI_1.0e-5_LS,1,1000,0.5,265,324,0.712,1.2738126440000002,120,6,0.0
HD-VF,100,8,0.0,0.2,uniform,CHI_1.0e-5,1,2000,0.5,651,658,0.598,1.329721125,120,0,0.0
HD-VF,100,8,0.0,0.2,uniform,CHI_1.0e-5_LS,1,2000,0.5,600,621,0.607,1.331584901,120,6,0.0
HD-VF,100,8,0.2,0.2,uniform,CHI_1.0e-5,1,200,0.5,65,100,0.43,1.039079062,120,0,0.0
HD-VF,100,8,0.2,0.2,uniform,CHI_1.0e-5_LS,1,200,0.5,42,91,0.43,1.0393494690000002,120,3,0.0
HD-VF,100,8,0.2,0.2,uniform,CHI_1.0e-5,1,1000,0.5,267,309,0.568,1.080497821,120,0,0.0
HD-VF,100,8,0.2,0.2,uniform,CHI_1.0e-5_LS,1,1000,0.5,242,306,0.574,1.081109908,120,3,0.0
HD-VF,100,8,0.2,0.2,uniform,CHI_1.0e-5,1,2000,0.5,567,591,0.856,1.297656897,120,0,0.0
HD-VF,100,8,0.2,0.2,uniform,CHI_1.0e-5_LS,1,2000,0.5,567,591,0.856,1.298379743,120,1,0.0
HD-VF,100,10,0.0,0.2,uniform,CHI_1.0e-5,1,200,0.5,101,112,0.3,1.280899853,120,0,0.0
HD-VF,100,10,0.0,0.2,uniform,CHI_1.0e-5_LS,1,200,0.5,72,99,0.34,1.281381988,120,4,0.0
HD-VF,100,10,0.0,0.2,uniform,CHI_1.0e-5,1,1000,0.5,354,390,0.572,1.059871092,120,0,0.0
HD-VF,100,10,0.0,0.2,uniform,CHI_1.0e-5_LS,1,1000,0.5,327,378,0.582,1.0606942150000003,120,3,0.0
HD-VF,100,10,0.0,0.2,uniform,CHI_1.0e-5,1,2000,0.5,639,670,0.627,0.944817178,120,0,0.0
HD-VF,100,10,0.0,0.2,uniform,CHI_1.0e-5_LS,1,2000,0.5,589,646,0.646,0.9468340909999999,120,6,0.0
HD-VF,100,10,0.2,0.2,uniform,CHI_1.0e-5,1,200,0.5,76,112,0.28,1.220630864,120,0,0.0
HD-VF,100,10,0.2,0.2,uniform,CHI_1.0e-5_LS,1,200,0.5,52,93,0.32,1.2209427290000001,120,3,0.0
HD-VF,100,10,0.2,0.2,uniform,CHI_1.0e-5,1,1000,0.5,331,375,0.614,1.144025601,120,0,0.0
HD-VF,100,10,0.2,0.2,uniform,CHI_1.0e-5_LS,1,1000,0.5,260,301,0.732,1.145646561,120,9,0.0
HD-VF,100,10,0.2,0.2,uniform,CHI_1.0e-5,1,2000,0.5,627,626,0.658,1.055781012,120,0,0.0
HD-VF,100,10,0.2,0.2,uniform,CHI_1.0e-5_LS,1,2000,0.5,622,667,0.623,1.056870395,120,2,0.0
HD-VF,100,2,0.0,0.2,frequency,CHI_1.0e-5,1,200,0.5,46,48,0.52,5.249514014,116,0,0.0
HD-VF,100,2,0.0,0.2,frequency,CHI_1.0e-5,1,1000,0.5,149,175,0.682,0.90475882,131,0,0.0
HD-VF,100,2,0.0,0.2,frequency,CHI_1.0e-5,1,2000,0.5,265,250,0.763,0.90473762,125,0,0.0
HD-VF,100,2,0.2,0.2,frequency,CHI_1.0e-5,1,200,0.5,34,36,0.77,0.846491294,115,0,0.0
HD-VF,100,2,0.2,0.2,frequency,CHI_1.0e-5,1,1000,0.5,168,174,0.674,0.892905812,126,0,0.0
HD-VF,100,2,0.2,0.2,frequency,CHI_1.0e-5,1,2000,0.5,235,266,0.759,0.93091627,128,0,0.0
HD-VF,100,4,0.0,0.2,frequency,CHI_1.0e-5,1,200,0.5,61,97,0.3,0.766381639,119,0,0.0
HD-VF,100,4,0.0,0.2,frequency,CHI_1.0e-5,1,1000,0.5,410,445,0.328,0.927778246,138,0,0.0
HD-VF,100,4,0.0,0.2,frequency,CHI_1.0e-5,1,2000,0.5,510,613,0.495,1.173941942,150,0,0.0
HD-VF,100,4,0.2,0.2,frequency,CHI_1.0e-5,1,200,0.5,80,88,0.34,1.169248941,122,0,0.0
HD-VF,100,4,0.2,0.2,frequency,CHI_1.0e-5,1,1000,0.5,366,449,0.318,1.124312695,141,0,0.0
HD-VF,100,4,0.2,0.2,frequency,CHI_1.0e-5,1,2000,0.5,701,701,0.456,1.184856309,140,0,0.0
HD-VF,100,6,0.0,0.2,frequency,CHI_1.0e-5,1,200,0.5,110,112,0.3,1.114245256,142,0,0.0
HD-VF,100,6,0.0,0.2,frequency,CHI_1.0e-5,1,1000,0.5,489,492,0.256,1.179990364,154,0,0.0
HD-VF,100,6,0.0,0.2,frequency,CHI_1.0e-5,1,2000,0.5,1096,1105,0.223,1.33265131,146,0,0.0
HD-VF,100,6,0.2,0.2,frequency,CHI_1.0e-5,1,200,0.5,102,109,0.22,1.305405628,119,0,0.0
HD-VF,100,6,0.2,0.2,frequency,CHI_1.0e-5,1,1000,0.5,507,519,0.208,1.238268559,150,0,0.0
HD-VF,100,6,0.2,0.2,frequency,CHI_1.0e-5,1,2000,0.5,954,961,0.326,1.493317027,155,0,0.0
HD-VF,100,8,0.0,0.2,frequency,CHI_1.0e-5,1,200,0.5,123,144,0.1,1.288716872,132,0,0.0
HD-VF,100,8,0.0,0.2,frequency,CHI_1.0e-5,1,1000,0.5,606,632,0.19,1.267255878,173,0,0.0
HD-VF,100,8,0.0,0.2,frequency,CHI_1.0e-5,1,2000,0.5,1151,1160,0.228,1.591462723,154,0,0.0
HD-VF,100,8,0.2,0.2,frequency,CHI_1.0e-5,1,200,0.5,133,137,0.16,1.354752605,136,0,0.0
HD-VF,100,8,0.2,0.2,frequency,CHI_1.0e-5,1,1000,0.5,516,546,0.234,1.47792331,141,0,0.0
HD-VF,100,8,0.2,0.2,frequency,CHI_1.0e-5,1,2000,0.5,1171,1155,0.242,1.293063964,163,0,0.0
HD-VF,100,10,0.0,0.2,frequency,CHI_1.0e-5,1,200,0.5,151,146,0.13,1.583622851,133,0,0.0
HD-VF,100,10,0.0,0.2,frequency,CHI_1.0e-5,1,1000,0.5,681,662,0.16,1.61310065,160,0,0.0
HD-VF,100,10,0.0,0.2,frequency,CHI_1.0e-5,1,2000,0.5,1154,1197,0.23,1.697894518,148,0,0.0
HD-VF,100,10,0.2,0.2,frequency,CHI_1.0e-5,1,200,0.5,110,139,0.09,1.590239129,122,0,0.0
HD-VF,100,10,0.2,0.2,frequency,CHI_1.0e-5,1,1000,0.5,609,616,0.206,1.74205512,156,0,0.0
HD-VF,100,10,0.2,0.2,frequency,CHI_1.0e-5,1,2000,0.5,1289,1278,0.189,1.701215516,158,0,0.0
HD-VF,100,2,0.0,0.2,random,CHI_1.0e-5,1,200,0.5,1,15,1.15,6.23529578,129,0,0.0
HD-VF,100,2,0.0,0.2,random,CHI_1.0e-5,1,1000,0.5,56,68,1.156,0.938049066,130,0,0.0
HD-VF,100,2,0.0,0.2,random,CHI_1.0e-5,1,2000,0.5,78,88,1.401,0.964027452,137,0,0.0
HD-VF,100,2,0.2,0.2,random,CHI_1.0e-5,1,200,0.5,2,11,1.3,0.93644605,130,0,0.0
HD-VF,100,2,0.2,0.2,random,CHI_1.0e-5,1,1000,0.5,60,77,1.064,0.799550278,130,0,0.0
HD-VF,100,2,0.2,0.2,random,CHI_1.0e-5,1,2000,0.5,85,108,1.15,0.894606411,137,0,0.0
HD-VF,100,4,0.0,0.2,random,CHI_1.0e-5,1,200,0.5,24,47,1.43,0.947324289,135,0,0.0
HD-VF,100,4,0.0,0.2,random,CHI_1.0e-5,1,1000,0.5,186,206,1.096,1.274570224,138,0,0.0
HD-VF,100,4,0.0,0.2,random,CHI_1.0e-5,1,2000,0.5,330,416,0.823,1.145260156,137,0,0.0
HD-VF,100,4,0.2,0.2,random,CHI_1.0e-5,1,200,0.5,22,59,0.8,1.141783187,143,0,0.0
HD-VF,100,4,0.2,0.2,random,CHI_1.0e-5,1,1000,0.5,147,216,0.754,1.16172354,147,0,0.0
HD-VF,100,4,0.2,0.2,random,CHI_1.0e-5,1,2000,0.5,312,302,1.021,1.151400471,142,0,0.0
HD-VF,100,6,0.0,0.2,random,CHI_1.0e-5,1,200,0.5,54,75,0.7,1.221124401,157,0,0.0
HD-VF,100,6,0.0,0.2,random,CHI_1.0e-5,1,1000,0.5,260,267,0.944,1.282925562,161,0,0.0
HD-VF,100,6,0.0,0.2,random,CHI_1.0e-5,1,2000,0.5,499,526,1.057,1.228789675,141,0,0.0
HD-VF,100,6,0.2,0.2,random,CHI_1.0e-5,1,200,0.5,36,58,1.23,1.504902302,157,0,0.0
HD-VF,100,6,0.2,0.2,random,CHI_1.0e-5,1,1000,0.5,188,207,1.472,1.680488548,157,0,0.0
HD-VF,100,6,0.2,0.2,random,CHI_1.0e-5,1,2000,0.5,481,528,0.848,1.507486488,132,0,0.0
HD-VF,100,8,0.0,0.2,random,CHI_1.0e-5,1,200,0.5,65,101,0.36,1.440529437,145,0,0.0
HD-VF,100,8,0.0,0.2,random,CHI_1.0e-5,1,1000,0.5,291,339,0.618,1.493536739,147,0,0.0
HD-VF,100,8,0.0,0.2,random,CHI_1.0e-5,1,2000,0.5,636,670,0.71,1.257857043,147,0,0.0
HD-VF,100,8,0.2,0.2,random,CHI_1.0e-5,1,200,0.5,65,100,0.37,1.453507705,137,0,0.0
HD-VF,100,8,0.2,0.2,random,CHI_1.0e-5,1,1000,0.5,269,334,0.526,1.687961551,165,0,0.0
HD-VF,100,8,0.2,0.2,random,CHI_1.0e-5,1,2000,0.5,661,668,0.549,1.596954992,139,0,0.0
HD-VF,100,10,0.0,0.2,random,CHI_1.0e-5,1,200,0.5,76,79,0.98,1.609604694,149,0,0.0
HD-VF,100,10,0.0,0.2,random,CHI_1.0e-5,1,1000,0.5,394,436,0.418,1.773921918,137,0,0.0
HD-VF,100,10,0.0,0.2,random,CHI_1.0e-5,1,2000,0.5,626,676,0.72,1.627849447,154,0,0.0
HD-VF,100,10,0.2,0.2,random,CHI_1.0e-5,1,200,0.5,79,99,0.32,1.520763866,157,0,0.0
HD-VF,100,10,0.2,0.2,random,CHI_1.0e-5,1,1000,0.5,335,352,0.7,1.725526965,151,0,0.0
HD-VF,100,10,0.2,0.2,random,CHI_1.0e-5,1,2000,0.5,616,634,0.967,1.730875716,144,0,0.0
MD-VF,100,2,0.0,0.0,uniform,CHI_1.0e-5,1,200,0.5,43,59,0.41,6.122363576,100,0,0.0
MD-VF,100,2,0.0,0.0,uniform,CHI_1.0e-5_LS,1,200,0.5,39,58,0.42,6.386671276,100,2,0.0
MD-VF,100,2,0.0,0.0,uniform,CHI_1.0e-5,1,1000,0.5,189,213,0.574,0.80833956,100,0,0.0
MD-VF,100,2,0.0,0.0,uniform,CHI_1.0e-5_LS,1,1000,0.5,173,211,0.578,0.8085596319999999,100,3,0.0
MD-VF,100,2,0.0,0.0,uniform,CHI_1.0e-5,1,2000,0.5,405,417,0.583,0.80259637,100,0,0.0
MD-VF,100,2,0.0,0.0,uniform,CHI_1.0e-5_LS,1,2000,0.5,387,428,0.572,0.802826622,100,2,0.0
MD-VF,100,2,0.2,0.0,uniform,CHI_1.0e-5,1,200,0.5,19,38,0.62,0.952298417,100,0,0.0
MD-VF,100,2,0.2,0.0,uniform,CHI_1.0e-5_LS,1,200,0.5,18,37,0.63,0.952404556,100,2,0.0
MD-VF,100,2,0.2,0.0,uniform,CHI_1.0e-5,1,1000,0.5,158,166,0.668,0.914646732,100,0,0.0
MD-VF,100,2,0.2,0.0,uniform,CHI_1.0e-5_LS,1,1000,0.5,147,176,0.648,0.914822772,100,2,0.0
MD-VF,100,2,0.2,0.0,uniform,CHI_1.0e-5,1,2000,0.5,329,340,0.66,1.067271329,100,0,0.0
MD-VF,100,2,0.2,0.0,uniform,CHI_1.0e-5_LS,1,2000,0.5,306,328,0.672,1.06758112,100,5,0.0
MD-VF,100,4,0.0,0.0,uniform,CHI_1.0e-5,1,200,0.5,72,85,0.32,0.897568395,100,0,0.0
MD-VF,100,4,0.0,0.0,uniform,CHI_1.0e-5_LS,1,200,0.5,58,96,0.27,0.8976944,100,3,0.0
MD-VF,100,4,0.0,0.0,uniform,CHI_1.0e-5,1,1000,0.5,398,438,0.314,0.88056527,100,0,0.0
MD-VF,100,4,0.0,0.0,uniform,CHI_1.0e-5_LS,1,1000,0.5,353,423,0.332,0.880878298,100,5,0.0
MD-VF,100,4,0.0,0.0,uniform,CHI_1.0e-5,1,2000,0.5,740,771,0.37,1.229490589,100,0,0.0
MD-VF,100,4,0.0,0.0,uniform,CHI_1.0e-5_LS,1,2000,0.5,668,766,0.373,1.2300226580000002,100,6,0.0
MD-VF,100,4,0.2,0.0,uniform,CHI_1.0e-5,1,200,0.5,59,76,0.35,1.1157726,100,0,0.0
MD-VF,100,4,0.2,0.0,uniform,CHI_1.0e-5_LS,1,200,0.5,59,76,0.35,1.1159020229999999,100,1,0.0
MD-VF,100,4,0.2,0.0,uniform,CHI_1.0e-5,1,1000,0.5,341,373,0.4,1.229083967,100,0,0.0
MD-VF,100,4,0.2,0.0,uniform,CHI_1.0e-5_LS,1,1000,0.5,306,353,0.416,1.229474188,100,5,0.0
MD-VF,100,4,0.2,0.0,uniform,CHI_1.0e-5,1,2000,0.5,711,782,0.354,1.181206224,100,0,0.0
MD-VF,100,4,0.2,0.0,uniform,CHI_1.0e-5_LS,1,2000,0.5,684,833,0.343,1.181676525,100,5,0.0
MD-VF,100,6,0.0,0.0,uniform,CHI_1.0e-5,1,200,0.5,104,128,0.14,1.198027718,100,0,0.0
MD-VF,100,6,0.0,0.0,uniform,CHI_1.0e-5_LS,1,200,0.5,94,121,0.17,1.198194299,100,3,0.0
MD-VF,100,6,0.0,0.0,uniform,CHI_1.0e-5,1,1000,0.5,432,529,0.242,1.339879645,100,0,0.0
MD-VF,100,6,0.0,0.0,uniform,CHI_1.0e-5_LS,1,1000,0.5,392,522,0.264,1.340357662,100,4,0.0
MD-VF,100,6,0.0,0.0,uniform,CHI_1.0e-5,1,2000,0.5,930,1012,0.263,1.267001741,100,0,0.0
MD-VF,100,6,0.0,0.0,uniform,CHI_1.0e-5_LS,1,2000,0.5,884,970,0.28,1.2675927400000002,100,6,0.0
MD-VF,100,6,0.2,0.0,uniform,CHI_1.0e-5,1,200,0.5,94,124,0.16,1.3367472,100,0,0.0
MD-VF,100,6,0.2,0.0,uniform,CHI_1.0e-5_LS,1,200,0.5,71,129,0.13,1.3369669629999998,100,4,0.0
MD-VF,100,6,0.2,0.0,uniform,CHI_1.0e-5,1,1000,0.5,424,470,0.298,1.24899226,100,0,0.0
MD-VF,100,6,0.2,0.0,uniform,CHI_1.0e-5_LS,1,1000,0.5,377,447,0.306,1.2493854160000002,100,5,0.0
MD-VF,100,6,0.2,0.0,uniform,CHI_1.0e-5,1,2000,0.5,854,910,0.32,1.44678036,100,0,0.0
MD-VF,100,6,0.2,0.0,uniform,CHI_1.0e-5_LS,1,2000,0.5,788,863,0.338,1.447382519,100,4,0.0
MD-VF,100,8,0.0,0.0,uniform,CHI_1.0e-5,1,200,0.5,102,127,0.23,1.454356396,100,0,0.0
MD-VF,100,8,0.0,0.0,uniform,CHI_1.0e-5_LS,1,200,0.5,86,120,0.19,1.4545848740000002,100,3,0.0
MD-VF,100,8,0.0,0.0,uniform,CHI_1.0e-5,1,1000,0.5,523,586,0.196,1.310504269,100,0,0.0
MD-VF,100,8,0.0,0.0,uniform,CHI_1.0e-5_LS,1,1000,0.5,472,573,0.204,1.311110235,100,6,0.0
MD-VF,100,8,0.0,0.0,uniform,CHI_1.0e-5,1,2000,0.5,982,1013,0.269,1.43777886,100,0,0.0
MD-VF,100,8,0.0,0.0,uniform,CHI_1.0e-5_LS,1,2000,0.5,921,992,0.275,1.438377563,100,5,0.0
MD-VF,100,8,0.2,0.0,uniform,CHI_1.0e-5,1,200,0.5,105,130,0.14,1.711306028,100,0,0.0
MD-VF,100,8,0.2,0.0,uniform,CHI_1.0e-5_LS,1,200,0.5,86,131,0.17,1.711593797,100,2,0.0
MD-VF,100,8,0.2,0.0,uniform,CHI_1.0e-5,1,1000,0.5,504,528,0.244,1.596008678,100,0,0.0
MD-VF,100,8,0.2,0.0,uniform,CHI_1.0e-5_LS,1,1000,0.5,489,559,0.232,1.596445587,100,3,0.0
MD-VF,100,8,0.2,0.0,uniform,CHI_1.0e-5,1,2000,0.5,1039,1065,0.225,1.934534224,100,0,0.0
MD-VF,100,8,0.2,0.0,uniform,CHI_1.0e-5_LS,1,2000,0.5,1003,1071,0.237,1.935093592,100,3,0.0
MD-VF,100,10,0.0,0.0,uniform,CHI_1.0e-5,1,200,0.5,118,130,0.15,1.775364443,100,0,0.0
MD-VF,100,10,0.0,0.0,uniform,CHI_1.0e-5_LS,1,200,0.5,101,140,0.15,1.775653695,100,2,0.0
MD-VF,100,10,0.0,0.0,uniform,CHI_1.0e-5,1,1000,0.5,534,565,0.238,1.745330031,100,0,0.0
MD-VF,100,10,0.0,0.0,uniform,CHI_1.0e-5_LS,1,1000,0.5,499,562,0.252,1.745915149,100,5,0.0
MD-VF,100,10,0.0,0.0,uniform,CHI_1.0e-5,1,2000,0.5,1133,1207,0.181,1.57630576,100,0,0.0
MD-VF,100,10,0.0,0.0,uniform,CHI_1.0e-5_LS,1,2000,0.5,1093,1168,0.199,1.576920623,100,3,0.0
MD-VF,100,10,0.2,0.0,uniform,CHI_1.0e-5,1,200,0.5,97,129,0.24,1.371048534,100,0,0.0
MD-VF,100,10,0.2,0.0,uniform,CHI_1.0e-5_LS,1,200,0.5,72,127,0.22,1.371303362,100,4,0.0
MD-VF,100,10,0.2,0.0,uniform,CHI_1.0e-5,1,1000,0.5,530,589,0.232,1.537799251,100,0,0.0
MD-VF,100,10,0.2,0.0,uniform,CHI_1.0e-5_LS,1,1000,0.5,464,549,0.272,1.538365704,100,7,0.0
MD-VF,100,10,0.2,0.0,uniform,CHI_1.0e-5,1,2000,0.5,1138,1218,0.174,1.78677472,100,0,0.0
MD-VF,100,10,0.2,0.0,uniform,CHI_1.0e-5_LS,1,2000,0.5,1138,1218,0.174,1.787257315,100,1,0.0
MD-VF,100,2,0.0,0.2,uniform,CHI_1.0e-5,1,200,0.5,6,30,0.93,1.310410783,120,0,0.0
MD-VF,100,2,0.0,0.2,uniform,CHI_1.0e-5_LS,1,200,0.5,0,33,0.9,1.3306928260000002,120,3,0.0
MD-VF,100,2,0.0,0.2,uniform,CHI_1.0e-5,1,1000,0.5,79,107,1.022,1.30174326,120,0,0.0
MD-VF,100,2,0.0,0.2,uniform,CHI_1.0e-5_LS,1,1000,0.5,44,93,1.05,1.3021989340000002,120,5,0.0
MD-VF,100,2,0.0,0.2,uniform,CHI_1.0e-5,1,2000,0.5,145,170,1.071,1.588486011,120,0,0.0
MD-VF,100,2,0.0,0.2,uniform,CHI_1.0e-5_LS,1,2000,0.5,105,158,1.083,1.589258629,120,7,0.0
MD-VF,100,2,0.2,0.2,uniform,CHI_1.0e-5,1,200,0.5,3,17,1.03,1.808181703,120,0,0.0
MD-VF,100,2,0.2,0.2,uniform,CHI_1.0e-5_LS,1,200,0.5,0,21,0.99,1.8083436670000002,120,3,0.0
MD-VF,100,2,0.2,0.2,uniform,CHI_1.0e-5,1,1000,0.5,54,76,1.084,1.661992844,120,0,0.0
MD-VF,100,2,0.2,0.2,uniform,CHI_1.0e-5_LS,1,1000,0.5,49,78,1.08,1.662397944,120,2,0.0
MD-VF,100,2,0.2,0.2,uniform,CHI_1.0e-5,1,2000,0.5,105,122,1.14,1.489299392,120,0,0.0
MD-VF,100,2,0.2,0.2,uniform,CHI_1.0e-5_LS,1,2000,0.5,90,131,1.131,1.489771848,120,2,0.0
MD-VF,100,4,0.0,0.2,uniform,CHI_1.0e-5,1,200,0.5,39,53,0.78,1.62703004,120,0,0.0
MD-VF,100,4,0.0,0.2,uniform,CHI_1.0e-5_LS,1,200,0.5,13,50,0.81,1.627450058,120,8,0.0
MD-VF,100,4,0.0,0.2,uniform,CHI_1.0e-5,1,1000,0.5,244,249,0.79,1.704037468,120,0,0.0
MD-VF,100,4,0.0,0.2,uniform,CHI_1.0e-5_LS,1,1000,0.5,199,276,0.766,1.7048322680000003,120,6,0.0
MD-VF,100,4,0.0,0.2,uniform,CHI_1.0e-5,1,2000,0.5,574,505,0.769,1.450256838,120,0,0.0
MD-VF,100,4,0.0,0.2,uniform,CHI_1.0e-5_LS,1,2000,0.5,491,451,0.798,1.451576243,120,5,0.0
MD-VF,100,4,0.2,0.2,uniform,CHI_1.0e-5,1,200,0.5,28,70,0.57,1.68361998,120,0,0.0
MD-VF,100,4,0.2,0.2,uniform,CHI_1.0e-5_LS,1,200,0.5,28,70,0.57,1.6839457009999999,120,1,0.0
MD-VF,100,4,0.2,0.2,uniform,CHI_1.0e-5,1,1000,0.5,242,249,0.872,1.258164108,120,0,0.0
MD-VF,100,4,0.2,0.2,uniform,CHI_1.0e-5_LS,1,1000,0.5,182,247,0.848,1.2588881049999998,120,4,0.0
MD-VF,100,4,0.2,0.2,uniform,CHI_1.0e-5,1,2000,0.5,448,501,0.788,1.34337024,120,0,0.0
MD-VF,100,4,0.2,0.2,uniform,CHI_1.0e-5_LS,1,2000,0.5,448,501,0.788,1.3440762430000002,120,1,0.0
MD-VF,100,6,0.0,0.2,uniform,CHI_1.0e-5,1,200,0.5,56,101,0.75,1.292300552,120,0,0.0
MD-VF,100,6,0.0,0.2,uniform,CHI_1.0e-5_LS,1,200,0.5,56,101,0.75,1.2926115559999998,120,1,0.0
MD-VF,100,6,0.0,0.2,uniform,CHI_1.0e-5,1,1000,0.5,362,371,0.662,1.400727078,120,0,0.0
MD-VF,100,6,0.0,0.2,uniform,CHI_1.0e-5_LS,1,1000,0.5,320,368,0.668,1.40135739,120,3,0.0
MD-VF,100,6,0.0,0.2,uniform,CHI_1.0e-5,1,2000,0.5,713,734,0.636,1.215971628,120,0,0.0
MD-VF,100,6,0.0,0.2,uniform,CHI_1.0e-5_LS,1,2000,0.5,688,716,0.648,1.216956955,120,3,0.0
MD-VF,100,6,0.2,0.2,uniform,CHI_1.0e-5,1,200,0.5,50,75,0.78,1.148078762,120,0,0.0
MD-VF,100,6,0.2,0.2,uniform,CHI_1.0e-5_LS,1,200,0.5,29,75,0.78,1.1484271259999999,120,5,0.0
MD-VF,100,6,0.2,0.2,uniform,CHI_1.0e-5,1,1000,0.5,341,325,0.748,1.172162575,120,0,0.0
MD-VF,100,6,0.2,0.2,uniform,CHI_1.0e-5_LS,1,1000,0.5,296,325,0.74,1.172808796,120,3,0.0
MD-VF,100,6,0.2,0.2,uniform,CHI_1.0e-5,1,2000,0.5,653,688,0.604,1.492069376,120,0,0.0
MD-VF,100,6,0.2,0.2,uniform,CHI_1.0e-5_LS,1,2000,0.5,610,677,0.598,1.4928257649999999,120,2,0.0
MD-VF,100,8,0.0,0.2,uniform,CHI_1.0e-5,1,200,0.5,78,106,0.57,0.862968572,120,0,0.0
MD-VF,100,8,0.0,0.2,uniform,CHI_1.0e-5_LS,1,200,0.5,45,89,0.59,0.863422763,120,6,0.0
MD-VF,100,8,0.0,0.2,uniform,CHI_1.0e-5,1,1000,0.5,391,441,0.574,1.256937999,120,0,0.0
MD-VF,100,8,0.0,0.2,uniform,CHI_1.0e-5_LS,1,1000,0.5,337,438,0.586,1.257877631,120,4,0.0
MD-VF,100,8,0.0,0.2,uniform,CHI_1.0e-5,1,2000,0.5,860,801,0.615,1.272169282,120,0,0.0
MD-VF,100,8,0.0,0.2,uniform,CHI_1.0e-5_LS,1,2000,0.5,769,735,0.639,1.273867876,120,4,0.0
MD-VF,100,8,0.2,0.2,uniform,CHI_1.0e-5,1,200,0.5,81,119,0.22,1.058994778,120,0,0.0
MD-VF,100,8,0.2,0.2,uniform,CHI_1.0e-5_LS,1,200,0.5,56,111,0.24,1.059305591,120,3,0.0
MD-VF,100,8,0.2,0.2,uniform,CHI_1.0e-5,1,1000,0.5,370,412,0.494,1.004168687,120,0,0.0
MD-VF,100,8,0.2,0.2,uniform,CHI_1.0e-5_LS,1,1000,0.5,328,394,0.516,1.00501314,120,5,0.0
MD-VF,100,8,0.2,0.2,uniform,CHI_1.0e-5,1,2000,0.5,830,810,0.592,1.245236366,120,0,0.0
MD-VF,100,8,0.2,0.2,uniform,CHI_1.0e-5_LS,1,2000,0.5,743,767,0.615,1.246645578,120,3,0.0
MD-VF,100,10,0.0,0.2,uniform,CHI_1.0e-5,1,200,0.5,101,105,0.41,1.06005108,120,0,0.0
MD-VF,100,10,0.0,0.2,uniform,CHI_1.0e-5_LS,1,200,0.5,77,100,0.46,1.06046158,120,4,0.0
MD-VF,100,10,0.0,0.2,uniform,CHI_1.0e-5,1,1000,0.5,522,512,0.438,1.151378921,120,0,0.0
MD-VF,100,10,0.0,0.2,uniform,CHI_1.0e-5_LS,1,1000,0.5,470,501,0.442,1.153513013,120,4,0.0
MD-VF,100,10,0.0,0.2,uniform,CHI_1.0e-5,1,2000,0.5,926,972,0.432,1.133869055,120,0,0.0
MD-VF,100,10,0.0,0.2,uniform,CHI_1.0e-5_LS,1,2000,0.5,858,942,0.443,1.136327065,120,5,0.0
MD-VF,100,10,0.2,0.2,uniform,CHI_1.0e-5,1,200,0.5,82,117,0.32,0.896679799,120,0,0.0
MD-VF,100,10,0.2,0.2,uniform,CHI_1.0e-5_LS,1,200,0.5,57,121,0.35,0.8970698810000001,120,4,0.0
MD-VF,100,10,0.2,0.2,uniform,CHI_1.0e-5,1,1000,0.5,467,495,0.352,1.193066124,120,0,0.0
MD-VF,100,10,0.2,0.2,uniform,CHI_1.0e-5_LS,1,1000,0.5,430,494,0.38,1.194298254,120,3,0.0
MD-VF,100,10,0.2,0.2,uniform,CHI_1.0e-5,1,2000,0.5,805,836,0.487,1.024819742,120,0,0.0
MD-VF,100,10,0.2,0.2,uniform,CHI_1.0e-5_LS,1,2000,0.5,805,836,0.487,1.025958879,120,1,0.0
MD-VF,100,2,0.0,0.2,frequency,CHI_1.0e-5,1,200,0.5,49,54,0.48,6.306325469,120,0,0.0
MD-VF,100,2,0.0,0.2,frequency,CHI_1.0e-5,1,1000,0.5,238,226,0.566,0.816847454,129,0,0.0
MD-VF,100,2,0.0,0.2,frequency,CHI_1.0e-5,1,2000,0.5,421,415,0.613,1.053404726,128,0,0.0
MD-VF,100,2,0.2,0.2,frequency,CHI_1.0e-5,1,200,0.5,54,55,0.48,1.058686209,126,0,0.0
MD-VF,100,2,0.2,0.2,frequency,CHI_1.0e-5,1,1000,0.5,204,196,0.644,0.862031034,131,0,0.0
MD-VF,100,2,0.2,0.2,frequency,CHI_1.0e-5,1,2000,0.5,380,379,0.643,0.783687832,137,0,0.0
MD-VF,100,4,0.0,0.2,frequency,CHI_1.0e-5,1,200,0.5,92,104,0.21,0.970551817,129,0,0.0
MD-VF,100,4,0.0,0.2,frequency,CHI_1.0e-5,1,1000,0.5,523,526,0.226,1.156019493,140,0,0.0
MD-VF,100,4,0.0,0.2,frequency,CHI_1.0e-5,1,2000,0.5,1035,981,0.26,1.233909184,139,0,0.0
MD-VF,100,4,0.2,0.2,frequency,CHI_1.0e-5,1,200,0.5,97,127,0.13,1.111001694,135,0,0.0
MD-VF,100,4,0.2,0.2,frequency,CHI_1.0e-5,1,1000,0.5,528,507,0.222,1.112627854,143,0,0.0
MD-VF,100,4,0.2,0.2,frequency,CHI_1.0e-5,1,2000,0.5,942,973,0.3,1.270803921,143,0,0.0
MD-VF,100,6,0.0,0.2,frequency,CHI_1.0e-5,1,200,0.5,123,136,0.3,1.070251718,139,0,0.0
MD-VF,100,6,0.0,0.2,frequency,CHI_1.0e-5,1,1000,0.5,617,651,0.152,1.411039827,136,0,0.0
MD-VF,100,6,0.0,0.2,frequency,CHI_1.0e-5,1,2000,0.5,1144,1166,0.186,1.289863783,152,0,0.0
MD-VF,100,6,0.2,0.2,frequency,CHI_1.0e-5,1,200,0.5,117,130,0.17,1.40961199,140,0,0.0
MD-VF,100,6,0.2,0.2,frequency,CHI_1.0e-5,1,1000,0.5,653,611,0.18,1.775399348,163,0,0.0
MD-VF,100,6,0.2,0.2,frequency,CHI_1.0e-5,1,2000,0.5,1234,1290,0.156,1.866153524,157,0,0.0
MD-VF,100,8,0.0,0.2,frequency,CHI_1.0e-5,1,200,0.5,145,158,0.07,1.236772064,125,0,0.0
MD-VF,100,8,0.0,0.2,frequency,CHI_1.0e-5,1,1000,0.5,691,730,0.078,1.23744205,174,0,0.0
MD-VF,100,8,0.0,0.2,frequency,CHI_1.0e-5,1,2000,0.5,1385,1276,0.153,1.574267999,140,0,0.0
MD-VF,100,8,0.2,0.2,frequency,CHI_1.0e-5,1,200,0.5,151,150,0.1,1.274335794,136,0,0.0
MD-VF,100,8,0.2,0.2,frequency,CHI_1.0e-5,1,1000,0.5,631,665,0.134,1.711800665,150,0,0.0
MD-VF,100,8,0.2,0.2,frequency,CHI_1.0e-5,1,2000,0.5,1475,1384,0.124,1.57842831,161,0,0.0
MD-VF,100,10,0.0,0.2,frequency,CHI_1.0e-5,1,200,0.5,156,160,0.07,1.457450819,146,0,0.0
MD-VF,100,10,0.0,0.2,frequency,CHI_1.0e-5,1,1000,0.5,768,740,0.084,1.710438922,145,0,0.0
MD-VF,100,10,0.0,0.2,frequency,CHI_1.0e-5,1,2000,0.5,1388,1455,0.102,1.609091491,140,0,0.0
MD-VF,100,10,0.2,0.2,frequency,CHI_1.0e-5,1,200,0.5,131,159,0.05,1.555096699,130,0,0.0
MD-VF,100,10,0.2,0.2,frequency,CHI_1.0e-5,1,1000,0.5,730,761,0.112,1.629090344,158,0,0.0
MD-VF,100,10,0.2,0.2,frequency,CHI_1.0e-5,1,2000,0.5,1486,1505,0.109,1.583822606,152,0,0.0
MD-VF,100,2,0.0,0.2,random,CHI_1.0e-5,1,200,0.5,2,19,1.1,5.527761234,132,0,0.0
MD-VF,100,2,0.0,0.2,random,CHI_1.0e-5,1,1000,0.5,49,78,1.096,0.866184824,132,0,0.0
MD-VF,100,2,0.0,0.2,random,CHI_1.0e-5,1,2000,0.5,137,160,1.122,1.036083264,131,0,0.0
MD-VF,100,2,0.2,0.2,random,CHI_1.0e-5,1,200,0.5,8,17,1.02,1.002201768,132,0,0.0
MD-VF,100,2,0.2,0.2,random,CHI_1.0e-5,1,1000,0.5,36,50,1.15,0.998442579,130,0,0.0
MD-VF,100,2,0.2,0.2,random,CHI_1.0e-5,1,2000,0.5,84,103,1.227,0.877927934,133,0,0.0
MD-VF,100,4,0.0,0.2,random,CHI_1.0e-5,1,200,0.5,29,49,0.97,1.10454716,139,0,0.0
MD-VF,100,4,0.0,0.2,random,CHI_1.0e-5,1,1000,0.5,223,245,0.842,1.201891815,139,0,0.0
MD-VF,100,4,0.0,0.2,random,CHI_1.0e-5,1,2000,0.5,503,490,0.802,1.155928843,140,0,0.0
MD-VF,100,4,0.2,0.2,random,CHI_1.0e-5,1,200,0.5,28,62,0.62,1.078005268,132,0,0.0
MD-VF,100,4,0.2,0.2,random,CHI_1.0e-5,1,1000,0.5,215,230,0.996,1.066580494,142,0,0.0
MD-VF,100,4,0.2,0.2,random,CHI_1.0e-5,1,2000,0.5,351,410,0.857,1.079627209,143,0,0.0
MD-VF,100,6,0.0,0.2,random,CHI_1.0e-5,1,200,0.5,40,75,0.71,1.24479038,142,0,0.0
MD-VF,100,6,0.0,0.2,random,CHI_1.0e-5,1,1000,0.5,296,331,0.812,1.332600635,150,0,0.0
MD-VF,100,6,0.0,0.2,random,CHI_1.0e-5,1,2000,0.5,715,723,0.701,1.214761138,139,0,0.0
MD-VF,100,6,0.2,0.2,random,CHI_1.0e-5,1,200,0.5,35,68,0.99,1.261094694,142,0,0.0
MD-VF,100,6,0.2,0.2,random,CHI_1.0e-5,1,1000,0.5,344,330,0.758,1.323937489,147,0,0.0
MD-VF,100,6,0.2,0.2,random,CHI_1.0e-5,1,2000,0.5,631,727,0.59,1.516570102,133,0,0.0
MD-VF,100,8,0.0,0.2,random,CHI_1.0e-5,1,200,0.5,83,104,0.37,1.902396238,142,0,0.0
MD-VF,100,8,0.0,0.2,random,CHI_1.0e-5,1,1000,0.5,315,367,0.932,1.218042861,168,0,0.0
MD-VF,100,8,0.0,0.2,random,CHI_1.0e-5,1,2000,0.5,828,800,0.475,1.471229397,147,0,0.0
MD-VF,100,8,0.2,0.2,random,CHI_1.0e-5,1,200,0.5,74,105,0.34,1.520843565,133,0,0.0
MD-VF,100,8,0.2,0.2,random,CHI_1.0e-5,1,1000,0.5,323,387,0.634,1.270231438,141,0,0.0
MD-VF,100,8,0.2,0.2,random,CHI_1.0e-5,1,2000,0.5,711,709,0.922,1.612225177,157,0,0.0
MD-VF,100,10,0.0,0.2,random,CHI_1.0e-5,1,200,0.5,71,85,0.55,1.79168592,161,0,0.0
MD-VF,100,10,0.0,0.2,random,CHI_1.0e-5,1,1000,0.5,483,477,0.456,1.636037181,143,0,0.0
MD-VF,100,10,0.0,0.2,random,CHI_1.0e-5,1,2000,0.5,967,980,0.427,1.633353278,147,0,0.0
MD-VF,100,10,0.2,0.2,random,CHI_1.0e-5,1,200,0.5,78,111,0.38,1.502937768,131,0,0.0
MD-VF,100,10,0.2,0.2,random,CHI_1.0e-5,1,1000,0.5,376,432,0.664,1.507077611,175,0,0.0
MD-VF,100,10,0.2,0.2,random,CHI_1.0e-5,1,2000,0.5,736,762,0.654,1.577299854,161,0,0.0
ID-VF,100,2,0.0,0.0,uniform,CHI_1.0e-5,1,200,0.5,27,47,0.53,5.829354053,100,0,0.0
ID-VF,100,2,0.0,0.0,uniform,CHI_1.0e-5_LS,1,200,0.5,26,52,0.48,6.075402002000001,100,2,0.0
ID-VF,100,2,0.0,0.0,uniform,CHI_1.0e-5,1,1000,0.5,215,239,0.522,0.910595665,100,0,0.0
ID-VF,100,2,0.0,0.0,uniform,CHI_1.0e-5_LS,1,1000,0.5,206,239,0.522,0.9107679080000001,100,2,0.0
ID-VF,100,2,0.0,0.0,uniform,CHI_1.0e-5,1,2000,0.5,377,411,0.589,0.865931919,100,0,0.0
ID-VF,100,2,0.0,0.0,uniform,CHI_1.0e-5_LS,1,2000,0.5,377,411,0.589,0.866172289,100,1,0.0
ID-VF,100,2,0.2,0.0,uniform,CHI_1.0e-5,1,200,0.5,23,45,0.55,0.852753557,100,0,0.0
ID-VF,100,2,0.2,0.0,uniform,CHI_1.0e-5_LS,1,200,0.5,23,45,0.55,0.85282987,100,1,0.0
ID-VF,100,2,0.2,0.0,uniform,CHI_1.0e-5,1,1000,0.5,158,182,0.636,0.933884356,100,0,0.0
ID-VF,100,2,0.2,0.0,uniform,CHI_1.0e-5_LS,1,1000,0.5,157,190,0.62,0.934091424,100,2,0.0
ID-VF,100,2,0.2,0.0,uniform,CHI_1.0e-5,1,2000,0.5,315,358,0.642,0.940127023,100,0,0.0
ID-VF,100,2,0.2,0.0,uniform,CHI_1.0e-5_LS,1,2000,0.5,311,346,0.654,0.940373515,100,2,0.0
ID-VF,100,4,0.0,0.0,uniform,CHI_1.0e-5,1,200,0.5,71,84,0.32,1.047968111,100,0,0.0
ID-VF,100,4,0.0,0.0,uniform,CHI_1.0e-5_LS,1,200,0.5,59,81,0.34,1.04808546,100,2,0.0
ID-VF,100,4,0.0,0.0,uniform,CHI_1.0e-5,1,1000,0.5,399,411,0.346,0.917616059,100,0,0.0
ID-VF,100,4,0.0,0.0,uniform,CHI_1.0e-5_LS,1,1000,0.5,373,414,0.346,0.9179025959999999,100,3,0.0
ID-VF,100,4,0.0,0.0,uniform,CHI_1.0e-5,1,2000,0.5,831,852,0.318,1.218972134,100,0,0.0
ID-VF,100,4,0.0,0.0,uniform,CHI_1.0e-5_LS,1,2000,0.5,754,850,0.32,1.2194526460000001,100,5,0.0
ID-VF,100,4,0.2,0.0,uniform,CHI_1.0e-5,1,200,0.5,53,89,0.29,1.129363577,100,0,0.0
ID-VF,100,4,0.2,0.0,uniform,CHI_1.0e-5_LS,1,200,0.5,49,90,0.27,1.1294882709999998,100,2,0.0
ID-VF,100,4,0.2,0.0,uniform,CHI_1.0e-5,1,1000,0.5,375,382,0.406,1.108769488,100,0,0.0
ID-VF,100,4,0.2,0.0,uniform,CHI_1.0e-5_LS,1,1000,0.5,350,400,0.356,1.109129784,100,2,0.0
ID-VF,100,4,0.2,0.0,uniform,CHI_1.0e-5,1,2000,0.5,710,770,0.379,1.221499884,100,0,0.0
ID-VF,100,4,0.2,0.0,uniform,CHI_1.0e-5_LS,1,2000,0.5,687,799,0.364,1.221933046,100,3,0.0
ID-VF,100,6,0.0,0.0,uniform,CHI_1.0e-5,1,200,0.5,81,93,0.26,1.301813872,100,0,0.0
ID-VF,100,6,0.0,0.0,uniform,CHI_1.0e-5_LS,1,200,0.5,71,98,0.27,1.302020559,100,2,0.0
ID-VF,100,6,0.0,0.0,uniform,CHI_1.0e-5,1,1000,0.5,480,524,0.214,1.422871424,100,0,0.0
ID-VF,100,6,0.0,0.0,uniform,CHI_1.0e-5_LS,1,1000,0.5,443,523,0.216,1.423333661,100,4,0.0
ID-VF,100,6,0.0,0.0,uniform,CHI_1.0e-5,1,2000,0.5,1011,1062,0.242,1.369512844,100,0,0.0
ID-VF,100,6,0.0,0.0,uniform,CHI_1.0e-5_LS,1,2000,0.5,940,1085,0.236,1.370277108,100,10,0.0
ID-VF,100,6,0.2,0.0,uniform,CHI_1.0e-5,1,200,0.5,73,105,0.25,1.388719982,100,0,0.0
ID-VF,100,6,0.2,0.0,uniform,CHI_1.0e-5_LS,1,200,0.5,56,108,0.23,1.388917643,100,4,0.0
ID-VF,100,6,0.2,0.0,uniform,CHI_1.0e-5,1,1000,0.5,442,488,0.25,1.24016751,100,0,0.0
ID-VF,100,6,0.2,0.0,uniform,CHI_1.0e-5_LS,1,1000,0.5,403,503,0.236,1.2405693329999998,100,3,0.0
ID-VF,100,6,0.2,0.0,uniform,CHI_1.0e-5,1,2000,0.5,913,912,0.306,1.37633624,100,0,0.0
ID-VF,100,6,0.2,0.0,uniform,CHI_1.0e-5_LS,1,2000,0.5,863,910,0.311,1.3770675110000001,100,7,0.0
ID-VF,100,8,0.0,0.0,uniform,CHI_1.0e-5,1,200,0.5,92,119,0.17,1.417644112,100,0,0.0
ID-VF,100,8,0.0,0.0,uniform,CHI_1.0e-5_LS,1,200,0.5,78,115,0.21,1.418174427,100,2,0.0
ID-VF,100,8,0.0,0.0,uniform,CHI_1.0e-5,1,1000,0.5,524,551,0.222,1.563957184,100,0,0.0
ID-VF,100,8,0.0,0.0,uniform,CHI_1.0e-5_LS,1,1000,0.5,480,556,0.242,1.564464005,100,4,0.0
ID-VF,100,8,0.0,0.0,uniform,CHI_1.0e-5,1,2000,0.5,1084,1093,0.237,1.539360599,100,0,0.0
ID-VF,100,8,0.0,0.0,uniform,CHI_1.0e-5_LS,1,2000,0.5,1023,1097,0.233,1.539944655,100,3,0.0
ID-VF,100,8,0.2,0.0,uniform,CHI_1.0e-5,1,200,0.5,102,126,0.21,1.449960262,100,0,0.0
ID-VF,100,8,0.2,0.0,uniform,CHI_1.0e-5_LS,1,200,0.5,78,129,0.23,1.450282276,100,7,0.0
ID-VF,100,8,0.2,0.0,uniform,CHI_1.0e-5,1,1000,0.5,550,572,0.214,1.595115452,100,0,0.0
ID-VF,100,8,0.2,0.0,uniform,CHI_1.0e-5_LS,1,1000,0.5,512,602,0.176,1.595715947,100,6,0.0
ID-VF,100,8,0.2,0.0,uniform,CHI_1.0e-5,1,2000,0.5,1052,1099,0.205,1.78434845,100,0,0.0
ID-VF,100,8,0.2,0.0,uniform,CHI_1.0e-5_LS,1,2000,0.5,988,1112,0.208,1.785054785,100,6,0.0
ID-VF,100,10,0.0,0.0,uniform,CHI_1.0e-5,1,200,0.5,135,136,0.17,1.750495979,100,0,0.0
ID-VF,100,10,0.0,0.0,uniform,CHI_1.0e-5_LS,1,200,0.5,111,139,0.17,1.750906349,100,6,0.0
ID-VF,100,10,0.0,0.0,uniform,CHI_1.0e-5,1,1000,0.5,574,679,0.132,1.471286804,100,0,0.0
ID-VF,100,10,0.0,0.0,uniform,CHI_1.0e-5_LS,1,1000,0.5,522,686,0.13,1.471917927,100,6,0.0
ID-VF,100,10,0.0,0.0,uniform,CHI_1.0e-5,1,2000,0.5,1280,1266,0.168,1.382390794,100,0,0.0
ID-VF,100,10,0.0,0.0,uniform,CHI_1.0e-5_LS,1,2000,0.5,1223,1285,0.168,1.383030464,100,3,0.0
ID-VF,100,10,0.2,0.0,uniform,CHI_1.0e-5,1,200,0.5,95,128,0.19,1.576154196,100,0,0.0
ID-VF,100,10,0.2,0.0,uniform,CHI_1.0e-5_LS,1,200,0.5,82,125,0.22,1.576432549,100,3,0.0
ID-VF,100,10,0.2,0.0,uniform,CHI_1.0e-5,1,1000,0.5,589,635,0.15,1.809828982,100,0,0.0
ID-VF,100,10,0.2,0.0,uniform,CHI_1.0e-5_LS,1,1000,0.5,535,631,0.142,1.8103713000000001,100,4,0.0
ID-VF,100,10,0.2,0.0,uniform,CHI_1.0e-5,1,2000,0.5,1163,1198,0.18,1.557896258,100,0,0.0
ID-VF,100,10,0.2,0.0,uniform,CHI_1.0e-5_LS,1,2000,0.5,1106,1235,0.175,1.558449105,100,3,0.0
ID-VF,100,2,0.0,0.2,uniform,CHI_1.0e-5,1,200,0.5,5,16,1.02,1.337662938,120,0,0.0
ID-VF,100,2,0.0,0.2,uniform,CHI_1.0e-5_LS,1,200,0.5,0,18,1.0,1.3378104450000001,120,3,0.0
ID-VF,100,2,0.0,0.2,uniform,CHI_1.0e-5,1,1000,0.5,68,91,1.05,1.336308328,120,0,0.0
ID-VF,100,2,0.0,0.2,uniform,CHI_1.0e-5_LS,1,1000,0.5,41,84,1.064,1.336667802,120,4,0.0
ID-VF,100,2,0.0,0.2,uniform,CHI_1.0e-5,1,2000,0.5,152,157,1.087,1.638264378,120,0,0.0
ID-VF,100,2,0.0,0.2,uniform,CHI_1.0e-5_LS,1,2000,0.5,120,183,1.061,1.6390217779999998,120,3,0.0
ID-VF,100,2,0.2,0.2,uniform,CHI_1.0e-5,1,200,0.5,1,17,1.1,1.31943716,120,0,0.0
ID-VF,100,2,0.2,0.2,uniform,CHI_1.0e-5_LS,1,200,0.5,0,17,1.1,1.3196015680000002,120,2,0.0
ID-VF,100,2,0.2,0.2,uniform,CHI_1.0e-5,1,1000,0.5,60,69,1.106,1.515160608,120,0,0.0
ID-VF,100,2,0.2,0.2,uniform,CHI_1.0e-5_LS,1,1000,0.5,42,75,1.094,1.5155802139999999,120,4,0.0
ID-VF,100,2,0.2,0.2,uniform,CHI_1.0e-5,1,2000,0.5,114,121,1.135,1.654978811,120,0,0.0
ID-VF,100,2,0.2,0.2,uniform,CHI_1.0e-5_LS,1,2000,0.5,81,156,1.1,1.6556380270000002,120,6,0.0
ID-VF,100,4,0.0,0.2,uniform,CHI_1.0e-5,1,200,0.5,36,55,0.78,1.320991364,120,0,0.0
ID-VF,100,4,0.0,0.2,uniform,CHI_1.0e-5_LS,1,200,0.5,22,55,0.79,1.321282249,120,4,0.0
ID-VF,100,4,0.0,0.2,uniform,CHI_1.0e-5,1,1000,0.5,252,239,0.894,1.553121895,120,0,0.0
ID-VF,100,4,0.0,0.2,uniform,CHI_1.0e-5_LS,1,1000,0.5,213,262,0.85,1.5538119590000001,120,3,0.0
ID-VF,100,4,0.0,0.2,uniform,CHI_1.0e-5,1,2000,0.5,519,483,0.815,1.277742082,120,0,0.0
ID-VF,100,4,0.0,0.2,uniform,CHI_1.0e-5_LS,1,2000,0.5,461,523,0.793,1.278891487,120,5,0.0
ID-VF,100,4,0.2,0.2,uniform,CHI_1.0e-5,1,200,0.5,26,57,0.81,1.322214208,120,0,0.0
ID-VF,100,4,0.2,0.2,uniform,CHI_1.0e-5_LS,1,200,0.5,15,65,0.77,1.322544947,120,4,0.0
ID-VF,100,4,0.2,0.2,uniform,CHI_1.0e-5,1,1000,0.5,220,222,0.928,1.21734304,120,0,0.0
ID-VF,100,4,0.2,0.2,uniform,CHI_1.0e-5_LS,1,1000,0.5,182,269,0.874,1.2178824019999999,120,4,0.0
ID-VF,100,4,0.2,0.2,uniform,CHI_1.0e-5,1,2000,0.5,428,497,0.882,1.353056975,120,0,0.0
ID-VF,100,4,0.2,0.2,uniform,CHI_1.0e-5_LS,1,2000,0.5,389,495,0.885,1.3540720990000001,120,3,0.0
ID-VF,100,6,0.0,0.2,uniform,CHI_1.0e-5,1,200,0.5,61,78,0.72,1.029264567,120,0,0.0
ID-VF,100,6,0.0,0.2,uniform,CHI_1.0e-5_LS,1,200,0.5,50,80,0.71,1.029543329,120,3,0.0
ID-VF,100,6,0.0,0.2,uniform,CHI_1.0e-5,1,1000,0.5,324,376,0.642,1.22111883,120,0,0.0
ID-VF,100,6,0.0,0.2,uniform,CHI_1.0e-5_LS,1,1000,0.5,283,373,0.654,1.2219201919999998,120,6,0.0
ID-VF,100,6,0.0,0.2,uniform,CHI_1.0e-5,1,2000,0.5,690,728,0.696,1.299005616,120,0,0.0
ID-VF,100,6,0.0,0.2,uniform,CHI_1.0e-5_LS,1,2000,0.5,627,744,0.69,1.3005026530000001,120,7,0.0
ID-VF,100,6,0.2,0.2,uniform,CHI_1.0e-5,1,200,0.5,50,75,0.52,1.145928049,120,0,0.0
ID-VF,100,6,0.2,0.2,uniform,CHI_1.0e-5_LS,1,200,0.5,36,83,0.47,1.1463193329999999,120,5,0.0
ID-VF,100,6,0.2,0.2,uniform,CHI_1.0e-5,1,1000,0.5,352,339,0.708,0.955812066,120,0,0.0
ID-VF,100,6,0.2,0.2,uniform,CHI_1.0e-5_LS,1,1000,0.5,295,380,0.654,0.956502482,120,5,0.0
ID-VF,100,6,0.2,0.2,uniform,CHI_1.0e-5,1,2000,0.5,667,677,0.713,1.162686775,120,0,0.0
ID-VF,100,6,0.2,0.2,uniform,CHI_1.0e-5_LS,1,2000,0.5,636,717,0.694,1.163527562,120,2,0.0
ID-VF,100,8,0.0,0.2,uniform,CHI_1.0e-5,1,200,0.5,61,100,0.48,1.349346197,120,0,0.0
ID-VF,100,8,0.0,0.2,uniform,CHI_1.0e-5_LS,1,200,0.5,40,95,0.49,1.3498251849999998,120,5,0.0
ID-VF,100,8,0.0,0.2,uniform,CHI_1.0e-5,1,1000,0.5,460,470,0.44,1.116179103,120,0,0.0
ID-VF,100,8,0.0,0.2,uniform,CHI_1.0e-5_LS,1,1000,0.5,375,485,0.41,1.1174830869999999,120,6,0.0
ID-VF,100,8,0.0,0.2,uniform,CHI_1.0e-5,1,2000,0.5,925,940,0.54,1.309023131,120,0,0.0
ID-VF,100,8,0.0,0.2,uniform,CHI_1.0e-5_LS,1,2000,0.5,800,930,0.538,1.311411449,120,7,0.0
ID-VF,100,8,0.2,0.2,uniform,CHI_1.0e-5,1,200,0.5,72,100,0.38,1.082803155,120,0,0.0
ID-VF,100,8,0.2,0.2,uniform,CHI_1.0e-5_LS,1,200,0.5,47,110,0.3,1.083083651,120,3,0.0
ID-VF,100,8,0.2,0.2,uniform,CHI_1.0e-5,1,1000,0.5,417,435,0.538,1.073091152,120,0,0.0
ID-VF,100,8,0.2,0.2,uniform,CHI_1.0e-5_LS,1,1000,0.5,361,438,0.552,1.074051563,120,6,0.0
ID-VF,100,8,0.2,0.2,uniform,CHI_1.0e-5,1,2000,0.5,825,815,0.592,1.07031153,120,0,0.0
ID-VF,100,8,0.2,0.2,uniform,CHI_1.0e-5_LS,1,2000,0.5,768,844,0.586,1.0717341889999998,120,4,0.0
ID-VF,100,10,0.0,0.2,uniform,CHI_1.0e-5,1,200,0.5,97,111,0.47,1.125902066,120,0,0.0
ID-VF,100,10,0.0,0.2,uniform,CHI_1.0e-5_LS,1,200,0.5,64,103,0.5,1.126488435,120,6,0.0
ID-VF,100,10,0.0,0.2,uniform,CHI_1.0e-5,1,1000,0.5,494,506,0.484,1.200004996,120,0,0.0
ID-VF,100,10,0.0,0.2,uniform,CHI_1.0e-5_LS,1,1000,0.5,437,503,0.484,1.2013808860000001,120,3,0.0
ID-VF,100,10,0.0,0.2,uniform,CHI_1.0e-5,1,2000,0.5,1052,1000,0.501,1.176649419,120,0,0.0
ID-VF,100,10,0.0,0.2,uniform,CHI_1.0e-5_LS,1,2000,0.5,980,997,0.504,1.17975352,120,3,0.0
ID-VF,100,10,0.2,0.2,uniform,CHI_1.0e-5,1,200,0.5,90,95,0.33,1.114580976,120,0,0.0
ID-VF,100,10,0.2,0.2,uniform,CHI_1.0e-5_LS,1,200,0.5,68,104,0.3,1.115070024,120,3,0.0
ID-VF,100,10,0.2,0.2,uniform,CHI_1.0e-5,1,1000,0.5,481,498,0.434,0.974173718,120,0,0.0
ID-VF,100,10,0.2,0.2,uniform,CHI_1.0e-5_LS,1,1000,0.5,426,475,0.452,0.976129425,120,6,0.0
ID-VF,100,10,0.2,0.2,uniform,CHI_1.0e-5,1,2000,0.5,985,968,0.473,1.05340161,120,0,0.0
ID-VF,100,10,0.2,0.2,uniform,CHI_1.0e-5_LS,1,2000,0.5,949,985,0.466,1.05536363,120,2,0.0
ID-VF,100,2,0.0,0.2,frequency,CHI_1.0e-5,1,200,0.5,50,56,0.48,5.845004942,128,0,0.0
ID-VF,100,2,0.0,0.2,frequency,CHI_1.0e-5,1,1000,0.5,287,274,0.466,0.834450485,132,0,0.0
ID-VF,100,2,0.0,0.2,frequency,CHI_1.0e-5,1,2000,0.5,569,561,0.453,0.913066318,127,0,0.0
ID-VF,100,2,0.2,0.2,frequency,CHI_1.0e-5,1,200,0.5,42,54,0.46,0.952805858,124,0,0.0
ID-VF,100,2,0.2,0.2,frequency,CHI_1.0e-5,1,1000,0.5,257,242,0.542,0.886771569,138,0,0.0
ID-VF,100,2,0.2,0.2,frequency,CHI_1.0e-5,1,2000,0.5,528,556,0.46,0.904870408,140,0,0.0
ID-VF,100,4,0.0,0.2,frequency,CHI_1.0e-5,1,200,0.5,113,115,0.16,1.140363083,125,0,0.0
ID-VF,100,4,0.0,0.2,frequency,CHI_1.0e-5,1,1000,0.5,581,592,0.146,1.125498439,137,0,0.0
ID-VF,100,4,0.0,0.2,frequency,CHI_1.0e-5,1,2000,0.5,1193,1139,0.184,1.162468156,135,0,0.0
ID-VF,100,4,0.2,0.2,frequency,CHI_1.0e-5,1,200,0.5,86,118,0.21,1.167773675,121,0,0.0
ID-VF,100,4,0.2,0.2,frequency,CHI_1.0e-5,1,1000,0.5,602,597,0.172,1.341344852,154,0,0.0
ID-VF,100,4,0.2,0.2,frequency,CHI_1.0e-5,1,2000,0.5,1126,1180,0.173,1.18559839,150,0,0.0
ID-VF,100,6,0.0,0.2,frequency,CHI_1.0e-5,1,200,0.5,149,143,0.11,1.25405883,136,0,0.0
ID-VF,100,6,0.0,0.2,frequency,CHI_1.0e-5,1,1000,0.5,730,735,0.108,1.337963131,153,0,0.0
ID-VF,100,6,0.0,0.2,frequency,CHI_1.0e-5,1,2000,0.5,1446,1430,0.108,1.166577222,148,0,0.0
ID-VF,100,6,0.2,0.2,frequency,CHI_1.0e-5,1,200,0.5,127,141,0.1,1.399065822,132,0,0.0
ID-VF,100,6,0.2,0.2,frequency,CHI_1.0e-5,1,1000,0.5,739,712,0.108,1.347275944,148,0,0.0
ID-VF,100,6,0.2,0.2,frequency,CHI_1.0e-5,1,2000,0.5,1490,1442,0.12,1.574706782,167,0,0.0
ID-VF,100,8,0.0,0.2,frequency,CHI_1.0e-5,1,200,0.5,145,160,0.06,1.2913182,132,0,0.0
ID-VF,100,8,0.0,0.2,frequency,CHI_1.0e-5,1,1000,0.5,788,788,0.094,1.544998702,158,0,0.0
ID-VF,100,8,0.0,0.2,frequency,CHI_1.0e-5,1,2000,0.5,1595,1585,0.073,1.651595266,146,0,0.0
ID-VF,100,8,0.2,0.2,frequency,CHI_1.0e-5,1,200,0.5,149,153,0.11,1.532929489,142,0,0.0
ID-VF,100,8,0.2,0.2,frequency,CHI_1.0e-5,1,1000,0.5,827,792,0.06,1.617194426,155,0,0.0
ID-VF,100,8,0.2,0.2,frequency,CHI_1.0e-5,1,2000,0.5,1617,1613,0.058,1.911855106,151,0,0.0
ID-VF,100,10,0.0,0.2,frequency,CHI_1.0e-5,1,200,0.5,162,176,0.06,1.915598375,148,0,0.0
ID-VF,100,10,0.0,0.2,frequency,CHI_1.0e-5,1,1000,0.5,804,809,0.052,1.437537697,115,0,0.0
ID-VF,100,10,0.0,0.2,frequency,CHI_1.0e-5,1,2000,0.5,1706,1598,0.039,1.563024835,107,0,0.0
ID-VF,100,10,0.2,0.2,frequency,CHI_1.0e-5,1,200,0.5,163,150,0.09,1.612874325,137,0,0.0
ID-VF,100,10,0.2,0.2,frequency,CHI_1.0e-5,1,1000,0.5,844,841,0.04,1.327874432,145,0,0.0
ID-VF,100,10,0.2,0.2,frequency,CHI_1.0e-5,1,2000,0.5,1689,1681,0.075,1.582962093,150,0,0.0
ID-VF,100,2,0.0,0.2,random,CHI_1.0e-5,1,200,0.5,3,17,1.14,5.35072029,128,0,0.0
ID-VF,100,2,0.0,0.2,random,CHI_1.0e-5,1,1000,0.5,51,69,1.13,0.877000967,128,0,0.0
ID-VF,100,2,0.0,0.2,random,CHI_1.0e-5,1,2000,0.5,90,121,1.204,0.87714685,134,0,0.0
ID-VF,100,2,0.2,0.2,random,CHI_1.0e-5,1,200,0.5,1,14,1.08,0.914702386,126,0,0.0
ID-VF,100,2,0.2,0.2,random,CHI_1.0e-5,1,1000,0.5,52,53,1.166,0.814544235,131,0,0.0
ID-VF,100,2,0.2,0.2,random,CHI_1.0e-5,1,2000,0.5,68,99,1.229,0.798487776,134,0,0.0
ID-VF,100,4,0.0,0.2,random,CHI_1.0e-5,1,200,0.5,23,40,1.03,1.173352306,154,0,0.0
ID-VF,100,4,0.0,0.2,random,CHI_1.0e-5,1,1000,0.5,237,224,0.92,1.204538548,128,0,0.0
ID-VF,100,4,0.0,0.2,random,CHI_1.0e-5,1,2000,0.5,496,426,0.852,1.119386297,130,0,0.0
ID-VF,100,4,0.2,0.2,random,CHI_1.0e-5,1,200,0.5,17,42,0.81,1.184068191,141,0,0.0
ID-VF,100,4,0.2,0.2,random,CHI_1.0e-5,1,1000,0.5,192,201,0.898,1.721027548,131,0,0.0
ID-VF,100,4,0.2,0.2,random,CHI_1.0e-5,1,2000,0.5,373,403,0.864,0.98959106,138,0,0.0
ID-VF,100,6,0.0,0.2,random,CHI_1.0e-5,1,200,0.5,55,70,0.81,1.481399538,153,0,0.0
ID-VF,100,6,0.0,0.2,random,CHI_1.0e-5,1,1000,0.5,293,325,0.664,1.341161178,131,0,0.0
ID-VF,100,6,0.0,0.2,random,CHI_1.0e-5,1,2000,0.5,615,631,0.849,1.428107103,140,0,0.0
ID-VF,100,6,0.2,0.2,random,CHI_1.0e-5,1,200,0.5,49,72,0.65,1.741123954,136,0,0.0
ID-VF,100,6,0.2,0.2,random,CHI_1.0e-5,1,1000,0.5,307,304,0.782,1.320355412,144,0,0.0
ID-VF,100,6,0.2,0.2,random,CHI_1.0e-5,1,2000,0.5,547,582,0.916,1.393682558,142,0,0.0
ID-VF,100,8,0.0,0.2,random,CHI_1.0e-5,1,200,0.5,42,65,1.09,1.701415832,160,0,0.0
ID-VF,100,8,0.0,0.2,random,CHI_1.0e-5,1,1000,0.5,449,471,0.49,1.251122894,144,0,0.0
ID-VF,100,8,0.0,0.2,random,CHI_1.0e-5,1,2000,0.5,727,743,0.904,1.375124949,164,0,0.0
ID-VF,100,8,0.2,0.2,random,CHI_1.0e-5,1,200,0.5,52,78,0.74,1.87531841,145,0,0.0
ID-VF,100,8,0.2,0.2,random,CHI_1.0e-5,1,1000,0.5,341,357,0.722,1.524660162,144,0,0.0
ID-VF,100,8,0.2,0.2,random,CHI_1.0e-5,1,2000,0.5,665,664,0.772,1.647213128,138,0,0.0
ID-VF,100,10,0.0,0.2,random,CHI_1.0e-5,1,200,0.5,91,98,0.34,1.894810473,130,0,0.0
ID-VF,100,10,0.0,0.2,random,CHI_1.0e-5,1,1000,0.5,443,443,0.662,1.624383998,137,0,0.0
ID-VF,100,10,0.0,0.2,random,CHI_1.0e-5,1,2000,0.5,841,843,0.832,1.600804341,146,0,0.0
ID-VF,100,10,0.2,0.2,random,CHI_1.0e-5,1,200,0.5,94,102,0.34,1.575930727,123,0,0.0
ID-VF,100,10,0.2,0.2,random,CHI_1.0e-5,1,1000,0.5,444,477,0.432,1.535027213,131,0,0.0
ID-VF,100,10,0.2,0.2,random,CHI_1.0e-5,1,2000,0.5,763,804,0.867,1.481996568,173,0,0.0
HD-SF,100,2,0.0,0.0,uniform,CHI_1.0e-5,1,200,0.5,53,53,0.47,5.94392988,100,0,0.0
HD-SF,100,2,0.0,0.0,uniform,CHI_1.0e-5_LS,1,200,0.5,30,36,0.64,6.163014696,100,5,0.0
HD-SF,100,2,0.0,0.0,uniform,CHI_1.0e-5,1,1000,0.5,250,227,0.546,0.951013277,100,0,0.0
HD-SF,100,2,0.0,0.0,uniform,CHI_1.0e-5_LS,1,1000,0.5,173,209,0.582,0.9513009560000001,100,7,0.0
HD-SF,100,2,0.0,0.0,uniform,CHI_1.0e-5,1,2000,0.5,378,409,0.591,0.930101362,100,0,0.0
HD-SF,100,2,0.0,0.0,uniform,CHI_1.0e-5_LS,1,2000,0.5,359,404,0.596,0.9304002520000001,100,2,0.0
HD-SF,100,2,0.2,0.0,uniform,CHI_1.0e-5,1,200,0.5,30,47,0.53,1.223480208,100,0,0.0
HD-SF,100,2,0.2,0.0,uniform,CHI_1.0e-5_LS,1,200,0.5,27,52,0.48,1.223669052,100,3,0.0
HD-SF,100,2,0.2,0.0,uniform,CHI_1.0e-5,1,1000,0.5,225,239,0.522,1.228251986,100,0,0.0
HD-SF,100,2,0.2,0.0,uniform,CHI_1.0e-5_LS,1,1000,0.5,159,185,0.63,1.228597084,100,8,0.0
HD-SF,100,2,0.2,0.0,uniform,CHI_1.0e-5,1,2000,0.5,385,456,0.544,1.152261004,100,0,0.0
HD-SF,100,2,0.2,0.0,uniform,CHI_1.0e-5_LS,1,2000,0.5,347,431,0.569,1.152674781,100,7,0.0
HD-SF,100,4,0.0,0.0,uniform,CHI_1.0e-5,1,200,0.5,93,113,0.13,1.214756729,100,0,0.0
HD-SF,100,4,0.0,0.0,uniform,CHI_1.0e-5_LS,1,200,0.5,60,101,0.23,1.2149412750000002,100,4,0.0
HD-SF,100,4,0.0,0.0,uniform,CHI_1.0e-5,1,1000,0.5,385,385,0.364,1.440196703,100,0,0.0
HD-SF,100,4,0.0,0.0,uniform,CHI_1.0e-5_LS,1,1000,0.5,346,359,0.426,1.440592676,100,4,0.0
HD-SF,100,4,0.0,0.0,uniform,CHI_1.0e-5,1,2000,0.5,711,743,0.413,1.22961875,100,0,0.0
HD-SF,100,4,0.0,0.0,uniform,CHI_1.0e-5_LS,1,2000,0.5,651,718,0.427,1.2302467780000002,100,5,0.0
HD-SF,100,4,0.2,0.0,uniform,CHI_1.0e-5,1,200,0.5,73,111,0.23,1.365011312,100,0,0.0
HD-SF,100,4,0.2,0.0,uniform,CHI_1.0e-5_LS,1,200,0.5,39,91,0.29,1.365343065,100,6,0.0
HD-SF,100,4,0.2,0.0,uniform,CHI_1.0e-5,1,1000,0.5,374,423,0.326,1.40053028,100,0,0.0
HD-SF,100,4,0.2,0.0,uniform,CHI_1.0e-5_LS,1,1000,0.5,305,358,0.418,1.4009825079999998,100,4,0.0
HD-SF,100,4,0.2,0.0,uniform,CHI_1.0e-5,1,2000,0.5,678,754,0.396,1.527036478,100,0,0.0
HD-SF,100,4,0.2,0.0,uniform,CHI_1.0e-5_LS,1,2000,0.5,589,749,0.399,1.5276537740000002,100,4,0.0
HD-SF,100,6,0.0,0.0,uniform,CHI_1.0e-5,1,200,0.5,77,108,0.25,1.300619222,100,0,0.0
HD-SF,100,6,0.0,0.0,uniform,CHI_1.0e-5_LS,1,200,0.5,58,113,0.23,1.300824507,100,2,0.0
HD-SF,100,6,0.0,0.0,uniform,CHI_1.0e-5,1,1000,0.5,431,463,0.326,1.285230234,100,0,0.0
HD-SF,100,6,0.0,0.0,uniform,CHI_1.0e-5_LS,1,1000,0.5,409,484,0.306,1.285629082,100,3,0.0
HD-SF,100,6,0.0,0.0,uniform,CHI_1.0e-5,1,2000,0.5,796,850,0.36,1.418644137,100,0,0.0
HD-SF,100,6,0.0,0.0,uniform,CHI_1.0e-5_LS,1,2000,0.5,715,806,0.383,1.4194213949999999,100,8,0.0
HD-SF,100,6,0.2,0.0,uniform,CHI_1.0e-5,1,200,0.5,105,142,0.14,1.444942062,100,0,0.0
HD-SF,100,6,0.2,0.0,uniform,CHI_1.0e-5_LS,1,200,0.5,75,132,0.19,1.445199254,100,5,0.0
HD-SF,100,6,0.2,0.0,uniform,CHI_1.0e-5,1,1000,0.5,427,473,0.306,1.327063702,100,0,0.0
HD-SF,100,6,0.2,0.0,uniform,CHI_1.0e-5_LS,1,1000,0.5,376,433,0.356,1.327491825,100,3,0.0
HD-SF,100,6,0.2,0.0,uniform,CHI_1.0e-5,1,2000,0.5,818,869,0.358,1.642087267,100,0,0.0
HD-SF,100,6,0.2,0.0,uniform,CHI_1.0e-5_LS,1,2000,0.5,772,838,0.372,1.6428102519999999,100,5,0.0
HD-SF,100,8,0.0,0.0,uniform,CHI_1.0e-5,1,200,0.5,116,154,0.1,1.601106407,100,0,0.0
HD-SF,100,8,0.0,0.0,uniform,CHI_1.0e-5_LS,1,200,0.5,74,126,0.18,1.601553806,100,9,0.0
HD-SF,100,8,0.0,0.0,uniform,CHI_1.0e-5,1,1000,0.5,512,530,0.282,1.637090776,100,0,0.0
HD-SF,100,8,0.0,0.0,uniform,CHI_1.0e-5_LS,1,1000,0.5,443,452,0.354,1.637765892,100,8,0.0
HD-SF,100,8,0.0,0.0,uniform,CHI_1.0e-5,1,2000,0.5,977,998,0.291,1.808453042,100,0,0.0
HD-SF,100,8,0.0,0.0,uniform,CHI_1.0e-5_LS,1,2000,0.5,977,998,0.291,1.809020255,100,1,0.0
HD-SF,100,8,0.2,0.0,uniform,CHI_1.0e-5,1,200,0.5,108,152,0.1,1.628008455,100,0,0.0
HD-SF,100,8,0.2,0.0,uniform,CHI_1.0e-5_LS,1,200,0.5,63,133,0.18,1.628444433,100,8,0.0
HD-SF,100,8,0.2,0.0,uniform,CHI_1.0e-5,1,1000,0.5,512,554,0.252,1.601598761,100,0,0.0
HD-SF,100,8,0.2,0.0,uniform,CHI_1.0e-5_LS,1,1000,0.5,419,488,0.318,1.6024341770000001,100,11,0.0
HD-SF,100,8,0.2,0.0,uniform,CHI_1.0e-5,1,2000,0.5,1027,1008,0.264,1.539919117,100,0,0.0
HD-SF,100,8,0.2,0.0,uniform,CHI_1.0e-5_LS,1,2000,0.5,973,993,0.284,1.540745166,100,5,0.0
HD-SF,100,10,0.0,0.0,uniform,CHI_1.0e-5,1,200,0.5,125,140,0.06,1.502748593,100,0,0.0
HD-SF,100,10,0.0,0.0,uniform,CHI_1.0e-5_LS,1,200,0.5,83,111,0.18,1.503060218,100,5,0.0
HD-SF,100,10,0.0,0.0,uniform,CHI_1.0e-5,1,1000,0.5,523,537,0.262,1.675043998,100,0,0.0
HD-SF,100,10,0.0,0.0,uniform,CHI_1.0e-5_LS,1,1000,0.5,484,528,0.266,1.675510313,100,3,0.0
HD-SF,100,10,0.0,0.0,uniform,CHI_1.0e-5,1,2000,0.5,835,863,0.379,1.288239127,100,0,0.0
HD-SF,100,10,0.0,0.0,uniform,CHI_1.0e-5_LS,1,2000,0.5,819,875,0.382,1.288824155,100,3,0.0
HD-SF,100,10,0.2,0.0,uniform,CHI_1.0e-5,1,200,0.5,114,143,0.13,1.420523612,100,0,0.0
HD-SF,100,10,0.2,0.0,uniform,CHI_1.0e-5_LS,1,200,0.5,75,117,0.22,1.420855975,100,5,0.0
HD-SF,100,10,0.2,0.0,uniform,CHI_1.0e-5,1,1000,0.5,532,576,0.248,1.578341508,100,0,0.0
HD-SF,100,10,0.2,0.0,uniform,CHI_1.0e-5_LS,1,1000,0.5,500,585,0.236,1.578835555,100,2,0.0
HD-SF,100,10,0.2,0.0,uniform,CHI_1.0e-5,1,2000,0.5,909,988,0.328,1.560560474,100,0,0.0
HD-SF,100,10,0.2,0.0,uniform,CHI_1.0e-5_LS,1,2000,0.5,855,973,0.337,1.561275926,100,5,0.0
HD-SF,100,2,0.0,0.2,uniform,CHI_1.0e-5,1,200,0.5,29,42,0.66,1.178981422,120,0,0.0
HD-SF,100,2,0.0,0.2,uniform,CHI_1.0e-5_LS,1,200,0.5,17,31,0.77,1.179157081,120,5,0.0
HD-SF,100,2,0.0,0.2,uniform,CHI_1.0e-5,1,1000,0.5,160,187,0.662,1.279253477,120,0,0.0
HD-SF,100,2,0.0,0.2,uniform,CHI_1.0e-5_LS,1,1000,0.5,125,175,0.686,1.2798460170000001,120,6,0.0
HD-SF,100,2,0.0,0.2,uniform,CHI_1.0e-5,1,2000,0.5,303,318,0.721,1.505435401,120,0,0.0
HD-SF,100,2,0.0,0.2,uniform,CHI_1.0e-5_LS,1,2000,0.5,240,318,0.721,1.5062519429999999,120,4,0.0
HD-SF,100,2,0.2,0.2,uniform,CHI_1.0e-5,1,200,0.5,16,35,0.7,1.459387871,120,0,0.0
HD-SF,100,2,0.2,0.2,uniform,CHI_1.0e-5_LS,1,200,0.5,7,28,0.77,1.4596186439999999,120,3,0.0
HD-SF,100,2,0.2,0.2,uniform,CHI_1.0e-5,1,1000,0.5,133,173,0.69,1.254167824,120,0,0.0
HD-SF,100,2,0.2,0.2,uniform,CHI_1.0e-5_LS,1,1000,0.5,110,151,0.734,1.254546052,120,3,0.0
HD-SF,100,2,0.2,0.2,uniform,CHI_1.0e-5,1,2000,0.5,285,329,0.719,1.443671379,120,0,0.0
HD-SF,100,2,0.2,0.2,uniform,CHI_1.0e-5_LS,1,2000,0.5,219,310,0.738,1.444535339,120,6,0.0
HD-SF,100,4,0.0,0.2,uniform,CHI_1.0e-5,1,200,0.5,79,94,0.29,1.447110839,120,0,0.0
HD-SF,100,4,0.0,0.2,uniform,CHI_1.0e-5_LS,1,200,0.5,48,90,0.29,1.447472597,120,4,0.0
HD-SF,100,4,0.0,0.2,uniform,CHI_1.0e-5,1,1000,0.5,376,382,0.4,1.401078708,120,0,0.0
HD-SF,100,4,0.0,0.2,uniform,CHI_1.0e-5_LS,1,1000,0.5,300,329,0.472,1.4018690299999998,120,5,0.0
HD-SF,100,4,0.0,0.2,uniform,CHI_1.0e-5,1,2000,0.5,611,661,0.494,1.176173677,120,0,0.0
HD-SF,100,4,0.0,0.2,uniform,CHI_1.0e-5_LS,1,2000,0.5,554,626,0.526,1.177050701,120,3,0.0
HD-SF,100,4,0.2,0.2,uniform,CHI_1.0e-5,1,200,0.5,61,81,0.37,1.31873307,120,0,0.0
HD-SF,100,4,0.2,0.2,uniform,CHI_1.0e-5_LS,1,200,0.5,35,76,0.4,1.319086993,120,6,0.0
HD-SF,100,4,0.2,0.2,uniform,CHI_1.0e-5,1,1000,0.5,382,425,0.374,1.277108163,120,0,0.0
HD-SF,100,4,0.2,0.2,uniform,CHI_1.0e-5_LS,1,1000,0.5,264,295,0.55,1.2778831760000002,120,7,0.0
HD-SF,100,4,0.2,0.2,uniform,CHI_1.0e-5,1,2000,0.5,754,779,0.396,1.030458506,120,0,0.0
HD-SF,100,4,0.2,0.2,uniform,CHI_1.0e-5_LS,1,2000,0.5,664,745,0.419,1.031529205,120,4,0.0
HD-SF,100,6,0.0,0.2,uniform,CHI_1.0e-5,1,200,0.5,91,126,0.17,1.1447928,120,0,0.0
HD-SF,100,6,0.0,0.2,uniform,CHI_1.0e-5_LS,1,200,0.5,66,104,0.31,1.145165339,120,5,0.0
HD-SF,100,6,0.0,0.2,uniform,CHI_1.0e-5,1,1000,0.5,464,452,0.306,1.33542437,120,0,0.0
HD-SF,100,6,0.0,0.2,uniform,CHI_1.0e-5_LS,1,1000,0.5,443,459,0.322,1.336093595,120,2,0.0
HD-SF,100,6,0.0,0.2,uniform,CHI_1.0e-5,1,2000,0.5,834,910,0.355,1.22815832,120,0,0.0
HD-SF,100,6,0.0,0.2,uniform,CHI_1.0e-5_LS,1,2000,0.5,727,819,0.416,1.229340868,120,5,0.0
HD-SF,100,6,0.2,0.2,uniform,CHI_1.0e-5,1,200,0.5,97,140,0.16,1.099282096,120,0,0.0
HD-SF,100,6,0.2,0.2,uniform,CHI_1.0e-5_LS,1,200,0.5,51,121,0.17,1.099658141,120,5,0.0
HD-SF,100,6,0.2,0.2,uniform,CHI_1.0e-5,1,1000,0.5,496,510,0.248,1.101029273,120,0,0.0
HD-SF,100,6,0.2,0.2,uniform,CHI_1.0e-5_LS,1,1000,0.5,456,497,0.272,1.101611996,120,2,0.0
HD-SF,100,6,0.2,0.2,uniform,CHI_1.0e-5,1,2000,0.5,902,968,0.295,1.183220001,120,0,0.0
HD-SF,100,6,0.2,0.2,uniform,CHI_1.0e-5_LS,1,2000,0.5,832,921,0.322,1.184390405,120,4,0.0
HD-SF,100,8,0.0,0.2,uniform,CHI_1.0e-5,1,200,0.5,95,125,0.13,1.226344339,120,0,0.0
HD-SF,100,8,0.0,0.2,uniform,CHI_1.0e-5_LS,1,200,0.5,51,107,0.2,1.226736645,120,5,0.0
HD-SF,100,8,0.0,0.2,uniform,CHI_1.0e-5,1,1000,0.5,468,506,0.284,1.249202423,120,0,0.0
HD-SF,100,8,0.0,0.2,uniform,CHI_1.0e-5_LS,1,1000,0.5,405,469,0.328,1.2504803000000002,120,6,0.0
HD-SF,100,8,0.0,0.2,uniform,CHI_1.0e-5,1,2000,0.5,784,803,0.452,1.195656903,120,0,0.0
HD-SF,100,8,0.0,0.2,uniform,CHI_1.0e-5_LS,1,2000,0.5,743,786,0.46,1.197431631,120,7,0.0
HD-SF,100,8,0.2,0.2,uniform,CHI_1.0e-5,1,200,0.5,104,130,0.13,1.144309243,120,0,0.0
HD-SF,100,8,0.2,0.2,uniform,CHI_1.0e-5_LS,1,200,0.5,63,103,0.27,1.144698423,120,4,0.0
HD-SF,100,8,0.2,0.2,uniform,CHI_1.0e-5,1,1000,0.5,387,453,0.348,0.852428167,120,0,0.0
HD-SF,100,8,0.2,0.2,uniform,CHI_1.0e-5_LS,1,1000,0.5,338,432,0.358,0.853462358,120,6,0.0
HD-SF,100,8,0.2,0.2,uniform,CHI_1.0e-5,1,2000,0.5,906,921,0.362,1.237654568,120,0,0.0
HD-SF,100,8,0.2,0.2,uniform,CHI_1.0e-5_LS,1,2000,0.5,818,854,0.403,1.239363954,120,6,0.0
HD-SF,100,10,0.0,0.2,uniform,CHI_1.0e-5,1,200,0.5,108,126,0.21,1.077231396,120,0,0.0
HD-SF,100,10,0.0,0.2,uniform,CHI_1.0e-5_LS,1,200,0.5,53,100,0.29,1.0779974719999998,120,11,0.0
HD-SF,100,10,0.0,0.2,uniform,CHI_1.0e-5,1,1000,0.5,496,542,0.254,0.962534403,120,0,0.0
HD-SF,100,10,0.0,0.2,uniform,CHI_1.0e-5_LS,1,1000,0.5,414,497,0.298,0.9652568480000001,120,9,0.0
HD-SF,100,10,0.0,0.2,uniform,CHI_1.0e-5,1,2000,0.5,927,1046,0.297,1.207959403,120,0,0.0
HD-SF,100,10,0.0,0.2,uniform,CHI_1.0e-5_LS,1,2000,0.5,874,1010,0.302,1.2115292770000001,120,6,0.0
HD-SF,100,10,0.2,0.2,uniform,CHI_1.0e-5,1,200,0.5,113,147,0.1,1.192105133,120,0,0.0
HD-SF,100,10,0.2,0.2,uniform,CHI_1.0e-5_LS,1,200,0.5,81,128,0.17,1.192598668,120,4,0.0
HD-SF,100,10,0.2,0.2,uniform,CHI_1.0e-5,1,1000,0.5,470,547,0.246,1.086567203,120,0,0.0
HD-SF,100,10,0.2,0.2,uniform,CHI_1.0e-5_LS,1,1000,0.5,442,507,0.26,1.087642089,120,2,0.0
HD-SF,100,10,0.2,0.2,uniform,CHI_1.0e-5,1,2000,0.5,775,827,0.413,1.200771785,120,0,0.0
HD-SF,100,10,0.2,0.2,uniform,CHI_1.0e-5_LS,1,2000,0.5,737,818,0.414,1.203458954,120,5,0.0
HD-SF,100,2,0.0,0.2,frequency,CHI_1.0e-5,1,200,0.5,43,39,0.67,5.659150721,119,0,0.0
HD-SF,100,2,0.0,0.2,frequency,CHI_1.0e-5,1,1000,0.5,140,141,0.75,0.872930363,125,0,0.0
HD-SF,100,2,0.0,0.2,frequency,CHI_1.0e-5,1,2000,0.5,331,325,0.714,1.10068613,128,0,0.0
HD-SF,100,2,0.2,0.2,frequency,CHI_1.0e-5,1,200,0.5,35,33,0.75,1.1744959,126,0,0.0
HD-SF,100,2,0.2,0.2,frequency,CHI_1.0e-5,1,1000,0.5,145,170,0.696,1.179793535,126,0,0.0
HD-SF,100,2,0.2,0.2,frequency,CHI_1.0e-5,1,2000,0.5,257,241,0.788,1.043542111,127,0,0.0
HD-SF,100,4,0.0,0.2,frequency,CHI_1.0e-5,1,200,0.5,94,95,0.27,0.983883096,126,0,0.0
HD-SF,100,4,0.0,0.2,frequency,CHI_1.0e-5,1,1000,0.5,375,405,0.376,1.217122936,124,0,0.0
HD-SF,100,4,0.0,0.2,frequency,CHI_1.0e-5,1,2000,0.5,577,605,0.502,1.283011032,132,0,0.0
HD-SF,100,4,0.2,0.2,frequency,CHI_1.0e-5,1,200,0.5,78,88,0.31,1.288086721,133,0,0.0
HD-SF,100,4,0.2,0.2,frequency,CHI_1.0e-5,1,1000,0.5,353,352,0.44,1.234695099,131,0,0.0
HD-SF,100,4,0.2,0.2,frequency,CHI_1.0e-5,1,2000,0.5,803,801,0.363,1.587730965,127,0,0.0
HD-SF,100,6,0.0,0.2,frequency,CHI_1.0e-5,1,200,0.5,110,116,0.18,1.48410975,135,0,0.0
HD-SF,100,6,0.0,0.2,frequency,CHI_1.0e-5,1,1000,0.5,488,476,0.294,1.795257056,121,0,0.0
HD-SF,100,6,0.0,0.2,frequency,CHI_1.0e-5,1,2000,0.5,874,926,0.327,1.272283096,125,0,0.0
HD-SF,100,6,0.2,0.2,frequency,CHI_1.0e-5,1,200,0.5,93,147,0.1,1.268517594,118,0,0.0
HD-SF,100,6,0.2,0.2,frequency,CHI_1.0e-5,1,1000,0.5,507,505,0.264,1.537520739,131,0,0.0
HD-SF,100,6,0.2,0.2,frequency,CHI_1.0e-5,1,2000,0.5,915,968,0.282,1.358780729,128,0,0.0
HD-SF,100,8,0.0,0.2,frequency,CHI_1.0e-5,1,200,0.5,99,130,0.12,1.29517354,114,0,0.0
HD-SF,100,8,0.0,0.2,frequency,CHI_1.0e-5,1,1000,0.5,491,542,0.266,1.611376737,130,0,0.0
HD-SF,100,8,0.0,0.2,frequency,CHI_1.0e-5,1,2000,0.5,906,884,0.341,1.884643688,130,0,0.0
HD-SF,100,8,0.2,0.2,frequency,CHI_1.0e-5,1,200,0.5,132,146,0.07,1.645895247,128,0,0.0
HD-SF,100,8,0.2,0.2,frequency,CHI_1.0e-5,1,1000,0.5,427,458,0.322,1.592822453,134,0,0.0
HD-SF,100,8,0.2,0.2,frequency,CHI_1.0e-5,1,2000,0.5,929,892,0.355,1.5611925,130,0,0.0
HD-SF,100,10,0.0,0.2,frequency,CHI_1.0e-5,1,200,0.5,125,122,0.35,1.507653251,130,0,0.0
HD-SF,100,10,0.0,0.2,frequency,CHI_1.0e-5,1,1000,0.5,505,548,0.252,1.801136611,132,0,0.0
HD-SF,100,10,0.0,0.2,frequency,CHI_1.0e-5,1,2000,0.5,1054,1108,0.236,1.612450721,128,0,0.0
HD-SF,100,10,0.2,0.2,frequency,CHI_1.0e-5,1,200,0.5,121,134,0.22,1.391037598,144,0,0.0
HD-SF,100,10,0.2,0.2,frequency,CHI_1.0e-5,1,1000,0.5,529,543,0.242,1.852291319,135,0,0.0
HD-SF,100,10,0.2,0.2,frequency,CHI_1.0e-5,1,2000,0.5,932,1000,0.285,1.537066968,133,0,0.0
HD-SF,100,2,0.0,0.2,random,CHI_1.0e-5,1,200,0.5,22,39,0.68,5.386340617,134,0,0.0
HD-SF,100,2,0.0,0.2,random,CHI_1.0e-5,1,1000,0.5,129,188,0.702,0.914846636,137,0,0.0
HD-SF,100,2,0.0,0.2,random,CHI_1.0e-5,1,2000,0.5,216,229,0.873,0.849218107,141,0,0.0
HD-SF,100,2,0.2,0.2,random,CHI_1.0e-5,1,200,0.5,8,24,0.85,0.992963754,134,0,0.0
HD-SF,100,2,0.2,0.2,random,CHI_1.0e-5,1,1000,0.5,100,131,0.834,1.036672679,136,0,0.0
HD-SF,100,2,0.2,0.2,random,CHI_1.0e-5,1,2000,0.5,184,191,0.918,0.891488845,142,0,0.0
HD-SF,100,4,0.0,0.2,random,CHI_1.0e-5,1,200,0.5,63,79,0.4,0.916092412,158,0,0.0
HD-SF,100,4,0.0,0.2,random,CHI_1.0e-5,1,1000,0.5,310,344,0.474,0.880460103,159,0,0.0
HD-SF,100,4,0.0,0.2,random,CHI_1.0e-5,1,2000,0.5,577,602,0.544,0.843054839,146,0,0.0
HD-SF,100,4,0.2,0.2,random,CHI_1.0e-5,1,200,0.5,51,83,0.36,0.920313128,138,0,0.0
HD-SF,100,4,0.2,0.2,random,CHI_1.0e-5,1,1000,0.5,261,299,0.632,1.031625284,166,0,0.0
HD-SF,100,4,0.2,0.2,random,CHI_1.0e-5,1,2000,0.5,657,678,0.551,1.142537992,161,0,0.0
HD-SF,100,6,0.0,0.2,random,CHI_1.0e-5,1,200,0.5,70,96,0.26,1.198320498,168,0,0.0
HD-SF,100,6,0.0,0.2,random,CHI_1.0e-5,1,1000,0.5,418,440,0.436,1.179290702,174,0,0.0
HD-SF,100,6,0.0,0.2,random,CHI_1.0e-5,1,2000,0.5,721,839,0.421,1.373006375,172,0,0.0
HD-SF,100,6,0.2,0.2,random,CHI_1.0e-5,1,200,0.5,87,119,0.35,1.348360899,170,0,0.0
HD-SF,100,6,0.2,0.2,random,CHI_1.0e-5,1,1000,0.5,414,433,0.386,1.415771069,171,0,0.0
HD-SF,100,6,0.2,0.2,random,CHI_1.0e-5,1,2000,0.5,756,833,0.441,1.328498142,168,0,0.0
HD-SF,100,8,0.0,0.2,random,CHI_1.0e-5,1,200,0.5,77,123,0.19,1.362159224,164,0,0.0
HD-SF,100,8,0.0,0.2,random,CHI_1.0e-5,1,1000,0.5,459,493,0.424,1.721419774,194,0,0.0
HD-SF,100,8,0.0,0.2,random,CHI_1.0e-5,1,2000,0.5,720,728,0.489,1.220632788,195,0,0.0
HD-SF,100,8,0.2,0.2,random,CHI_1.0e-5,1,200,0.5,90,122,0.41,1.537746582,165,0,0.0
HD-SF,100,8,0.2,0.2,random,CHI_1.0e-5,1,1000,0.5,438,464,0.392,1.798784772,182,0,0.0
HD-SF,100,8,0.2,0.2,random,CHI_1.0e-5,1,2000,0.5,813,842,0.457,1.257448086,185,0,0.0
HD-SF,100,10,0.0,0.2,random,CHI_1.0e-5,1,200,0.5,95,127,0.12,1.707183598,183,0,0.0
HD-SF,100,10,0.0,0.2,random,CHI_1.0e-5,1,1000,0.5,518,577,0.266,1.820400816,181,0,0.0
HD-SF,100,10,0.0,0.2,random,CHI_1.0e-5,1,2000,0.5,918,959,0.347,1.519898343,185,0,0.0
HD-SF,100,10,0.2,0.2,random,CHI_1.0e-5,1,200,0.5,105,130,0.37,1.728770668,187,0,0.0
HD-SF,100,10,0.2,0.2,random,CHI_1.0e-5,1,1000,0.5,484,521,0.292,2.035666852,191,0,0.0
HD-SF,100,10,0.2,0.2,random,CHI_1.0e-5,1,2000,0.5,811,854,0.478,1.480908988,183,0,0.0
MD-SF,100,2,0.0,0.0,uniform,CHI_1.0e-5,1,200,0.5,63,57,0.43,5.929415762,100,0,0.0
MD-SF,100,2,0.0,0.0,uniform,CHI_1.0e-5_LS,1,200,0.5,33,59,0.41,6.149131051,100,5,0.0
MD-SF,100,2,0.0,0.0,uniform,CHI_1.0e-5,1,1000,0.5,295,325,0.35,0.876544691,100,0,0.0
MD-SF,100,2,0.0,0.0,uniform,CHI_1.0e-5_LS,1,1000,0.5,244,316,0.368,0.87682142,100,5,0.0
MD-SF,100,2,0.0,0.0,uniform,CHI_1.0e-5,1,2000,0.5,598,616,0.384,1.158552874,100,0,0.0
MD-SF,100,2,0.0,0.0,uniform,CHI_1.0e-5_LS,1,2000,0.5,491,543,0.457,1.158993851,100,8,0.0
MD-SF,100,2,0.2,0.0,uniform,CHI_1.0e-5,1,200,0.5,42,63,0.37,1.209156448,100,0,0.0
MD-SF,100,2,0.2,0.0,uniform,CHI_1.0e-5_LS,1,200,0.5,30,66,0.34,1.209286471,100,2,0.0
MD-SF,100,2,0.2,0.0,uniform,CHI_1.0e-5,1,1000,0.5,284,289,0.422,1.063493735,100,0,0.0
MD-SF,100,2,0.2,0.0,uniform,CHI_1.0e-5_LS,1,1000,0.5,238,286,0.428,1.063757018,100,5,0.0
MD-SF,100,2,0.2,0.0,uniform,CHI_1.0e-5,1,2000,0.5,573,612,0.388,1.114447987,100,0,0.0
MD-SF,100,2,0.2,0.0,uniform,CHI_1.0e-5_LS,1,2000,0.5,506,581,0.419,1.1148029529999999,100,3,0.0
MD-SF,100,4,0.0,0.0,uniform,CHI_1.0e-5,1,200,0.5,100,125,0.11,1.236291833,100,0,0.0
MD-SF,100,4,0.0,0.0,uniform,CHI_1.0e-5_LS,1,200,0.5,68,109,0.18,1.236582599,100,10,0.0
MD-SF,100,4,0.0,0.0,uniform,CHI_1.0e-5,1,1000,0.5,563,554,0.192,1.230569122,100,0,0.0
MD-SF,100,4,0.0,0.0,uniform,CHI_1.0e-5_LS,1,1000,0.5,450,522,0.214,1.2310714339999997,100,6,0.0
MD-SF,100,4,0.0,0.0,uniform,CHI_1.0e-5,1,2000,0.5,987,1025,0.225,1.489193093,100,0,0.0
MD-SF,100,4,0.0,0.0,uniform,CHI_1.0e-5_LS,1,2000,0.5,855,981,0.262,1.4899583269999999,100,8,0.0
MD-SF,100,4,0.2,0.0,uniform,CHI_1.0e-5,1,200,0.5,103,117,0.12,1.892335431,100,0,0.0
MD-SF,100,4,0.2,0.0,uniform,CHI_1.0e-5_LS,1,200,0.5,72,130,0.11,1.892641115,100,4,0.0
MD-SF,100,4,0.2,0.0,uniform,CHI_1.0e-5,1,1000,0.5,537,578,0.172,1.251879132,100,0,0.0
MD-SF,100,4,0.2,0.0,uniform,CHI_1.0e-5_LS,1,1000,0.5,431,536,0.23,1.252359753,100,6,0.0
MD-SF,100,4,0.2,0.0,uniform,CHI_1.0e-5,1,2000,0.5,913,1045,0.227,1.591196313,100,0,0.0
MD-SF,100,4,0.2,0.0,uniform,CHI_1.0e-5_LS,1,2000,0.5,837,1009,0.251,1.5918230889999998,100,5,0.0
MD-SF,100,6,0.0,0.0,uniform,CHI_1.0e-5,1,200,0.5,121,143,0.09,1.456373528,100,0,0.0
MD-SF,100,6,0.0,0.0,uniform,CHI_1.0e-5_LS,1,200,0.5,89,138,0.08,1.4566133280000002,100,3,0.0
MD-SF,100,6,0.0,0.0,uniform,CHI_1.0e-5,1,1000,0.5,640,681,0.122,1.352322437,100,0,0.0
MD-SF,100,6,0.0,0.0,uniform,CHI_1.0e-5_LS,1,1000,0.5,541,636,0.148,1.352902946,100,5,0.0
MD-SF,100,6,0.0,0.0,uniform,CHI_1.0e-5,1,2000,0.5,1126,1207,0.184,1.605038902,100,0,0.0
MD-SF,100,6,0.0,0.0,uniform,CHI_1.0e-5_LS,1,2000,0.5,957,1142,0.24,1.605910406,100,10,0.0
MD-SF,100,6,0.2,0.0,uniform,CHI_1.0e-5,1,200,0.5,111,137,0.1,1.463399695,100,0,0.0
MD-SF,100,6,0.2,0.0,uniform,CHI_1.0e-5_LS,1,200,0.5,79,134,0.11,1.4636568879999998,100,5,0.0
MD-SF,100,6,0.2,0.0,uniform,CHI_1.0e-5,1,1000,0.5,579,642,0.15,1.429661767,100,0,0.0
MD-SF,100,6,0.2,0.0,uniform,CHI_1.0e-5_LS,1,1000,0.5,502,583,0.21,1.430211318,100,6,0.0
MD-SF,100,6,0.2,0.0,uniform,CHI_1.0e-5,1,2000,0.5,1222,1336,0.136,1.638618191,100,0,0.0
MD-SF,100,6,0.2,0.0,uniform,CHI_1.0e-5_LS,1,2000,0.5,1053,1248,0.163,1.6395411420000001,100,9,0.0
MD-SF,100,8,0.0,0.0,uniform,CHI_1.0e-5,1,200,0.5,136,149,0.06,1.624854831,100,0,0.0
MD-SF,100,8,0.0,0.0,uniform,CHI_1.0e-5_LS,1,200,0.5,99,137,0.11,1.625205869,100,5,0.0
MD-SF,100,8,0.0,0.0,uniform,CHI_1.0e-5,1,1000,0.5,662,670,0.138,1.720651353,100,0,0.0
MD-SF,100,8,0.0,0.0,uniform,CHI_1.0e-5_LS,1,1000,0.5,628,698,0.112,1.7211996809999999,100,3,0.0
MD-SF,100,8,0.0,0.0,uniform,CHI_1.0e-5,1,2000,0.5,1343,1358,0.14,1.650611662,100,0,0.0
MD-SF,100,8,0.0,0.0,uniform,CHI_1.0e-5_LS,1,2000,0.5,1262,1377,0.143,1.651278483,100,3,0.0
MD-SF,100,8,0.2,0.0,uniform,CHI_1.0e-5,1,200,0.5,129,169,0.05,1.360862182,100,0,0.0
MD-SF,100,8,0.2,0.0,uniform,CHI_1.0e-5_LS,1,200,0.5,83,164,0.11,1.361187632,100,7,0.0
MD-SF,100,8,0.2,0.0,uniform,CHI_1.0e-5,1,1000,0.5,695,740,0.106,1.48746937,100,0,0.0
MD-SF,100,8,0.2,0.0,uniform,CHI_1.0e-5_LS,1,1000,0.5,601,722,0.112,1.488063855,100,4,0.0
MD-SF,100,8,0.2,0.0,uniform,CHI_1.0e-5,1,2000,0.5,1325,1343,0.157,1.644984669,100,0,0.0
MD-SF,100,8,0.2,0.0,uniform,CHI_1.0e-5_LS,1,2000,0.5,1250,1354,0.153,1.645728214,100,5,0.0
MD-SF,100,10,0.0,0.0,uniform,CHI_1.0e-5,1,200,0.5,117,170,0.02,1.54354695,100,0,0.0
MD-SF,100,10,0.0,0.0,uniform,CHI_1.0e-5_LS,1,200,0.5,95,159,0.03,1.543818018,100,3,0.0
MD-SF,100,10,0.0,0.0,uniform,CHI_1.0e-5,1,1000,0.5,690,732,0.082,1.451571123,100,0,0.0
MD-SF,100,10,0.0,0.0,uniform,CHI_1.0e-5_LS,1,1000,0.5,624,727,0.1,1.4520176009999999,100,3,0.0
MD-SF,100,10,0.0,0.0,uniform,CHI_1.0e-5,1,2000,0.5,1420,1462,0.101,1.418887674,100,0,0.0
MD-SF,100,10,0.0,0.0,uniform,CHI_1.0e-5_LS,1,2000,0.5,1382,1455,0.103,1.4196357160000002,100,2,0.0
MD-SF,100,10,0.2,0.0,uniform,CHI_1.0e-5,1,200,0.5,135,149,0.08,1.300949642,100,0,0.0
MD-SF,100,10,0.2,0.0,uniform,CHI_1.0e-5_LS,1,200,0.5,97,143,0.1,1.3016965029999998,100,6,0.0
MD-SF,100,10,0.2,0.0,uniform,CHI_1.0e-5,1,1000,0.5,729,754,0.106,1.803511665,100,0,0.0
MD-SF,100,10,0.2,0.0,uniform,CHI_1.0e-5_LS,1,1000,0.5,596,701,0.136,1.804353684,100,10,0.0
MD-SF,100,10,0.2,0.0,uniform,CHI_1.0e-5,1,2000,0.5,1341,1375,0.143,1.235623149,100,0,0.0
MD-SF,100,10,0.2,0.0,uniform,CHI_1.0e-5_LS,1,2000,0.5,1227,1313,0.169,1.236371012,100,7,0.0
MD-SF,100,2,0.0,0.2,uniform,CHI_1.0e-5,1,200,0.5,42,48,0.53,1.508649649,120,0,0.0
MD-SF,100,2,0.0,0.2,uniform,CHI_1.0e-5_LS,1,200,0.5,15,42,0.59,1.5089646490000002,120,5,0.0
MD-SF,100,2,0.0,0.2,uniform,CHI_1.0e-5,1,1000,0.5,233,200,0.642,1.333980252,120,0,0.0
MD-SF,100,2,0.0,0.2,uniform,CHI_1.0e-5_LS,1,1000,0.5,169,206,0.63,1.3344925719999998,120,4,0.0
MD-SF,100,2,0.0,0.2,uniform,CHI_1.0e-5,1,2000,0.5,421,462,0.56,1.196433058,120,0,0.0
MD-SF,100,2,0.0,0.2,uniform,CHI_1.0e-5_LS,1,2000,0.5,326,471,0.551,1.197465935,120,5,0.0
MD-SF,100,2,0.2,0.2,uniform,CHI_1.0e-5,1,200,0.5,13,48,0.56,1.293801707,120,0,0.0
MD-SF,100,2,0.2,0.2,uniform,CHI_1.0e-5_LS,1,200,0.5,6,46,0.58,1.293956887,120,3,0.0
MD-SF,100,2,0.2,0.2,uniform,CHI_1.0e-5,1,1000,0.5,186,217,0.602,1.305890216,120,0,0.0
MD-SF,100,2,0.2,0.2,uniform,CHI_1.0e-5_LS,1,1000,0.5,151,210,0.616,1.306368032,120,4,0.0
MD-SF,100,2,0.2,0.2,uniform,CHI_1.0e-5,1,2000,0.5,356,438,0.587,1.147348833,120,0,0.0
MD-SF,100,2,0.2,0.2,uniform,CHI_1.0e-5_LS,1,2000,0.5,295,383,0.642,1.148097497,120,5,0.0
MD-SF,100,4,0.0,0.2,uniform,CHI_1.0e-5,1,200,0.5,83,98,0.32,1.253386048,120,0,0.0
MD-SF,100,4,0.0,0.2,uniform,CHI_1.0e-5_LS,1,200,0.5,39,91,0.36,1.253768104,120,7,0.0
MD-SF,100,4,0.0,0.2,uniform,CHI_1.0e-5,1,1000,0.5,456,512,0.246,1.249081917,120,0,0.0
MD-SF,100,4,0.0,0.2,uniform,CHI_1.0e-5_LS,1,1000,0.5,396,489,0.28,1.249738728,120,3,0.0
MD-SF,100,4,0.0,0.2,uniform,CHI_1.0e-5,1,2000,0.5,883,905,0.326,1.118390128,120,0,0.0
MD-SF,100,4,0.0,0.2,uniform,CHI_1.0e-5_LS,1,2000,0.5,804,918,0.318,1.11945805,120,4,0.0
MD-SF,100,4,0.2,0.2,uniform,CHI_1.0e-5,1,200,0.5,78,95,0.22,1.10568289,120,0,0.0
MD-SF,100,4,0.2,0.2,uniform,CHI_1.0e-5_LS,1,200,0.5,46,97,0.18,1.105999824,120,3,0.0
MD-SF,100,4,0.2,0.2,uniform,CHI_1.0e-5,1,1000,0.5,459,535,0.254,1.48806601,120,0,0.0
MD-SF,100,4,0.2,0.2,uniform,CHI_1.0e-5_LS,1,1000,0.5,354,469,0.316,1.489048432,120,8,0.0
MD-SF,100,4,0.2,0.2,uniform,CHI_1.0e-5,1,2000,0.5,900,930,0.303,1.460451406,120,0,0.0
MD-SF,100,4,0.2,0.2,uniform,CHI_1.0e-5_LS,1,2000,0.5,775,930,0.286,1.461897569,120,5,0.0
MD-SF,100,6,0.0,0.2,uniform,CHI_1.0e-5,1,200,0.5,88,134,0.11,0.97554515,120,0,0.0
MD-SF,100,6,0.0,0.2,uniform,CHI_1.0e-5_LS,1,200,0.5,53,125,0.15,0.975899384,120,6,0.0
MD-SF,100,6,0.0,0.2,uniform,CHI_1.0e-5,1,1000,0.5,578,633,0.184,1.155722136,120,0,0.0
MD-SF,100,6,0.0,0.2,uniform,CHI_1.0e-5_LS,1,1000,0.5,477,579,0.19,1.156604681,120,5,0.0
MD-SF,100,6,0.0,0.2,uniform,CHI_1.0e-5,1,2000,0.5,1188,1195,0.197,1.117008769,120,0,0.0
MD-SF,100,6,0.0,0.2,uniform,CHI_1.0e-5_LS,1,2000,0.5,1090,1193,0.202,1.118607177,120,4,0.0
MD-SF,100,6,0.2,0.2,uniform,CHI_1.0e-5,1,200,0.5,97,138,0.11,1.339954044,120,0,0.0
MD-SF,100,6,0.2,0.2,uniform,CHI_1.0e-5_LS,1,200,0.5,68,126,0.16,1.340326773,120,5,0.0
MD-SF,100,6,0.2,0.2,uniform,CHI_1.0e-5,1,1000,0.5,568,619,0.216,1.214098906,120,0,0.0
MD-SF,100,6,0.2,0.2,uniform,CHI_1.0e-5_LS,1,1000,0.5,501,609,0.22,1.215163803,120,6,0.0
MD-SF,100,6,0.2,0.2,uniform,CHI_1.0e-5,1,2000,0.5,1137,1202,0.19,1.212535784,120,0,0.0
MD-SF,100,6,0.2,0.2,uniform,CHI_1.0e-5_LS,1,2000,0.5,1049,1124,0.243,1.214055794,120,5,0.0
MD-SF,100,8,0.0,0.2,uniform,CHI_1.0e-5,1,200,0.5,126,136,0.1,1.216773421,120,0,0.0
MD-SF,100,8,0.0,0.2,uniform,CHI_1.0e-5_LS,1,200,0.5,84,135,0.1,1.217196814,120,6,0.0
MD-SF,100,8,0.0,0.2,uniform,CHI_1.0e-5,1,1000,0.5,622,723,0.1,0.984070378,120,0,0.0
MD-SF,100,8,0.0,0.2,uniform,CHI_1.0e-5_LS,1,1000,0.5,495,643,0.164,0.985837962,120,10,0.0
MD-SF,100,8,0.0,0.2,uniform,CHI_1.0e-5,1,2000,0.5,1265,1320,0.187,1.112065108,120,0,0.0
MD-SF,100,8,0.0,0.2,uniform,CHI_1.0e-5_LS,1,2000,0.5,1147,1344,0.179,1.1145391969999998,120,6,0.0
MD-SF,100,8,0.2,0.2,uniform,CHI_1.0e-5,1,200,0.5,118,146,0.08,1.138496112,120,0,0.0
MD-SF,100,8,0.2,0.2,uniform,CHI_1.0e-5_LS,1,200,0.5,70,137,0.13,1.139095756,120,8,0.0
MD-SF,100,8,0.2,0.2,uniform,CHI_1.0e-5,1,1000,0.5,695,701,0.118,0.727904415,120,0,0.0
MD-SF,100,8,0.2,0.2,uniform,CHI_1.0e-5_LS,1,1000,0.5,553,636,0.186,0.7300124179999999,120,10,0.0
MD-SF,100,8,0.2,0.2,uniform,CHI_1.0e-5,1,2000,0.5,1228,1284,0.16,1.123336855,120,0,0.0
MD-SF,100,8,0.2,0.2,uniform,CHI_1.0e-5_LS,1,2000,0.5,1217,1300,0.173,1.124693689,120,2,0.0
MD-SF,100,10,0.0,0.2,uniform,CHI_1.0e-5,1,200,0.5,145,184,0.05,1.30183396,120,0,0.0
MD-SF,100,10,0.0,0.2,uniform,CHI_1.0e-5_LS,1,200,0.5,104,174,0.08,1.302515568,120,4,0.0
MD-SF,100,10,0.0,0.2,uniform,CHI_1.0e-5,1,1000,0.5,751,731,0.118,0.921257969,120,0,0.0
MD-SF,100,10,0.0,0.2,uniform,CHI_1.0e-5_LS,1,1000,0.5,627,692,0.126,0.926531879,120,8,0.0
MD-SF,100,10,0.0,0.2,uniform,CHI_1.0e-5,1,2000,0.5,1330,1346,0.16,1.106638632,120,0,0.0
MD-SF,100,10,0.0,0.2,uniform,CHI_1.0e-5_LS,1,2000,0.5,1271,1329,0.16,1.1140899149999999,120,5,0.0
MD-SF,100,10,0.2,0.2,uniform,CHI_1.0e-5,1,200,0.5,130,168,0.08,1.022948643,120,0,0.0
MD-SF,100,10,0.2,0.2,uniform,CHI_1.0e-5_LS,1,200,0.5,84,170,0.05,1.023587892,120,7,0.0
MD-SF,100,10,0.2,0.2,uniform,CHI_1.0e-5,1,1000,0.5,670,728,0.126,1.176690656,120,0,0.0
MD-SF,100,10,0.2,0.2,uniform,CHI_1.0e-5_LS,1,1000,0.5,566,679,0.158,1.180804622,120,8,0.0
MD-SF,100,10,0.2,0.2,uniform,CHI_1.0e-5,1,2000,0.5,1389,1396,0.137,1.027605516,120,0,0.0
MD-SF,100,10,0.2,0.2,uniform,CHI_1.0e-5_LS,1,2000,0.5,1241,1324,0.169,1.0369514720000002,120,8,0.0
MD-SF,100,2,0.0,0.2,frequency,CHI_1.0e-5,1,200,0.5,51,53,0.51,5.709014688,123,0,0.0
MD-SF,100,2,0.0,0.2,frequency,CHI_1.0e-5,1,1000,0.5,262,247,0.522,1.109155202,122,0,0.0
MD-SF,100,2,0.0,0.2,frequency,CHI_1.0e-5,1,2000,0.5,467,449,0.577,1.033986582,121,0,0.0
MD-SF,100,2,0.2,0.2,frequency,CHI_1.0e-5,1,200,0.5,41,51,0.51,1.137807982,121,0,0.0
MD-SF,100,2,0.2,0.2,frequency,CHI_1.0e-5,1,1000,0.5,239,214,0.596,0.989092936,120,0,0.0
MD-SF,100,2,0.2,0.2,frequency,CHI_1.0e-5,1,2000,0.5,409,408,0.616,1.258107813,122,0,0.0
MD-SF,100,4,0.0,0.2,frequency,CHI_1.0e-5,1,200,0.5,102,107,0.17,1.252691015,114,0,0.0
MD-SF,100,4,0.0,0.2,frequency,CHI_1.0e-5,1,1000,0.5,480,505,0.262,0.990426246,123,0,0.0
MD-SF,100,4,0.0,0.2,frequency,CHI_1.0e-5,1,2000,0.5,936,930,0.285,1.519638245,124,0,0.0
MD-SF,100,4,0.2,0.2,frequency,CHI_1.0e-5,1,200,0.5,88,98,0.27,1.470876525,125,0,0.0
MD-SF,100,4,0.2,0.2,frequency,CHI_1.0e-5,1,1000,0.5,484,516,0.24,1.22930459,119,0,0.0
MD-SF,100,4,0.2,0.2,frequency,CHI_1.0e-5,1,2000,0.5,992,1038,0.237,1.39769947,121,0,0.0
MD-SF,100,6,0.0,0.2,frequency,CHI_1.0e-5,1,200,0.5,106,137,0.08,1.431607998,122,0,0.0
MD-SF,100,6,0.0,0.2,frequency,CHI_1.0e-5,1,1000,0.5,602,636,0.164,1.815442789,127,0,0.0
MD-SF,100,6,0.0,0.2,frequency,CHI_1.0e-5,1,2000,0.5,1227,1209,0.18,1.423949987,124,0,0.0
MD-SF,100,6,0.2,0.2,frequency,CHI_1.0e-5,1,200,0.5,125,129,0.11,1.312032986,133,0,0.0
MD-SF,100,6,0.2,0.2,frequency,CHI_1.0e-5,1,1000,0.5,576,628,0.17,1.718734398,122,0,0.0
MD-SF,100,6,0.2,0.2,frequency,CHI_1.0e-5,1,2000,0.5,1215,1192,0.186,1.142481817,120,0,0.0
MD-SF,100,8,0.0,0.2,frequency,CHI_1.0e-5,1,200,0.5,138,143,0.09,1.666541684,127,0,0.0
MD-SF,100,8,0.0,0.2,frequency,CHI_1.0e-5,1,1000,0.5,629,687,0.128,1.498659735,122,0,0.0
MD-SF,100,8,0.0,0.2,frequency,CHI_1.0e-5,1,2000,0.5,1260,1338,0.155,1.468007946,122,0,0.0
MD-SF,100,8,0.2,0.2,frequency,CHI_1.0e-5,1,200,0.5,136,148,0.09,1.626326992,133,0,0.0
MD-SF,100,8,0.2,0.2,frequency,CHI_1.0e-5,1,1000,0.5,716,678,0.132,1.510971142,132,0,0.0
MD-SF,100,8,0.2,0.2,frequency,CHI_1.0e-5,1,2000,0.5,1264,1304,0.141,1.734747877,128,0,0.0
MD-SF,100,10,0.0,0.2,frequency,CHI_1.0e-5,1,200,0.5,148,170,0.06,1.477377937,135,0,0.0
MD-SF,100,10,0.0,0.2,frequency,CHI_1.0e-5,1,1000,0.5,723,744,0.094,1.502822692,124,0,0.0
MD-SF,100,10,0.0,0.2,frequency,CHI_1.0e-5,1,2000,0.5,1325,1283,0.173,1.819918953,130,0,0.0
MD-SF,100,10,0.2,0.2,frequency,CHI_1.0e-5,1,200,0.5,149,169,0.06,1.537585832,130,0,0.0
MD-SF,100,10,0.2,0.2,frequency,CHI_1.0e-5,1,1000,0.5,658,695,0.126,1.318603487,125,0,0.0
MD-SF,100,10,0.2,0.2,frequency,CHI_1.0e-5,1,2000,0.5,1399,1413,0.128,1.642104138,124,0,0.0
MD-SF,100,2,0.0,0.2,random,CHI_1.0e-5,1,200,0.5,28,34,0.75,5.68980243,136,0,0.0
MD-SF,100,2,0.0,0.2,random,CHI_1.0e-5,1,1000,0.5,172,154,0.784,0.813215624,138,0,0.0
MD-SF,100,2,0.0,0.2,random,CHI_1.0e-5,1,2000,0.5,318,338,0.752,0.988762085,140,0,0.0
MD-SF,100,2,0.2,0.2,random,CHI_1.0e-5,1,200,0.5,9,38,0.71,1.038645298,132,0,0.0
MD-SF,100,2,0.2,0.2,random,CHI_1.0e-5,1,1000,0.5,122,139,0.802,0.956416931,136,0,0.0
MD-SF,100,2,0.2,0.2,random,CHI_1.0e-5,1,2000,0.5,217,248,0.882,0.890364937,143,0,0.0
MD-SF,100,4,0.0,0.2,random,CHI_1.0e-5,1,200,0.5,64,83,0.39,0.882514856,158,0,0.0
MD-SF,100,4,0.0,0.2,random,CHI_1.0e-5,1,1000,0.5,371,440,0.394,0.958610414,159,0,0.0
MD-SF,100,4,0.0,0.2,random,CHI_1.0e-5,1,2000,0.5,801,802,0.443,1.039548712,154,0,0.0
MD-SF,100,4,0.2,0.2,random,CHI_1.0e-5,1,200,0.5,59,80,0.4,0.950398073,148,0,0.0
MD-SF,100,4,0.2,0.2,random,CHI_1.0e-5,1,1000,0.5,355,393,0.412,1.029375475,162,0,0.0
MD-SF,100,4,0.2,0.2,random,CHI_1.0e-5,1,2000,0.5,741,793,0.398,1.220356701,162,0,0.0
MD-SF,100,6,0.0,0.2,random,CHI_1.0e-5,1,200,0.5,75,116,0.27,1.280464447,169,0,0.0
MD-SF,100,6,0.0,0.2,random,CHI_1.0e-5,1,1000,0.5,458,495,0.338,1.118285503,183,0,0.0
MD-SF,100,6,0.0,0.2,random,CHI_1.0e-5,1,2000,0.5,966,1043,0.316,1.423180403,174,0,0.0
MD-SF,100,6,0.2,0.2,random,CHI_1.0e-5,1,200,0.5,84,113,0.29,1.298781426,169,0,0.0
MD-SF,100,6,0.2,0.2,random,CHI_1.0e-5,1,1000,0.5,454,542,0.326,1.402217453,180,0,0.0
MD-SF,100,6,0.2,0.2,random,CHI_1.0e-5,1,2000,0.5,975,986,0.347,1.499684658,173,0,0.0
MD-SF,100,8,0.0,0.2,random,CHI_1.0e-5,1,200,0.5,115,132,0.16,1.305980115,160,0,0.0
MD-SF,100,8,0.0,0.2,random,CHI_1.0e-5,1,1000,0.5,530,582,0.306,1.574655525,195,0,0.0
MD-SF,100,8,0.0,0.2,random,CHI_1.0e-5,1,2000,0.5,1054,1138,0.295,2.207071757,195,0,0.0
MD-SF,100,8,0.2,0.2,random,CHI_1.0e-5,1,200,0.5,110,138,0.21,1.416884437,164,0,0.0
MD-SF,100,8,0.2,0.2,random,CHI_1.0e-5,1,1000,0.5,585,571,0.268,1.697998453,188,0,0.0
MD-SF,100,8,0.2,0.2,random,CHI_1.0e-5,1,2000,0.5,1118,1157,0.236,1.817937548,183,0,0.0
MD-SF,100,10,0.0,0.2,random,CHI_1.0e-5,1,200,0.5,122,162,0.06,1.547956168,179,0,0.0
MD-SF,100,10,0.0,0.2,random,CHI_1.0e-5,1,1000,0.5,644,634,0.268,1.799660934,200,0,0.0
MD-SF,100,10,0.0,0.2,random,CHI_1.0e-5,1,2000,0.5,1178,1148,0.303,1.500319418,192,0,0.0
MD-SF,100,10,0.2,0.2,random,CHI_1.0e-5,1,200,0.5,110,144,0.32,1.591426436,185,0,0.0
MD-SF,100,10,0.2,0.2,random,CHI_1.0e-5,1,1000,0.5,557,617,0.22,1.586421589,187,0,0.0
MD-SF,100,10,0.2,0.2,random,CHI_1.0e-5,1,2000,0.5,1275,1262,0.203,1.676342383,182,0,0.0
ID-SF,100,2,0.0,0.0,uniform,CHI_1.0e-5,1,200,0.5,56,73,0.27,5.737275122,100,0,0.0
ID-SF,100,2,0.0,0.0,uniform,CHI_1.0e-5_LS,1,200,0.5,36,70,0.3,5.9586868719999995,100,4,0.0
ID-SF,100,2,0.0,0.0,uniform,CHI_1.0e-5,1,1000,0.5,329,344,0.312,0.936749068,100,0,0.0
ID-SF,100,2,0.0,0.0,uniform,CHI_1.0e-5_LS,1,1000,0.5,300,343,0.314,0.9369494540000001,100,2,0.0
ID-SF,100,2,0.0,0.0,uniform,CHI_1.0e-5,1,2000,0.5,695,702,0.298,0.946538456,100,0,0.0
ID-SF,100,2,0.0,0.0,uniform,CHI_1.0e-5_LS,1,2000,0.5,611,668,0.332,0.946911065,100,4,0.0
ID-SF,100,2,0.2,0.0,uniform,CHI_1.0e-5,1,200,0.5,43,73,0.27,1.282815646,100,0,0.0
ID-SF,100,2,0.2,0.0,uniform,CHI_1.0e-5_LS,1,200,0.5,37,72,0.28,1.282948816,100,2,0.0
ID-SF,100,2,0.2,0.0,uniform,CHI_1.0e-5,1,1000,0.5,288,334,0.332,1.297370881,100,0,0.0
ID-SF,100,2,0.2,0.0,uniform,CHI_1.0e-5_LS,1,1000,0.5,260,330,0.34,1.2976626379999998,100,3,0.0
ID-SF,100,2,0.2,0.0,uniform,CHI_1.0e-5,1,2000,0.5,630,658,0.342,0.980175523,100,0,0.0
ID-SF,100,2,0.2,0.0,uniform,CHI_1.0e-5_LS,1,2000,0.5,565,645,0.355,0.980550595,100,4,0.0
ID-SF,100,4,0.0,0.0,uniform,CHI_1.0e-5,1,200,0.5,100,130,0.09,1.316443076,100,0,0.0
ID-SF,100,4,0.0,0.0,uniform,CHI_1.0e-5_LS,1,200,0.5,72,122,0.14,1.3166793290000003,100,5,0.0
ID-SF,100,4,0.0,0.0,uniform,CHI_1.0e-5,1,1000,0.5,581,616,0.11,1.398157861,100,0,0.0
ID-SF,100,4,0.0,0.0,uniform,CHI_1.0e-5_LS,1,1000,0.5,484,601,0.146,1.398714545,100,8,0.0
ID-SF,100,4,0.0,0.0,uniform,CHI_1.0e-5,1,2000,0.5,1249,1233,0.14,1.682484882,100,0,0.0
ID-SF,100,4,0.0,0.0,uniform,CHI_1.0e-5_LS,1,2000,0.5,1094,1232,0.128,1.683490969,100,9,0.0
ID-SF,100,4,0.2,0.0,uniform,CHI_1.0e-5,1,200,0.5,93,115,0.14,1.740542704,100,0,0.0
ID-SF,100,4,0.2,0.0,uniform,CHI_1.0e-5_LS,1,200,0.5,62,123,0.11,1.74081785,100,5,0.0
ID-SF,100,4,0.2,0.0,uniform,CHI_1.0e-5,1,1000,0.5,603,595,0.128,1.152320627,100,0,0.0
ID-SF,100,4,0.2,0.0,uniform,CHI_1.0e-5_LS,1,1000,0.5,501,576,0.16,1.152770351,100,5,0.0
ID-SF,100,4,0.2,0.0,uniform,CHI_1.0e-5,1,2000,0.5,1168,1179,0.143,1.4369691,100,0,0.0
ID-SF,100,4,0.2,0.0,uniform,CHI_1.0e-5_LS,1,2000,0.5,1026,1193,0.148,1.437620742,100,7,0.0
ID-SF,100,6,0.0,0.0,uniform,CHI_1.0e-5,1,200,0.5,109,144,0.07,1.709430541,100,0,0.0
ID-SF,100,6,0.0,0.0,uniform,CHI_1.0e-5_LS,1,200,0.5,60,145,0.04,1.709725443,100,7,0.0
ID-SF,100,6,0.0,0.0,uniform,CHI_1.0e-5,1,1000,0.5,714,740,0.072,1.18129989,100,0,0.0
ID-SF,100,6,0.0,0.0,uniform,CHI_1.0e-5_LS,1,1000,0.5,577,723,0.068,1.181850604,100,7,0.0
ID-SF,100,6,0.0,0.0,uniform,CHI_1.0e-5,1,2000,0.5,1500,1477,0.072,1.533663125,100,0,0.0
ID-SF,100,6,0.0,0.0,uniform,CHI_1.0e-5_LS,1,2000,0.5,1342,1489,0.088,1.5344184019999998,100,6,0.0
ID-SF,100,6,0.2,0.0,uniform,CHI_1.0e-5,1,200,0.5,122,158,0.06,1.401820208,100,0,0.0
ID-SF,100,6,0.2,0.0,uniform,CHI_1.0e-5_LS,1,200,0.5,92,150,0.05,1.4020594259999999,100,4,0.0
ID-SF,100,6,0.2,0.0,uniform,CHI_1.0e-5,1,1000,0.5,710,734,0.062,1.719752477,100,0,0.0
ID-SF,100,6,0.2,0.0,uniform,CHI_1.0e-5_LS,1,1000,0.5,613,705,0.1,1.720379773,100,7,0.0
ID-SF,100,6,0.2,0.0,uniform,CHI_1.0e-5,1,2000,0.5,1377,1445,0.08,2.093787753,100,0,0.0
ID-SF,100,6,0.2,0.0,uniform,CHI_1.0e-5_LS,1,2000,0.5,1271,1447,0.075,2.094637576,100,5,0.0
ID-SF,100,8,0.0,0.0,uniform,CHI_1.0e-5,1,200,0.5,130,154,0.05,1.719433349,100,0,0.0
ID-SF,100,8,0.0,0.0,uniform,CHI_1.0e-5_LS,1,200,0.5,95,147,0.06,1.71967357,100,4,0.0
ID-SF,100,8,0.0,0.0,uniform,CHI_1.0e-5,1,1000,0.5,739,802,0.048,1.387686424,100,0,0.0
ID-SF,100,8,0.0,0.0,uniform,CHI_1.0e-5_LS,1,1000,0.5,658,804,0.058,1.388248769,100,4,0.0
ID-SF,100,8,0.0,0.0,uniform,CHI_1.0e-5,1,2000,0.5,1537,1589,0.065,1.739154841,100,0,0.0
ID-SF,100,8,0.0,0.0,uniform,CHI_1.0e-5_LS,1,2000,0.5,1415,1587,0.05,1.739829036,100,5,0.0
ID-SF,100,8,0.2,0.0,uniform,CHI_1.0e-5,1,200,0.5,133,156,0.08,1.547182877,100,0,0.0
ID-SF,100,8,0.2,0.0,uniform,CHI_1.0e-5_LS,1,200,0.5,100,150,0.09,1.5474732820000001,100,4,0.0
ID-SF,100,8,0.2,0.0,uniform,CHI_1.0e-5,1,1000,0.5,799,819,0.056,1.705291659,100,0,0.0
ID-SF,100,8,0.2,0.0,uniform,CHI_1.0e-5_LS,1,1000,0.5,699,813,0.082,1.705943821,100,6,0.0
ID-SF,100,8,0.2,0.0,uniform,CHI_1.0e-5,1,2000,0.5,1576,1602,0.054,1.46727977,100,0,0.0
ID-SF,100,8,0.2,0.0,uniform,CHI_1.0e-5_LS,1,2000,0.5,1455,1612,0.052,1.468093265,100,4,0.0
ID-SF,100,10,0.0,0.0,uniform,CHI_1.0e-5,1,200,0.5,161,154,0.02,1.361407465,100,0,0.0
ID-SF,100,10,0.0,0.0,uniform,CHI_1.0e-5_LS,1,200,0.5,115,156,0.02,1.361833033,100,6,0.0
ID-SF,100,10,0.0,0.0,uniform,CHI_1.0e-5,1,1000,0.5,817,865,0.05,1.230718441,100,0,0.0
ID-SF,100,10,0.0,0.0,uniform,CHI_1.0e-5_LS,1,1000,0.5,720,854,0.03,1.231318736,100,6,0.0
ID-SF,100,10,0.0,0.0,uniform,CHI_1.0e-5,1,2000,0.5,1632,1697,0.041,1.614819363,100,0,0.0
ID-SF,100,10,0.0,0.0,uniform,CHI_1.0e-5_LS,1,2000,0.5,1569,1675,0.043,1.6154589320000001,100,3,0.0
ID-SF,100,10,0.2,0.0,uniform,CHI_1.0e-5,1,200,0.5,117,165,0.02,1.244538117,100,0,0.0
ID-SF,100,10,0.2,0.0,uniform,CHI_1.0e-5_LS,1,200,0.5,87,167,0.02,1.244834363,100,5,0.0
ID-SF,100,10,0.2,0.0,uniform,CHI_1.0e-5,1,1000,0.5,808,810,0.042,1.787161004,100,0,0.0
ID-SF,100,10,0.2,0.0,uniform,CHI_1.0e-5_LS,1,1000,0.5,698,807,0.052,1.788071922,100,8,0.0
ID-SF,100,10,0.2,0.0,uniform,CHI_1.0e-5,1,2000,0.5,1666,1716,0.04,1.358481878,100,0,0.0
ID-SF,100,10,0.2,0.0,uniform,CHI_1.0e-5_LS,1,2000,0.5,1528,1692,0.045,1.359236383,100,6,0.0
ID-SF,100,2,0.0,0.2,uniform,CHI_1.0e-5,1,200,0.5,38,50,0.53,1.428007155,120,0,0.0
ID-SF,100,2,0.0,0.2,uniform,CHI_1.0e-5_LS,1,200,0.5,21,48,0.55,1.43324135,120,4,0.0
ID-SF,100,2,0.0,0.2,uniform,CHI_1.0e-5,1,1000,0.5,237,246,0.524,1.407431651,120,0,0.0
ID-SF,100,2,0.0,0.2,uniform,CHI_1.0e-5_LS,1,1000,0.5,201,275,0.466,1.407931718,120,3,0.0
ID-SF,100,2,0.0,0.2,uniform,CHI_1.0e-5,1,2000,0.5,481,507,0.505,1.238742809,120,0,0.0
ID-SF,100,2,0.0,0.2,uniform,CHI_1.0e-5_LS,1,2000,0.5,424,522,0.49,1.239586441,120,3,0.0
ID-SF,100,2,0.2,0.2,uniform,CHI_1.0e-5,1,200,0.5,11,52,0.51,1.254525486,120,0,0.0
ID-SF,100,2,0.2,0.2,uniform,CHI_1.0e-5_LS,1,200,0.5,9,53,0.5,1.254659848,120,2,0.0
ID-SF,100,2,0.2,0.2,uniform,CHI_1.0e-5,1,1000,0.5,190,253,0.514,1.24094614,120,0,0.0
ID-SF,100,2,0.2,0.2,uniform,CHI_1.0e-5_LS,1,1000,0.5,167,262,0.496,1.241443623,120,3,0.0
ID-SF,100,2,0.2,0.2,uniform,CHI_1.0e-5,1,2000,0.5,405,472,0.546,1.342903916,120,0,0.0
ID-SF,100,2,0.2,0.2,uniform,CHI_1.0e-5_LS,1,2000,0.5,360,492,0.526,1.343618146,120,5,0.0
ID-SF,100,4,0.0,0.2,uniform,CHI_1.0e-5,1,200,0.5,83,109,0.18,1.393350034,120,0,0.0
ID-SF,100,4,0.0,0.2,uniform,CHI_1.0e-5_LS,1,200,0.5,46,114,0.11,1.393741348,120,4,0.0
ID-SF,100,4,0.0,0.2,uniform,CHI_1.0e-5,1,1000,0.5,528,569,0.17,1.310787971,120,0,0.0
ID-SF,100,4,0.0,0.2,uniform,CHI_1.0e-5_LS,1,1000,0.5,449,591,0.17,1.3115331890000002,120,3,0.0
ID-SF,100,4,0.0,0.2,uniform,CHI_1.0e-5,1,2000,0.5,1045,1105,0.195,1.127222171,120,0,0.0
ID-SF,100,4,0.0,0.2,uniform,CHI_1.0e-5_LS,1,2000,0.5,928,1094,0.2,1.1286774210000001,120,5,0.0
ID-SF,100,4,0.2,0.2,uniform,CHI_1.0e-5,1,200,0.5,76,112,0.18,1.131164875,120,0,0.0
ID-SF,100,4,0.2,0.2,uniform,CHI_1.0e-5_LS,1,200,0.5,43,116,0.22,1.131519931,120,5,0.0
ID-SF,100,4,0.2,0.2,uniform,CHI_1.0e-5,1,1000,0.5,522,573,0.188,1.312880485,120,0,0.0
ID-SF,100,4,0.2,0.2,uniform,CHI_1.0e-5_LS,1,1000,0.5,429,583,0.172,1.31402962,120,8,0.0
ID-SF,100,4,0.2,0.2,uniform,CHI_1.0e-5,1,2000,0.5,1016,1095,0.195,1.258315743,120,0,0.0
ID-SF,100,4,0.2,0.2,uniform,CHI_1.0e-5_LS,1,2000,0.5,911,1111,0.194,1.259884905,120,6,0.0
ID-SF,100,6,0.0,0.2,uniform,CHI_1.0e-5,1,200,0.5,107,144,0.09,0.842828756,120,0,0.0
ID-SF,100,6,0.0,0.2,uniform,CHI_1.0e-5_LS,1,200,0.5,65,131,0.15,0.843204039,120,7,0.0
ID-SF,100,6,0.0,0.2,uniform,CHI_1.0e-5,1,1000,0.5,632,672,0.13,1.269093163,120,0,0.0
ID-SF,100,6,0.0,0.2,uniform,CHI_1.0e-5_LS,1,1000,0.5,526,684,0.098,1.270054937,120,5,0.0
ID-SF,100,6,0.0,0.2,uniform,CHI_1.0e-5,1,2000,0.5,1344,1367,0.119,1.106295659,120,0,0.0
ID-SF,100,6,0.0,0.2,uniform,CHI_1.0e-5_LS,1,2000,0.5,1209,1379,0.126,1.108028146,120,5,0.0
ID-SF,100,6,0.2,0.2,uniform,CHI_1.0e-5,1,200,0.5,108,135,0.1,1.424152006,120,0,0.0
ID-SF,100,6,0.2,0.2,uniform,CHI_1.0e-5_LS,1,200,0.5,83,135,0.11,1.4244722069999998,120,3,0.0
ID-SF,100,6,0.2,0.2,uniform,CHI_1.0e-5,1,1000,0.5,636,724,0.098,1.182236467,120,0,0.0
ID-SF,100,6,0.2,0.2,uniform,CHI_1.0e-5_LS,1,1000,0.5,543,701,0.13,1.1831061180000002,120,4,0.0
ID-SF,100,6,0.2,0.2,uniform,CHI_1.0e-5,1,2000,0.5,1319,1380,0.142,1.133077351,120,0,0.0
ID-SF,100,6,0.2,0.2,uniform,CHI_1.0e-5_LS,1,2000,0.5,1207,1378,0.136,1.1352088580000002,120,7,0.0
ID-SF,100,8,0.0,0.2,uniform,CHI_1.0e-5,1,200,0.5,126,162,0.06,1.281709302,120,0,0.0
ID-SF,100,8,0.0,0.2,uniform,CHI_1.0e-5_LS,1,200,0.5,84,164,0.05,1.282244426,120,6,0.0
ID-SF,100,8,0.0,0.2,uniform,CHI_1.0e-5,1,1000,0.5,709,741,0.11,0.754714951,120,0,0.0
ID-SF,100,8,0.0,0.2,uniform,CHI_1.0e-5_LS,1,1000,0.5,613,751,0.112,0.7564811929999999,120,7,0.0
ID-SF,100,8,0.0,0.2,uniform,CHI_1.0e-5,1,2000,0.5,1480,1539,0.084,1.025420729,120,0,0.0
ID-SF,100,8,0.0,0.2,uniform,CHI_1.0e-5_LS,1,2000,0.5,1362,1519,0.074,1.028252219,120,5,0.0
ID-SF,100,8,0.2,0.2,uniform,CHI_1.0e-5,1,200,0.5,138,157,0.1,1.028650927,120,0,0.0
ID-SF,100,8,0.2,0.2,uniform,CHI_1.0e-5_LS,1,200,0.5,92,153,0.07,1.0290367409999999,120,4,0.0
ID-SF,100,8,0.2,0.2,uniform,CHI_1.0e-5,1,1000,0.5,695,788,0.088,0.692626931,120,0,0.0
ID-SF,100,8,0.2,0.2,uniform,CHI_1.0e-5_LS,1,1000,0.5,613,796,0.096,0.693653345,120,3,0.0
ID-SF,100,8,0.2,0.2,uniform,CHI_1.0e-5,1,2000,0.5,1425,1520,0.086,1.22633953,120,0,0.0
ID-SF,100,8,0.2,0.2,uniform,CHI_1.0e-5_LS,1,2000,0.5,1270,1550,0.075,1.23065395,120,10,0.0
ID-SF,100,10,0.0,0.2,uniform,CHI_1.0e-5,1,200,0.5,140,154,0.08,0.942454638,120,0,0.0
ID-SF,100,10,0.0,0.2,uniform,CHI_1.0e-5_LS,1,200,0.5,90,154,0.09,0.943174678,120,6,0.0
ID-SF,100,10,0.0,0.2,uniform,CHI_1.0e-5,1,1000,0.5,791,828,0.066,1.133646158,120,0,0.0
ID-SF,100,10,0.0,0.2,uniform,CHI_1.0e-5_LS,1,1000,0.5,681,836,0.064,1.139249226,120,6,0.0
ID-SF,100,10,0.0,0.2,uniform,CHI_1.0e-5,1,2000,0.5,1542,1633,0.061,0.9398424,120,0,0.0
ID-SF,100,10,0.0,0.2,uniform,CHI_1.0e-5_LS,1,2000,0.5,1444,1641,0.055,0.9472426479999999,120,4,0.0
ID-SF,100,10,0.2,0.2,uniform,CHI_1.0e-5,1,200,0.5,158,167,0.07,1.112152111,120,0,0.0
ID-SF,100,10,0.2,0.2,uniform,CHI_1.0e-5_LS,1,200,0.5,104,154,0.11,1.11328252,120,10,0.0
ID-SF,100,10,0.2,0.2,uniform,CHI_1.0e-5,1,1000,0.5,742,771,0.072,1.199146316,120,0,0.0
ID-SF,100,10,0.2,0.2,uniform,CHI_1.0e-5_LS,1,1000,0.5,680,763,0.086,1.201775186,120,3,0.0
ID-SF,100,10,0.2,0.2,uniform,CHI_1.0e-5,1,2000,0.5,1608,1654,0.057,1.019464851,120,0,0.0
ID-SF,100,10,0.2,0.2,uniform,CHI_1.0e-5_LS,1,2000,0.5,1538,1639,0.072,1.025931466,120,3,0.0
ID-SF,100,2,0.0,0.2,frequency,CHI_1.0e-5,1,200,0.5,42,41,0.62,5.96808692,119,0,0.0
ID-SF,100,2,0.0,0.2,frequency,CHI_1.0e-5,1,1000,0.5,274,257,0.518,0.815273793,121,0,0.0
ID-SF,100,2,0.0,0.2,frequency,CHI_1.0e-5,1,2000,0.5,562,527,0.497,0.865948371,121,0,0.0
ID-SF,100,2,0.2,0.2,frequency,CHI_1.0e-5,1,200,0.5,44,53,0.51,0.839742658,119,0,0.0
ID-SF,100,2,0.2,0.2,frequency,CHI_1.0e-5,1,1000,0.5,234,238,0.55,0.944139207,122,0,0.0
ID-SF,100,2,0.2,0.2,frequency,CHI_1.0e-5,1,2000,0.5,499,498,0.521,0.98390643,120,0,0.0
ID-SF,100,4,0.0,0.2,frequency,CHI_1.0e-5,1,200,0.5,95,106,0.22,0.987983425,120,0,0.0
ID-SF,100,4,0.0,0.2,frequency,CHI_1.0e-5,1,1000,0.5,569,563,0.17,1.220544442,124,0,0.0
ID-SF,100,4,0.0,0.2,frequency,CHI_1.0e-5,1,2000,0.5,1115,1113,0.198,1.183184654,121,0,0.0
ID-SF,100,4,0.2,0.2,frequency,CHI_1.0e-5,1,200,0.5,92,117,0.16,1.032713385,125,0,0.0
ID-SF,100,4,0.2,0.2,frequency,CHI_1.0e-5,1,1000,0.5,541,572,0.2,1.212040245,120,0,0.0
ID-SF,100,4,0.2,0.2,frequency,CHI_1.0e-5,1,2000,0.5,1131,1138,0.194,1.270930358,117,0,0.0
ID-SF,100,6,0.0,0.2,frequency,CHI_1.0e-5,1,200,0.5,128,129,0.19,1.194857985,131,0,0.0
ID-SF,100,6,0.0,0.2,frequency,CHI_1.0e-5,1,1000,0.5,656,653,0.116,1.288638235,125,0,0.0
ID-SF,100,6,0.0,0.2,frequency,CHI_1.0e-5,1,2000,0.5,1313,1365,0.119,1.368879116,120,0,0.0
ID-SF,100,6,0.2,0.2,frequency,CHI_1.0e-5,1,200,0.5,136,117,0.18,1.38317825,128,0,0.0
ID-SF,100,6,0.2,0.2,frequency,CHI_1.0e-5,1,1000,0.5,639,690,0.13,1.309615542,122,0,0.0
ID-SF,100,6,0.2,0.2,frequency,CHI_1.0e-5,1,2000,0.5,1353,1392,0.121,1.442831775,118,0,0.0
ID-SF,100,8,0.0,0.2,frequency,CHI_1.0e-5,1,200,0.5,143,151,0.11,1.638477187,134,0,0.0
ID-SF,100,8,0.0,0.2,frequency,CHI_1.0e-5,1,1000,0.5,728,777,0.074,1.172305734,124,0,0.0
ID-SF,100,8,0.0,0.2,frequency,CHI_1.0e-5,1,2000,0.5,1523,1534,0.072,1.39798664,120,0,0.0
ID-SF,100,8,0.2,0.2,frequency,CHI_1.0e-5,1,200,0.5,144,156,0.07,1.781714581,126,0,0.0
ID-SF,100,8,0.2,0.2,frequency,CHI_1.0e-5,1,1000,0.5,706,795,0.074,1.612952161,124,0,0.0
ID-SF,100,8,0.2,0.2,frequency,CHI_1.0e-5,1,2000,0.5,1471,1536,0.083,1.822828119,122,0,0.0
ID-SF,100,10,0.0,0.2,frequency,CHI_1.0e-5,1,200,0.5,140,156,0.1,1.654971287,133,0,0.0
ID-SF,100,10,0.0,0.2,frequency,CHI_1.0e-5,1,1000,0.5,814,848,0.068,1.871694034,121,0,0.0
ID-SF,100,10,0.0,0.2,frequency,CHI_1.0e-5,1,2000,0.5,1603,1636,0.056,1.501296249,118,0,0.0
ID-SF,100,10,0.2,0.2,frequency,CHI_1.0e-5,1,200,0.5,166,152,0.05,1.756217848,128,0,0.0
ID-SF,100,10,0.2,0.2,frequency,CHI_1.0e-5,1,1000,0.5,757,769,0.092,1.493421092,118,0,0.0
ID-SF,100,10,0.2,0.2,frequency,CHI_1.0e-5,1,2000,0.5,1623,1638,0.072,1.384522451,124,0,0.0
ID-SF,100,2,0.0,0.2,random,CHI_1.0e-5,1,200,0.5,22,39,0.63,6.06329613,136,0,0.0
ID-SF,100,2,0.0,0.2,random,CHI_1.0e-5,1,1000,0.5,180,211,0.65,0.883245747,138,0,0.0
ID-SF,100,2,0.0,0.2,random,CHI_1.0e-5,1,2000,0.5,310,329,0.778,0.998045263,142,0,0.0
ID-SF,100,2,0.2,0.2,random,CHI_1.0e-5,1,200,0.5,14,43,0.65,1.019845113,135,0,0.0
ID-SF,100,2,0.2,0.2,random,CHI_1.0e-5,1,1000,0.5,135,177,0.706,0.91952018,136,0,0.0
ID-SF,100,2,0.2,0.2,random,CHI_1.0e-5,1,2000,0.5,236,282,0.828,1.144279247,143,0,0.0
ID-SF,100,4,0.0,0.2,random,CHI_1.0e-5,1,200,0.5,69,88,0.41,1.175377043,159,0,0.0
ID-SF,100,4,0.0,0.2,random,CHI_1.0e-5,1,1000,0.5,432,476,0.35,1.152557471,156,0,0.0
ID-SF,100,4,0.0,0.2,random,CHI_1.0e-5,1,2000,0.5,858,903,0.354,1.030862854,155,0,0.0
ID-SF,100,4,0.2,0.2,random,CHI_1.0e-5,1,200,0.5,62,95,0.31,1.11659361,147,0,0.0
ID-SF,100,4,0.2,0.2,random,CHI_1.0e-5,1,1000,0.5,392,441,0.408,1.099759382,166,0,0.0
ID-SF,100,4,0.2,0.2,random,CHI_1.0e-5,1,2000,0.5,811,880,0.391,1.141037238,163,0,0.0
ID-SF,100,6,0.0,0.2,random,CHI_1.0e-5,1,200,0.5,83,111,0.32,1.233872115,169,0,0.0
ID-SF,100,6,0.0,0.2,random,CHI_1.0e-5,1,1000,0.5,519,561,0.286,1.164153416,182,0,0.0
ID-SF,100,6,0.0,0.2,random,CHI_1.0e-5,1,2000,0.5,1091,1108,0.286,1.379756283,175,0,0.0
ID-SF,100,6,0.2,0.2,random,CHI_1.0e-5,1,200,0.5,80,108,0.28,1.375535408,179,0,0.0
ID-SF,100,6,0.2,0.2,random,CHI_1.0e-5,1,1000,0.5,494,552,0.28,1.347297856,175,0,0.0
ID-SF,100,6,0.2,0.2,random,CHI_1.0e-5,1,2000,0.5,1044,1109,0.311,1.765217856,169,0,0.0
ID-SF,100,8,0.0,0.2,random,CHI_1.0e-5,1,200,0.5,115,142,0.09,1.60406762,164,0,0.0
ID-SF,100,8,0.0,0.2,random,CHI_1.0e-5,1,1000,0.5,631,643,0.266,1.371003409,195,0,0.0
ID-SF,100,8,0.0,0.2,random,CHI_1.0e-5,1,2000,0.5,1222,1214,0.297,1.487525647,195,0,0.0
ID-SF,100,8,0.2,0.2,random,CHI_1.0e-5,1,200,0.5,120,141,0.09,1.404260374,167,0,0.0
ID-SF,100,8,0.2,0.2,random,CHI_1.0e-5,1,1000,0.5,558,639,0.194,1.363512963,187,0,0.0
ID-SF,100,8,0.2,0.2,random,CHI_1.0e-5,1,2000,0.5,1189,1239,0.24,1.425681383,184,0,0.0
ID-SF,100,10,0.0,0.2,random,CHI_1.0e-5,1,200,0.5,135,143,0.11,1.512192944,174,0,0.0
ID-SF,100,10,0.0,0.2,random,CHI_1.0e-5,1,1000,0.5,622,696,0.224,1.845226982,202,0,0.0
ID-SF,100,10,0.0,0.2,random,CHI_1.0e-5,1,2000,0.5,1319,1395,0.191,1.689239237,194,0,0.0
ID-SF,100,10,0.2,0.2,random,CHI_1.0e-5,1,200,0.5,128,141,0.08,3.961501061,168,0,0.0
ID-SF,100,10,0.2,0.2,random,CHI_1.0e-5,1,1000,0.5,599,654,0.178,1.54329657,200,0,0.0
ID-SF,100,10,0.2,0.2,random,CHI_1.0e-5,1,2000,0.5,1395,1370,0.195,1.295049107,186,0,0.0
HD-VF,1000,2,0.0,0.0,uniform,CHI_1.0e-5,1,2000,0.5,238,435,0.565,5.702148892,1000,0,0.0
HD-VF,1000,2,0.0,0.0,uniform,CHI_1.0e-5_LS,1,2000,0.5,200,407,0.593,5.956956448000001,1000,5,0.0
HD-VF,1000,2,0.0,0.0,uniform,CHI_1.0e-5,1,10000,0.5,1043,1266,0.7468,1.128520445,1000,0,0.0
HD-VF,1000,2,0.0,0.0,uniform,CHI_1.0e-5_LS,1,10000,0.5,976,1211,0.7578,1.132962144,1000,5,0.0
HD-VF,1000,2,0.0,0.0,uniform,CHI_1.0e-5,1,20000,0.5,2483,2635,0.7365,1.359769814,1000,0,0.0
HD-VF,1000,2,0.0,0.0,uniform,CHI_1.0e-5_LS,1,20000,0.5,2412,2603,0.7397,1.364750785,1000,3,0.0
HD-VF,1000,2,0.2,0.0,uniform,CHI_1.0e-5,1,2000,0.5,97,288,0.712,1.2572157,1000,0,0.0
HD-VF,1000,2,0.2,0.0,uniform,CHI_1.0e-5_LS,1,2000,0.5,80,269,0.731,1.2598541479999998,1000,3,0.0
HD-VF,1000,2,0.2,0.0,uniform,CHI_1.0e-5,1,10000,0.5,956,1035,0.793,1.889883263,1000,0,0.0
HD-VF,1000,2,0.2,0.0,uniform,CHI_1.0e-5_LS,1,10000,0.5,706,814,0.8372,1.894988205,1000,6,0.0
HD-VF,1000,2,0.2,0.0,uniform,CHI_1.0e-5,1,20000,0.5,1717,1910,0.809,1.94958047,1000,0,0.0
HD-VF,1000,2,0.2,0.0,uniform,CHI_1.0e-5_LS,1,20000,0.5,1614,1840,0.816,1.9544840149999998,1000,3,0.0
HD-VF,1000,4,0.0,0.0,uniform,CHI_1.0e-5,1,2000,0.5,300,594,0.504,1.897688359,1000,0,0.0
HD-VF,1000,4,0.0,0.0,uniform,CHI_1.0e-5_LS,1,2000,0.5,300,594,0.504,1.900125349,1000,1,0.0
HD-VF,1000,4,0.0,0.0,uniform,CHI_1.0e-5,1,10000,0.5,1725,1941,0.652,1.594488607,1000,0,0.0
HD-VF,1000,4,0.0,0.0,uniform,CHI_1.0e-5_LS,1,10000,0.5,1622,1890,0.6614,1.602568829,1000,7,0.0
HD-VF,1000,4,0.0,0.0,uniform,CHI_1.0e-5,1,20000,0.5,4469,4665,0.5824,1.497953661,1000,0,0.0
HD-VF,1000,4,0.0,0.0,uniform,CHI_1.0e-5_LS,1,20000,0.5,4332,4569,0.5892,1.508524864,1000,9,0.0
HD-VF,1000,4,0.2,0.0,uniform,CHI_1.0e-5,1,2000,0.5,285,566,0.528,1.657624322,1000,0,0.0
HD-VF,1000,4,0.2,0.0,uniform,CHI_1.0e-5_LS,1,2000,0.5,247,544,0.547,1.662869818,1000,5,0.0
HD-VF,1000,4,0.2,0.0,uniform,CHI_1.0e-5,1,10000,0.5,1921,2221,0.6012,1.520415012,1000,0,0.0
HD-VF,1000,4,0.2,0.0,uniform,CHI_1.0e-5_LS,1,10000,0.5,1825,2179,0.6088,1.527561483,1000,6,0.0
HD-VF,1000,4,0.2,0.0,uniform,CHI_1.0e-5,1,20000,0.5,3394,3698,0.6632,1.356588959,1000,0,0.0
HD-VF,1000,4,0.2,0.0,uniform,CHI_1.0e-5_LS,1,20000,0.5,3286,3660,0.6681,1.362795508,1000,4,0.0
HD-VF,1000,6,0.0,0.0,uniform,CHI_1.0e-5,1,2000,0.5,348,667,0.479,1.19416226,1000,0,0.0
HD-VF,1000,6,0.0,0.0,uniform,CHI_1.0e-5_LS,1,2000,0.5,301,625,0.491,1.203326737,1000,8,0.0
HD-VF,1000,6,0.0,0.0,uniform,CHI_1.0e-5,1,10000,0.5,2268,2452,0.5816,1.32250866,1000,0,0.0
HD-VF,1000,6,0.0,0.0,uniform,CHI_1.0e-5_LS,1,10000,0.5,2126,2362,0.5974,1.331840399,1000,7,0.0
HD-VF,1000,6,0.0,0.0,uniform,CHI_1.0e-5,1,20000,0.5,4054,4282,0.6333,0.979596528,1000,0,0.0
HD-VF,1000,6,0.0,0.0,uniform,CHI_1.0e-5_LS,1,20000,0.5,4054,4282,0.6333,0.983459894,1000,1,0.0
HD-VF,1000,6,0.2,0.0,uniform,CHI_1.0e-5,1,2000,0.5,414,727,0.422,1.052197752,1000,0,0.0
HD-VF,1000,6,0.2,0.0,uniform,CHI_1.0e-5_LS,1,2000,0.5,377,712,0.432,1.05879319,1000,5,0.0
HD-VF,1000,6,0.2,0.0,uniform,CHI_1.0e-5,1,10000,0.5,2023,2262,0.6048,0.880705533,1000,0,0.0
HD-VF,1000,6,0.2,0.0,uniform,CHI_1.0e-5_LS,1,10000,0.5,1911,2166,0.62,0.887994622,1000,5,0.0
HD-VF,1000,6,0.2,0.0,uniform,CHI_1.0e-5,1,20000,0.5,4208,4374,0.6194,0.85340547,1000,0,0.0
HD-VF,1000,6,0.2,0.0,uniform,CHI_1.0e-5_LS,1,20000,0.5,4208,4374,0.6194,0.857176261,1000,1,0.0
HD-VF,1000,8,0.0,0.0,uniform,CHI_1.0e-5,1,2000,0.5,320,698,0.464,1.226107154,1000,0,0.0
HD-VF,1000,8,0.0,0.0,uniform,CHI_1.0e-5_LS,1,2000,0.5,297,690,0.477,1.233732333,1000,6,0.0
HD-VF,1000,8,0.0,0.0,uniform,CHI_1.0e-5,1,10000,0.5,2164,2516,0.5828,1.092912101,1000,0,0.0
HD-VF,1000,8,0.0,0.0,uniform,CHI_1.0e-5_LS,1,10000,0.5,2121,2520,0.5846,1.09913981,1000,4,0.0
HD-VF,1000,8,0.0,0.0,uniform,CHI_1.0e-5,1,20000,0.5,4481,4896,0.5896,0.872200845,1000,0,0.0
HD-VF,1000,8,0.0,0.0,uniform,CHI_1.0e-5_LS,1,20000,0.5,4378,4848,0.5935,0.876687698,1000,2,0.0
HD-VF,1000,8,0.2,0.0,uniform,CHI_1.0e-5,1,2000,0.5,367,743,0.44,0.807019825,1000,0,0.0
HD-VF,1000,8,0.2,0.0,uniform,CHI_1.0e-5_LS,1,2000,0.5,314,712,0.464,0.814311128,1000,6,0.0
HD-VF,1000,8,0.2,0.0,uniform,CHI_1.0e-5,1,10000,0.5,2539,2941,0.5076,1.208318726,1000,0,0.0
HD-VF,1000,8,0.2,0.0,uniform,CHI_1.0e-5_LS,1,10000,0.5,2539,2941,0.5076,1.211195391,1000,1,0.0
HD-VF,1000,8,0.2,0.0,uniform,CHI_1.0e-5,1,20000,0.5,4998,5222,0.5532,0.729037029,1000,0,0.0
HD-VF,1000,8,0.2,0.0,uniform,CHI_1.0e-5_LS,1,20000,0.5,4890,5188,0.557,0.739261422,1000,7,0.0
HD-VF,1000,10,0.0,0.0,uniform,CHI_1.0e-5,1,2000,0.5,498,856,0.36,0.811734015,1000,0,0.0
HD-VF,1000,10,0.0,0.0,uniform,CHI_1.0e-5_LS,1,2000,0.5,498,856,0.36,0.8136031089999999,1000,1,0.0
HD-VF,1000,10,0.0,0.0,uniform,CHI_1.0e-5,1,10000,0.5,2508,2731,0.5468,0.727940673,1000,0,0.0
HD-VF,1000,10,0.0,0.0,uniform,CHI_1.0e-5_LS,1,10000,0.5,2436,2702,0.55,0.7391318299999999,1000,8,0.0
HD-VF,1000,10,0.0,0.0,uniform,CHI_1.0e-5,1,20000,0.5,5483,5704,0.5214,0.81063246,1000,0,0.0
HD-VF,1000,10,0.0,0.0,uniform,CHI_1.0e-5_LS,1,20000,0.5,5483,5704,0.5214,0.814694206,1000,1,0.0
HD-VF,1000,10,0.2,0.0,uniform,CHI_1.0e-5,1,2000,0.5,322,742,0.462,0.770872019,1000,0,0.0
HD-VF,1000,10,0.2,0.0,uniform,CHI_1.0e-5_LS,1,2000,0.5,291,737,0.457,0.776303976,1000,4,0.0
HD-VF,1000,10,0.2,0.0,uniform,CHI_1.0e-5,1,10000,0.5,2701,3017,0.5066,1.786389357,1000,0,0.0
HD-VF,1000,10,0.2,0.0,uniform,CHI_1.0e-5_LS,1,10000,0.5,2643,2990,0.5092,1.793622351,1000,4,0.0
HD-VF,1000,10,0.2,0.0,uniform,CHI_1.0e-5,1,20000,0.5,4671,5088,0.5759,1.517165599,1000,0,0.0
HD-VF,1000,10,0.2,0.0,uniform,CHI_1.0e-5_LS,1,20000,0.5,4671,5088,0.5759,1.5217552959999998,1000,1,0.0
HD-VF,1000,2,0.0,0.2,uniform,CHI_1.0e-5,1,2000,0.5,51,178,1.107,1.270400895,1200,0,0.0
HD-VF,1000,2,0.0,0.2,uniform,CHI_1.0e-5_LS,1,2000,0.5,9,184,1.101,1.2722277910000002,1200,3,0.0
HD-VF,1000,2,0.0,0.2,uniform,CHI_1.0e-5,1,10000,0.5,421,570,1.2008,1.116095847,1200,0,0.0
HD-VF,1000,2,0.0,0.2,uniform,CHI_1.0e-5_LS,1,10000,0.5,224,331,1.2486,1.121218434,1200,7,0.0
HD-VF,1000,2,0.0,0.2,uniform,CHI_1.0e-5,1,20000,0.5,736,876,1.2487,1.126664846,1200,0,0.0
HD-VF,1000,2,0.0,0.2,uniform,CHI_1.0e-5_LS,1,20000,0.5,499,671,1.2692,1.133383906,1200,7,0.0
HD-VF,1000,2,0.2,0.2,uniform,CHI_1.0e-5,1,2000,0.5,1,162,1.157,1.215956819,1200,0,0.0
HD-VF,1000,2,0.2,0.2,uniform,CHI_1.0e-5_LS,1,2000,0.5,0,163,1.156,1.2175349690000001,1200,2,0.0
HD-VF,1000,2,0.2,0.2,uniform,CHI_1.0e-5,1,10000,0.5,260,366,1.2796,1.094774404,1200,0,0.0
HD-VF,1000,2,0.2,0.2,uniform,CHI_1.0e-5_LS,1,10000,0.5,146,276,1.2976,1.100183187,1200,9,0.0
HD-VF,1000,2,0.2,0.2,uniform,CHI_1.0e-5,1,20000,0.5,484,566,1.2642,1.104218774,1200,0,0.0
HD-VF,1000,2,0.2,0.2,uniform,CHI_1.0e-5_LS,1,20000,0.5,380,514,1.2694,1.11006639,1200,6,0.0
HD-VF,1000,4,0.0,0.2,uniform,CHI_1.0e-5,1,2000,0.5,144,432,1.119,0.933864029,1200,0,0.0
HD-VF,1000,4,0.0,0.2,uniform,CHI_1.0e-5_LS,1,2000,0.5,87,396,1.14,0.941661992,1200,9,0.0
HD-VF,1000,4,0.0,0.2,uniform,CHI_1.0e-5,1,10000,0.5,870,1073,1.312,1.343809163,1200,0,0.0
HD-VF,1000,4,0.0,0.2,uniform,CHI_1.0e-5_LS,1,10000,0.5,631,833,1.354,1.350477287,1200,5,0.0
HD-VF,1000,4,0.0,0.2,uniform,CHI_1.0e-5,1,20000,0.5,1635,1898,1.334,1.206114934,1200,0,0.0
HD-VF,1000,4,0.0,0.2,uniform,CHI_1.0e-5_LS,1,20000,0.5,1440,1748,1.3456,1.2134279279999998,1200,4,0.0
HD-VF,1000,4,0.2,0.2,uniform,CHI_1.0e-5,1,2000,0.5,91,350,1.35,1.059190436,1200,0,0.0
HD-VF,1000,4,0.2,0.2,uniform,CHI_1.0e-5_LS,1,2000,0.5,55,337,1.36,1.064683316,1200,6,0.0
HD-VF,1000,4,0.2,0.2,uniform,CHI_1.0e-5,1,10000,0.5,813,1051,1.3412,1.30473492,1200,0,0.0
HD-VF,1000,4,0.2,0.2,uniform,CHI_1.0e-5_LS,1,10000,0.5,650,873,1.3732,1.313677871,1200,8,0.0
HD-VF,1000,4,0.2,0.2,uniform,CHI_1.0e-5,1,20000,0.5,1507,1858,1.3851,1.207800004,1200,0,0.0
HD-VF,1000,4,0.2,0.2,uniform,CHI_1.0e-5_LS,1,20000,0.5,1368,1691,1.399,1.216004539,1200,5,0.0
HD-VF,1000,6,0.0,0.2,uniform,CHI_1.0e-5,1,2000,0.5,178,538,0.987,1.231369462,1200,0,0.0
HD-VF,1000,6,0.0,0.2,uniform,CHI_1.0e-5_LS,1,2000,0.5,150,504,1.008,1.2368464929999998,1200,4,0.0
HD-VF,1000,6,0.0,0.2,uniform,CHI_1.0e-5,1,10000,0.5,1198,1450,1.4362,1.299804865,1200,0,0.0
HD-VF,1000,6,0.0,0.2,uniform,CHI_1.0e-5_LS,1,10000,0.5,925,1167,1.4806,1.315399529,1200,12,0.0
HD-VF,1000,6,0.0,0.2,uniform,CHI_1.0e-5,1,20000,0.5,2556,2787,1.5083,1.107915767,1200,0,0.0
HD-VF,1000,6,0.0,0.2,uniform,CHI_1.0e-5_LS,1,20000,0.5,2017,2312,1.5473,1.123901544,1200,9,0.0
HD-VF,1000,6,0.2,0.2,uniform,CHI_1.0e-5,1,2000,0.5,184,522,1.297,1.214149801,1200,0,0.0
HD-VF,1000,6,0.2,0.2,uniform,CHI_1.0e-5_LS,1,2000,0.5,132,469,1.339,1.2209229620000002,1200,4,0.0
HD-VF,1000,6,0.2,0.2,uniform,CHI_1.0e-5,1,10000,0.5,1168,1439,1.283,1.230605039,1200,0,0.0
HD-VF,1000,6,0.2,0.2,uniform,CHI_1.0e-5_LS,1,10000,0.5,968,1227,1.3176,1.246097591,1200,12,0.0
HD-VF,1000,6,0.2,0.2,uniform,CHI_1.0e-5,1,20000,0.5,2148,2505,1.5084,1.280164234,1200,0,0.0
HD-VF,1000,6,0.2,0.2,uniform,CHI_1.0e-5_LS,1,20000,0.5,1868,2232,1.5339,1.3188575829999998,1200,11,0.0
HD-VF,1000,8,0.0,0.2,uniform,CHI_1.0e-5,1,2000,0.5,180,514,1.397,1.31456844,1200,0,0.0
HD-VF,1000,8,0.0,0.2,uniform,CHI_1.0e-5_LS,1,2000,0.5,124,503,1.401,1.328120553,1200,9,0.0
HD-VF,1000,8,0.0,0.2,uniform,CHI_1.0e-5,1,10000,0.5,1346,1708,1.8264,1.344000973,1200,0,0.0
HD-VF,1000,8,0.0,0.2,uniform,CHI_1.0e-5_LS,1,10000,0.5,1118,1505,1.8574,1.369719332,1200,13,0.0
HD-VF,1000,8,0.0,0.2,uniform,CHI_1.0e-5,1,20000,0.5,2632,2869,1.5822,1.158922977,1200,0,0.0
HD-VF,1000,8,0.0,0.2,uniform,CHI_1.0e-5_LS,1,20000,0.5,2314,2561,1.6052,1.1705796560000001,1200,5,0.0
HD-VF,1000,8,0.2,0.2,uniform,CHI_1.0e-5,1,2000,0.5,195,571,0.991,0.875007759,1200,0,0.0
HD-VF,1000,8,0.2,0.2,uniform,CHI_1.0e-5_LS,1,2000,0.5,151,544,1.011,0.888621678,1200,3,0.0
HD-VF,1000,8,0.2,0.2,uniform,CHI_1.0e-5,1,10000,0.5,1185,1488,1.4004,1.079840038,1200,0,0.0
HD-VF,1000,8,0.2,0.2,uniform,CHI_1.0e-5_LS,1,10000,0.5,1052,1377,1.418,1.0936723169999998,1200,9,0.0
HD-VF,1000,8,0.2,0.2,uniform,CHI_1.0e-5,1,20000,0.5,2533,2877,1.4234,1.038489987,1200,0,0.0
HD-VF,1000,8,0.2,0.2,uniform,CHI_1.0e-5_LS,1,20000,0.5,2169,2515,1.4528,1.0542165479999999,1200,8,0.0
HD-VF,1000,10,0.0,0.2,uniform,CHI_1.0e-5,1,2000,0.5,252,585,1.477,1.095337309,1200,0,0.0
HD-VF,1000,10,0.0,0.2,uniform,CHI_1.0e-5_LS,1,2000,0.5,206,568,1.489,1.108823088,1200,5,0.0
HD-VF,1000,10,0.0,0.2,uniform,CHI_1.0e-5,1,10000,0.5,1495,1740,1.666,1.358652218,1200,0,0.0
HD-VF,1000,10,0.0,0.2,uniform,CHI_1.0e-5_LS,1,10000,0.5,1224,1460,1.7072,1.378982072,1200,11,0.0
HD-VF,1000,2,0.0,0.2,frequency,CHI_1.0e-5,1,2000,0.5,116,250,0.785,6.18291791,1092,0,0.0
HD-VF,1000,2,0.0,0.2,frequency,CHI_1.0e-5,1,10000,0.5,698,906,0.8582,0.860073424,1131,0,0.0
HD-VF,1000,2,0.0,0.2,frequency,CHI_1.0e-5,1,20000,0.5,1893,1969,0.8507,1.231514134,1155,0,0.0
HD-VF,1000,2,0.2,0.2,frequency,CHI_1.0e-5,1,2000,0.5,63,263,0.769,1.123466799,1091,0,0.0
HD-VF,1000,2,0.2,0.2,frequency,CHI_1.0e-5,1,10000,0.5,567,690,0.8984,1.142699134,1196,0,0.0
HD-VF,1000,2,0.2,0.2,frequency,CHI_1.0e-5,1,20000,0.5,1342,1332,0.9146,1.282217795,1176,0,0.0
HD-VF,1000,4,0.0,0.2,frequency,CHI_1.0e-5,1,2000,0.5,320,571,0.504,1.243619233,1085,0,0.0
HD-VF,1000,4,0.0,0.2,frequency,CHI_1.0e-5,1,10000,0.5,2178,2443,0.5882,1.486983239,1080,0,0.0
HD-VF,1000,4,0.0,0.2,frequency,CHI_1.0e-5,1,20000,0.5,4037,4456,0.6194,1.684611199,1143,0,0.0
HD-VF,1000,4,0.2,0.2,frequency,CHI_1.0e-5,1,2000,0.5,306,554,0.541,1.378294862,1132,0,0.0
HD-VF,1000,4,0.2,0.2,frequency,CHI_1.0e-5,1,10000,0.5,2012,2231,0.6272,1.282981357,1147,0,0.0
HD-VF,1000,4,0.2,0.2,frequency,CHI_1.0e-5,1,20000,0.5,3760,3987,0.6618,1.518817035,1137,0,0.0
HD-VF,1000,6,0.0,0.2,frequency,CHI_1.0e-5,1,2000,0.5,446,758,0.416,1.451647276,1105,0,0.0
HD-VF,1000,6,0.0,0.2,frequency,CHI_1.0e-5,1,10000,0.5,2566,2796,0.5472,1.616504944,1092,0,0.0
HD-VF,1000,6,0.0,0.2,frequency,CHI_1.0e-5,1,20000,0.5,5982,6092,0.4869,1.400180333,1211,0,0.0
HD-VF,1000,6,0.2,0.2,frequency,CHI_1.0e-5,1,2000,0.5,355,665,0.472,1.487528431,1121,0,0.0
HD-VF,1000,6,0.2,0.2,frequency,CHI_1.0e-5,1,10000,0.5,2983,3260,0.4672,1.653194285,1107,0,0.0
HD-VF,1000,6,0.2,0.2,frequency,CHI_1.0e-5,1,20000,0.5,5051,5253,0.5505,1.764286809,1167,0,0.0
HD-VF,1000,8,0.0,0.2,frequency,CHI_1.0e-5,1,2000,0.5,412,772,0.409,1.528574252,1154,0,0.0
HD-VF,1000,8,0.0,0.2,frequency,CHI_1.0e-5,1,10000,0.5,3373,3745,0.4448,1.664080659,1156,0,0.0
HD-VF,1000,8,0.0,0.2,frequency,CHI_1.0e-5,1,20000,0.5,5890,6220,0.4851,1.546155922,1202,0,0.0
HD-VF,1000,8,0.2,0.2,frequency,CHI_1.0e-5,1,2000,0.5,526,912,0.34,1.524223303,1121,0,0.0
HD-VF,1000,8,0.2,0.2,frequency,CHI_1.0e-5,1,10000,0.5,2874,3205,0.4816,1.643674502,1137,0,0.0
HD-VF,1000,8,0.2,0.2,frequency,CHI_1.0e-5,1,20000,0.5,5379,5619,0.5733,1.4158514,1223,0,0.0
HD-VF,1000,10,0.0,0.2,frequency,CHI_1.0e-5,1,2000,0.5,533,936,0.308,1.619418407,1114,0,0.0
HD-VF,1000,10,0.0,0.2,frequency,CHI_1.0e-5,1,10000,0.5,3246,3480,0.4662,1.701954992,1253,0,0.0
HD-VF,1000,10,0.0,0.2,frequency,CHI_1.0e-5,1,20000,0.5,5106,5368,0.566,1.250780242,1297,0,0.0
HD-VF,1000,10,0.2,0.2,frequency,CHI_1.0e-5,1,2000,0.5,496,853,0.38,1.535725012,1154,0,0.0
HD-VF,1000,10,0.2,0.2,frequency,CHI_1.0e-5,1,10000,0.5,2891,3255,0.4714,1.614336607,1170,0,0.0
HD-VF,1000,10,0.2,0.2,frequency,CHI_1.0e-5,1,20000,0.5,5851,6038,0.5579,1.155563518,1237,0,0.0
HD-VF,1000,2,0.0,0.2,random,CHI_1.0e-5,1,2000,0.5,33,157,1.156,6.753276007,1261,0,0.0
HD-VF,1000,2,0.0,0.2,random,CHI_1.0e-5,1,10000,0.5,441,534,1.2452,1.149716383,1289,0,0.0
HD-VF,1000,2,0.0,0.2,random,CHI_1.0e-5,1,20000,0.5,790,908,1.3028,1.157024127,1319,0,0.0
HD-VF,1000,2,0.2,0.2,random,CHI_1.0e-5,1,2000,0.5,7,151,1.203,1.345737479,1257,0,0.0
HD-VF,1000,2,0.2,0.2,random,CHI_1.0e-5,1,10000,0.5,211,329,1.3278,1.124853289,1285,0,0.0
HD-VF,1000,2,0.2,0.2,random,CHI_1.0e-5,1,20000,0.5,595,714,1.2805,1.41580366,1315,0,0.0
HD-VF,1000,4,0.0,0.2,random,CHI_1.0e-5,1,2000,0.5,97,369,1.259,1.495745951,1324,0,0.0
HD-VF,1000,4,0.0,0.2,random,CHI_1.0e-5,1,10000,0.5,918,1061,1.3566,1.512134033,1348,0,0.0
HD-VF,1000,4,0.0,0.2,random,CHI_1.0e-5,1,20000,0.5,2156,2579,1.3162,1.40544241,1381,0,0.0
HD-VF,1000,4,0.2,0.2,random,CHI_1.0e-5,1,2000,0.5,123,368,1.396,1.616857975,1285,0,0.0
HD-VF,1000,4,0.2,0.2,random,CHI_1.0e-5,1,10000,0.5,910,1147,1.298,1.23605603,1387,0,0.0
HD-VF,1000,4,0.2,0.2,random,CHI_1.0e-5,1,20000,0.5,1625,1979,1.403,1.459595641,1364,0,0.0
HD-VF,1000,6,0.0,0.2,random,CHI_1.0e-5,1,2000,0.5,235,525,1.038,1.611198303,1344,0,0.0
HD-VF,1000,6,0.0,0.2,random,CHI_1.0e-5,1,10000,0.5,1297,1567,1.3212,1.490262348,1395,0,0.0
HD-VF,1000,6,0.0,0.2,random,CHI_1.0e-5,1,20000,0.5,2415,2622,1.5774,1.567148939,1349,0,0.0
HD-VF,1000,6,0.2,0.2,random,CHI_1.0e-5,1,2000,0.5,198,532,1.283,1.646269409,1293,0,0.0
HD-VF,1000,6,0.2,0.2,random,CHI_1.0e-5,1,10000,0.5,1464,1811,1.2404,1.828675835,1365,0,0.0
HD-VF,1000,6,0.2,0.2,random,CHI_1.0e-5,1,20000,0.5,2506,2888,1.4496,1.434465075,1396,0,0.0
HD-VF,1000,8,0.0,0.2,random,CHI_1.0e-5,1,2000,0.5,231,573,1.481,1.564310736,1359,0,0.0
HD-VF,1000,8,0.0,0.2,random,CHI_1.0e-5,1,10000,0.5,1490,1881,1.9648,1.701535506,1382,0,0.0
HD-VF,1000,8,0.0,0.2,random,CHI_1.0e-5,1,20000,0.5,3002,3305,1.4731,1.515163775,1393,0,0.0
HD-VF,1000,8,0.2,0.2,random,CHI_1.0e-5,1,2000,0.5,199,555,1.185,1.445312687,1341,0,0.0
HD-VF,1000,8,0.2,0.2,random,CHI_1.0e-5,1,10000,0.5,1533,1926,1.525,1.364001449,1402,0,0.0
HD-VF,1000,8,0.2,0.2,random,CHI_1.0e-5,1,20000,0.5,3008,3298,1.183,1.709985883,1409,0,0.0
HD-VF,1000,10,0.0,0.2,random,CHI_1.0e-5,1,2000,0.5,239,601,1.608,1.509677627,1304,0,0.0
HD-VF,1000,10,0.0,0.2,random,CHI_1.0e-5,1,10000,0.5,1651,1910,1.8116,1.256096301,1404,0,0.0
HD-VF,1000,10,0.0,0.2,random,CHI_1.0e-5,1,20000,0.5,3950,4231,1.3247,1.500190576,1497,0,0.0
HD-VF,1000,10,0.2,0.2,random,CHI_1.0e-5,1,2000,0.5,259,621,1.015,1.211838347,1366,0,0.0
HD-VF,1000,10,0.2,0.2,random,CHI_1.0e-5,1,10000,0.5,1784,2239,1.8104,1.327630535,1398,0,0.0
HD-VF,1000,10,0.2,0.2,random,CHI_1.0e-5,1,20000,0.5,3685,3923,1.9634,1.246520114,1412,0,0.0
MD-VF,1000,2,0.0,0.0,uniform,CHI_1.0e-5,1,2000,0.5,360,520,0.48,5.510732882,1000,0,0.0
MD-VF,1000,2,0.0,0.0,uniform,CHI_1.0e-5_LS,1,2000,0.5,218,448,0.552,5.759820219000001,1000,7,0.0
MD-VF,1000,2,0.0,0.0,uniform,CHI_1.0e-5,1,10000,0.5,1410,1652,0.6696,1.302943471,1000,0,0.0
MD-VF,1000,2,0.0,0.0,uniform,CHI_1.0e-5_LS,1,10000,0.5,1303,1562,0.6876,1.30645169,1000,3,0.0
MD-VF,1000,2,0.0,0.0,uniform,CHI_1.0e-5,1,20000,0.5,3034,3285,0.6715,1.414111867,1000,0,0.0
MD-VF,1000,2,0.0,0.0,uniform,CHI_1.0e-5_LS,1,20000,0.5,2862,3147,0.6853,1.4203722669999999,1000,6,0.0
MD-VF,1000,2,0.2,0.0,uniform,CHI_1.0e-5,1,2000,0.5,114,367,0.633,1.369283875,1000,0,0.0
MD-VF,1000,2,0.2,0.0,uniform,CHI_1.0e-5_LS,1,2000,0.5,87,343,0.657,1.37171247,1000,3,0.0
MD-VF,1000,2,0.2,0.0,uniform,CHI_1.0e-5,1,10000,0.5,1405,1597,0.6806,1.547832666,1000,0,0.0
MD-VF,1000,2,0.2,0.0,uniform,CHI_1.0e-5_LS,1,10000,0.5,1064,1387,0.7226,1.553590804,1000,8,0.0
MD-VF,1000,2,0.2,0.0,uniform,CHI_1.0e-5,1,20000,0.5,2443,2728,0.7272,1.480314604,1000,0,0.0
MD-VF,1000,2,0.2,0.0,uniform,CHI_1.0e-5_LS,1,20000,0.5,2209,2504,0.7496,1.4893690329999998,1000,10,0.0
MD-VF,1000,4,0.0,0.0,uniform,CHI_1.0e-5,1,2000,0.5,371,806,0.366,1.672932879,1000,0,0.0
MD-VF,1000,4,0.0,0.0,uniform,CHI_1.0e-5_LS,1,2000,0.5,349,753,0.398,1.676781616,1000,3,0.0
MD-VF,1000,4,0.0,0.0,uniform,CHI_1.0e-5,1,10000,0.5,2670,3057,0.4808,1.479703709,1000,0,0.0
MD-VF,1000,4,0.0,0.0,uniform,CHI_1.0e-5_LS,1,10000,0.5,2528,2928,0.4982,1.4862991970000001,1000,5,0.0
MD-VF,1000,4,0.0,0.0,uniform,CHI_1.0e-5,1,20000,0.5,5475,5943,0.4916,1.688266954,1000,0,0.0
MD-VF,1000,4,0.0,0.0,uniform,CHI_1.0e-5_LS,1,20000,0.5,5144,5691,0.5121,1.698096236,1000,8,0.0
MD-VF,1000,4,0.2,0.0,uniform,CHI_1.0e-5,1,2000,0.5,407,761,0.385,1.644050869,1000,0,0.0
MD-VF,1000,4,0.2,0.0,uniform,CHI_1.0e-5_LS,1,2000,0.5,317,728,0.419,1.648711809,1000,5,0.0
MD-VF,1000,4,0.2,0.0,uniform,CHI_1.0e-5,1,10000,0.5,2350,2829,0.5068,1.362383545,1000,0,0.0
MD-VF,1000,4,0.2,0.0,uniform,CHI_1.0e-5_LS,1,10000,0.5,2235,2765,0.5208,1.370936684,1000,8,0.0
MD-VF,1000,4,0.2,0.0,uniform,CHI_1.0e-5,1,20000,0.5,5252,5519,0.5123,0.908589673,1000,0,0.0
MD-VF,1000,4,0.2,0.0,uniform,CHI_1.0e-5_LS,1,20000,0.5,4947,5259,0.5394,0.917650563,1000,8,0.0
MD-VF,1000,6,0.0,0.0,uniform,CHI_1.0e-5,1,2000,0.5,550,966,0.285,1.15009841,1000,0,0.0
MD-VF,1000,6,0.0,0.0,uniform,CHI_1.0e-5_LS,1,2000,0.5,514,971,0.282,1.15694028,1000,6,0.0
MD-VF,1000,6,0.0,0.0,uniform,CHI_1.0e-5,1,10000,0.5,2960,3414,0.4418,0.992953756,1000,0,0.0
MD-VF,1000,6,0.0,0.0,uniform,CHI_1.0e-5_LS,1,10000,0.5,2831,3334,0.461,0.9995882070000001,1000,5,0.0
MD-VF,1000,6,0.0,0.0,uniform,CHI_1.0e-5,1,20000,0.5,6984,7464,0.4065,1.17988154,1000,0,0.0
MD-VF,1000,6,0.0,0.0,uniform,CHI_1.0e-5_LS,1,20000,0.5,6712,7270,0.4236,1.189445966,1000,7,0.0
MD-VF,1000,6,0.2,0.0,uniform,CHI_1.0e-5,1,2000,0.5,437,818,0.375,1.002957695,1000,0,0.0
MD-VF,1000,6,0.2,0.0,uniform,CHI_1.0e-5_LS,1,2000,0.5,409,818,0.379,1.006851106,1000,3,0.0
MD-VF,1000,6,0.2,0.0,uniform,CHI_1.0e-5,1,10000,0.5,2923,3556,0.4304,1.213345553,1000,0,0.0
MD-VF,1000,6,0.2,0.0,uniform,CHI_1.0e-5_LS,1,10000,0.5,2727,3388,0.4518,1.223441095,1000,9,0.0
MD-VF,1000,6,0.2,0.0,uniform,CHI_1.0e-5,1,20000,0.5,6000,6450,0.4633,0.764344799,1000,0,0.0
MD-VF,1000,6,0.2,0.0,uniform,CHI_1.0e-5_LS,1,20000,0.5,5704,6117,0.4929,0.7760495279999999,1000,10,0.0
MD-VF,1000,8,0.0,0.0,uniform,CHI_1.0e-5,1,2000,0.5,515,951,0.332,0.762125067,1000,0,0.0
MD-VF,1000,8,0.0,0.0,uniform,CHI_1.0e-5_LS,1,2000,0.5,490,948,0.333,0.7670923330000001,1000,4,0.0
MD-VF,1000,8,0.0,0.0,uniform,CHI_1.0e-5,1,10000,0.5,3724,4215,0.3422,1.01469194,1000,0,0.0
MD-VF,1000,8,0.0,0.0,uniform,CHI_1.0e-5_LS,1,10000,0.5,3480,4039,0.3748,1.031247706,1000,14,0.0
MD-VF,1000,8,0.0,0.0,uniform,CHI_1.0e-5,1,20000,0.5,7123,7474,0.4015,0.74892333,1000,0,0.0
MD-VF,1000,8,0.0,0.0,uniform,CHI_1.0e-5_LS,1,20000,0.5,6797,7088,0.4325,0.7628892190000001,1000,11,0.0
MD-VF,1000,8,0.2,0.0,uniform,CHI_1.0e-5,1,2000,0.5,503,972,0.307,0.802293773,1000,0,0.0
MD-VF,1000,8,0.2,0.0,uniform,CHI_1.0e-5_LS,1,2000,0.5,503,972,0.307,0.804187134,1000,1,0.0
MD-VF,1000,8,0.2,0.0,uniform,CHI_1.0e-5,1,10000,0.5,3505,3951,0.385,0.993007136,1000,0,0.0
MD-VF,1000,8,0.2,0.0,uniform,CHI_1.0e-5_LS,1,10000,0.5,3505,3951,0.385,0.995754518,1000,1,0.0
MD-VF,1000,8,0.2,0.0,uniform,CHI_1.0e-5,1,20000,0.5,6599,7205,0.4273,1.303570677,1000,0,0.0
MD-VF,1000,8,0.2,0.0,uniform,CHI_1.0e-5_LS,1,20000,0.5,6312,6932,0.45,1.3175733049999998,1000,10,0.0
MD-VF,1000,10,0.0,0.0,uniform,CHI_1.0e-5,1,2000,0.5,646,1065,0.274,1.287902585,1000,0,0.0
MD-VF,1000,10,0.0,0.0,uniform,CHI_1.0e-5_LS,1,2000,0.5,570,1036,0.28,1.299514109,1000,9,0.0
MD-VF,1000,10,0.0,0.0,uniform,CHI_1.0e-5,1,10000,0.5,3533,4046,0.387,1.25516292,1000,0,0.0
MD-VF,1000,10,0.0,0.0,uniform,CHI_1.0e-5_LS,1,10000,0.5,3523,4063,0.3896,1.259327759,1000,2,0.0
MD-VF,1000,10,0.0,0.0,uniform,CHI_1.0e-5,1,20000,0.5,7878,8232,0.3718,1.245477128,1000,0,0.0
MD-VF,1000,10,0.0,0.0,uniform,CHI_1.0e-5_LS,1,20000,0.5,7568,7930,0.393,1.267588843,1000,16,0.0
MD-VF,1000,10,0.2,0.0,uniform,CHI_1.0e-5,1,2000,0.5,564,1037,0.274,1.22179625,1000,0,0.0
MD-VF,1000,10,0.2,0.0,uniform,CHI_1.0e-5_LS,1,2000,0.5,564,1037,0.274,1.224049896,1000,1,0.0
MD-VF,1000,10,0.2,0.0,uniform,CHI_1.0e-5,1,10000,0.5,3648,4012,0.3852,1.017555379,1000,0,0.0
MD-VF,1000,10,0.2,0.0,uniform,CHI_1.0e-5_LS,1,10000,0.5,3491,3962,0.3984,1.026277896,1000,6,0.0
MD-VF,1000,10,0.2,0.0,uniform,CHI_1.0e-5,1,20000,0.5,6630,7154,0.4409,1.137495556,1000,0,0.0
MD-VF,1000,10,0.2,0.0,uniform,CHI_1.0e-5_LS,1,20000,0.5,6369,6919,0.4627,1.154487219,1000,12,0.0
MD-VF,1000,2,0.0,0.2,uniform,CHI_1.0e-5,1,2000,0.5,32,172,1.159,1.525496431,1200,0,0.0
MD-VF,1000,2,0.0,0.2,uniform,CHI_1.0e-5_LS,1,2000,0.5,8,172,1.159,1.533700015,1200,3,0.0
MD-VF,1000,2,0.0,0.2,uniform,CHI_1.0e-5,1,10000,0.5,493,675,1.2114,1.162248033,1200,0,0.0
MD-VF,1000,2,0.0,0.2,uniform,CHI_1.0e-5_LS,1,10000,0.5,261,449,1.2566,1.1676917199999999,1200,8,0.0
MD-VF,1000,2,0.0,0.2,uniform,CHI_1.0e-5,1,20000,0.5,1001,1150,1.222,1.285204155,1200,0,0.0
MD-VF,1000,2,0.0,0.2,uniform,CHI_1.0e-5_LS,1,20000,0.5,687,901,1.2469,1.291752555,1200,5,0.0
MD-VF,1000,2,0.2,0.2,uniform,CHI_1.0e-5,1,2000,0.5,0,163,1.129,1.21511444,1200,0,0.0
MD-VF,1000,2,0.2,0.2,uniform,CHI_1.0e-5_LS,1,2000,0.5,0,163,1.129,1.2163769370000002,1200,1,0.0
MD-VF,1000,2,0.2,0.2,uniform,CHI_1.0e-5,1,10000,0.5,345,554,1.2274,1.151283602,1200,0,0.0
MD-VF,1000,2,0.2,0.2,uniform,CHI_1.0e-5_LS,1,10000,0.5,264,564,1.2254,1.1554733389999998,1200,5,0.0
MD-VF,1000,2,0.2,0.2,uniform,CHI_1.0e-5,1,20000,0.5,752,952,1.2518,1.026957932,1200,0,0.0
MD-VF,1000,2,0.2,0.2,uniform,CHI_1.0e-5_LS,1,20000,0.5,570,803,1.2667,1.033124085,1200,6,0.0
MD-VF,1000,4,0.0,0.2,uniform,CHI_1.0e-5,1,2000,0.5,211,479,1.074,1.272980242,1200,0,0.0
MD-VF,1000,4,0.0,0.2,uniform,CHI_1.0e-5_LS,1,2000,0.5,144,487,1.071,1.2795371880000002,1200,7,0.0
MD-VF,1000,4,0.0,0.2,uniform,CHI_1.0e-5,1,10000,0.5,1390,1780,1.1706,1.358102056,1200,0,0.0
MD-VF,1000,4,0.0,0.2,uniform,CHI_1.0e-5_LS,1,10000,0.5,1005,1433,1.2296,1.5189701009999999,1200,7,0.0
MD-VF,1000,4,0.0,0.2,uniform,CHI_1.0e-5,1,20000,0.5,3060,3334,1.1441,1.238015385,1200,0,0.0
MD-VF,1000,4,0.0,0.2,uniform,CHI_1.0e-5_LS,1,20000,0.5,2231,2570,1.2071,1.257419943,1200,15,0.0
MD-VF,1000,4,0.2,0.2,uniform,CHI_1.0e-5,1,2000,0.5,142,501,0.968,1.474923264,1200,0,0.0
MD-VF,1000,4,0.2,0.2,uniform,CHI_1.0e-5_LS,1,2000,0.5,107,477,0.976,1.4796908940000002,1200,4,0.0
MD-VF,1000,4,0.2,0.2,uniform,CHI_1.0e-5,1,10000,0.5,1355,1646,1.1614,1.264342374,1200,0,0.0
MD-VF,1000,4,0.2,0.2,uniform,CHI_1.0e-5_LS,1,10000,0.5,970,1285,1.2176,1.273589265,1200,8,0.0
MD-VF,1000,4,0.2,0.2,uniform,CHI_1.0e-5,1,20000,0.5,2594,2909,1.1478,1.045997105,1200,0,0.0
MD-VF,1000,4,0.2,0.2,uniform,CHI_1.0e-5_LS,1,20000,0.5,2189,2579,1.1749,1.075717899,1200,6,0.0
MD-VF,1000,6,0.0,0.2,uniform,CHI_1.0e-5,1,2000,0.5,227,597,1.144,1.382550753,1200,0,0.0
MD-VF,1000,6,0.0,0.2,uniform,CHI_1.0e-5_LS,1,2000,0.5,165,585,1.15,1.391568173,1200,8,0.0
MD-VF,1000,6,0.0,0.2,uniform,CHI_1.0e-5,1,10000,0.5,2085,2596,1.1164,1.3120302,1200,0,0.0
MD-VF,1000,6,0.0,0.2,uniform,CHI_1.0e-5_LS,1,10000,0.5,1558,2045,1.1986,1.3307586,1200,14,0.0
MD-VF,1000,6,0.0,0.2,uniform,CHI_1.0e-5,1,20000,0.5,3962,4541,1.2933,1.364324685,1200,0,0.0
MD-VF,1000,6,0.0,0.2,uniform,CHI_1.0e-5_LS,1,20000,0.5,3214,3750,1.3496,1.3819381249999998,1200,7,0.0
MD-VF,1000,6,0.2,0.2,uniform,CHI_1.0e-5,1,2000,0.5,199,617,1.017,1.255250735,1200,0,0.0
MD-VF,1000,6,0.2,0.2,uniform,CHI_1.0e-5_LS,1,2000,0.5,143,584,1.037,1.2672079379999999,1200,5,0.0
MD-VF,1000,6,0.2,0.2,uniform,CHI_1.0e-5,1,10000,0.5,1949,2325,1.112,1.138487827,1200,0,0.0
MD-VF,1000,6,0.2,0.2,uniform,CHI_1.0e-5_LS,1,10000,0.5,1532,1923,1.1698,1.1513833800000002,1200,9,0.0
MD-VF,1000,6,0.2,0.2,uniform,CHI_1.0e-5,1,20000,0.5,3863,4367,1.3011,1.387948114,1200,0,0.0
MD-VF,1000,6,0.2,0.2,uniform,CHI_1.0e-5_LS,1,20000,0.5,3268,3678,1.3504,1.4145533750000001,1200,8,0.0
MD-VF,1000,8,0.0,0.2,uniform,CHI_1.0e-5,1,2000,0.5,275,719,1.053,1.112824783,1200,0,0.0
MD-VF,1000,8,0.0,0.2,uniform,CHI_1.0e-5_LS,1,2000,0.5,210,717,1.062,1.126044955,1200,7,0.0
MD-VF,1000,8,0.0,0.2,uniform,CHI_1.0e-5,1,10000,0.5,2057,2631,1.3262,1.044675336,1200,0,0.0
MD-VF,1000,8,0.0,0.2,uniform,CHI_1.0e-5_LS,1,10000,0.5,1641,2169,1.3848,1.0593795710000002,1200,9,0.0
MD-VF,1000,8,0.0,0.2,uniform,CHI_1.0e-5,1,20000,0.5,4694,5196,1.1711,0.995452712,1200,0,0.0
MD-VF,1000,8,0.0,0.2,uniform,CHI_1.0e-5_LS,1,20000,0.5,3799,4322,1.2319,1.016988187,1200,10,0.0
MD-VF,1000,8,0.2,0.2,uniform,CHI_1.0e-5,1,2000,0.5,300,730,1.063,1.033967867,1200,0,0.0
MD-VF,1000,8,0.2,0.2,uniform,CHI_1.0e-5_LS,1,2000,0.5,224,714,1.076,1.0417244730000002,1200,5,0.0
MD-VF,1000,8,0.2,0.2,uniform,CHI_1.0e-5,1,10000,0.5,2376,2888,1.062,1.168238066,1200,0,0.0
MD-VF,1000,8,0.2,0.2,uniform,CHI_1.0e-5_LS,1,10000,0.5,1892,2422,1.1262,1.1862058610000001,1200,11,0.0
MD-VF,1000,8,0.2,0.2,uniform,CHI_1.0e-5,1,20000,0.5,4519,4985,1.0867,0.844568969,1200,0,0.0
MD-VF,1000,8,0.2,0.2,uniform,CHI_1.0e-5_LS,1,20000,0.5,3753,4258,1.1385,0.868637334,1200,12,0.0
MD-VF,1000,10,0.0,0.2,uniform,CHI_1.0e-5,1,2000,0.5,374,800,0.923,0.937420518,1200,0,0.0
MD-VF,1000,10,0.0,0.2,uniform,CHI_1.0e-5_LS,1,2000,0.5,283,778,0.931,0.956887954,1200,10,0.0
MD-VF,1000,10,0.0,0.2,uniform,CHI_1.0e-5,1,10000,0.5,2673,3111,1.0348,1.016672935,1200,0,0.0
MD-VF,1000,10,0.0,0.2,uniform,CHI_1.0e-5_LS,1,10000,0.5,2099,2623,1.0952,1.032517327,1200,7,0.0
MD-VF,1000,10,0.0,0.2,uniform,CHI_1.0e-5,1,20000,0.5,5360,5675,1.1396,1.154136021,1200,0,0.0
MD-VF,1000,10,0.0,0.2,uniform,CHI_1.0e-5_LS,1,20000,0.5,4383,4772,1.2028,1.2197139049999999,1200,15,0.0
MD-VF,1000,10,0.2,0.2,uniform,CHI_1.0e-5,1,2000,0.5,365,794,1.078,0.831436662,1200,0,0.0
MD-VF,1000,10,0.2,0.2,uniform,CHI_1.0e-5_LS,1,2000,0.5,307,758,1.098,0.844149912,1200,8,0.0
MD-VF,1000,10,0.2,0.2,uniform,CHI_1.0e-5,1,10000,0.5,2633,3100,1.1096,0.872750416,1200,0,0.0
MD-VF,1000,10,0.2,0.2,uniform,CHI_1.0e-5_LS,1,10000,0.5,2132,2476,1.1882,0.899304361,1200,14,0.0
MD-VF,1000,10,0.2,0.2,uniform,CHI_1.0e-5,1,20000,0.5,5037,5530,1.19,0.750336391,1200,0,0.0
MD-VF,1000,10,0.2,0.2,uniform,CHI_1.0e-5_LS,1,20000,0.5,4365,4734,1.2468,0.779989767,1200,11,0.0
MD-VF,1000,2,0.0,0.2,frequency,CHI_1.0e-5,1,2000,0.5,260,428,0.642,6.48775424,1053,0,0.0
MD-VF,1000,2,0.0,0.2,frequency,CHI_1.0e-5,1,10000,0.5,1459,1659,0.7034,1.275377968,1099,0,0.0
MD-VF,1000,2,0.0,0.2,frequency,CHI_1.0e-5,1,20000,0.5,3094,3223,0.7094,1.170201268,1143,0,0.0
MD-VF,1000,2,0.2,0.2,frequency,CHI_1.0e-5,1,2000,0.5,204,414,0.614,1.041314333,1083,0,0.0
MD-VF,1000,2,0.2,0.2,frequency,CHI_1.0e-5,1,10000,0.5,1087,1322,0.771,1.474038114,1158,0,0.0
MD-VF,1000,2,0.2,0.2,frequency,CHI_1.0e-5,1,20000,0.5,2434,2632,0.7664,1.214294713,1123,0,0.0
MD-VF,1000,4,0.0,0.2,frequency,CHI_1.0e-5,1,2000,0.5,540,898,0.31,1.398408981,1067,0,0.0
MD-VF,1000,4,0.0,0.2,frequency,CHI_1.0e-5,1,10000,0.5,3597,3904,0.3782,1.763677066,1102,0,0.0
MD-VF,1000,4,0.0,0.2,frequency,CHI_1.0e-5,1,20000,0.5,7657,7792,0.3855,1.226704454,1131,0,0.0
MD-VF,1000,4,0.2,0.2,frequency,CHI_1.0e-5,1,2000,0.5,566,895,0.296,1.375649542,1080,0,0.0
MD-VF,1000,4,0.2,0.2,frequency,CHI_1.0e-5,1,10000,0.5,3341,3644,0.4254,1.338051336,1129,0,0.0
MD-VF,1000,4,0.2,0.2,frequency,CHI_1.0e-5,1,20000,0.5,7467,7843,0.3679,1.360419722,1099,0,0.0
MD-VF,1000,6,0.0,0.2,frequency,CHI_1.0e-5,1,2000,0.5,728,1097,0.22,1.394164682,1095,0,0.0
MD-VF,1000,6,0.0,0.2,frequency,CHI_1.0e-5,1,10000,0.5,4368,4781,0.3026,1.563214571,1168,0,0.0
MD-VF,1000,6,0.0,0.2,frequency,CHI_1.0e-5,1,20000,0.5,8489,8778,0.3396,1.520718551,1199,0,0.0
MD-VF,1000,6,0.2,0.2,frequency,CHI_1.0e-5,1,2000,0.5,660,1036,0.255,1.72498011,1129,0,0.0
MD-VF,1000,6,0.2,0.2,frequency,CHI_1.0e-5,1,10000,0.5,4190,4588,0.3152,1.790329906,1158,0,0.0
MD-VF,1000,6,0.2,0.2,frequency,CHI_1.0e-5,1,20000,0.5,8745,9060,0.3412,1.533080432,1146,0,0.0
MD-VF,1000,8,0.0,0.2,frequency,CHI_1.0e-5,1,2000,0.5,751,1149,0.212,1.572891968,1144,0,0.0
MD-VF,1000,8,0.0,0.2,frequency,CHI_1.0e-5,1,10000,0.5,4064,4560,0.3336,1.816354189,1232,0,0.0
MD-VF,1000,8,0.0,0.2,frequency,CHI_1.0e-5,1,20000,0.5,8990,9405,0.3311,1.509463425,1194,0,0.0
MD-VF,1000,8,0.2,0.2,frequency,CHI_1.0e-5,1,2000,0.5,776,1219,0.178,1.496216875,1114,0,0.0
MD-VF,1000,8,0.2,0.2,frequency,CHI_1.0e-5,1,10000,0.5,5063,5373,0.2508,1.611367319,1145,0,0.0
MD-VF,1000,8,0.2,0.2,frequency,CHI_1.0e-5,1,20000,0.5,8594,9239,0.338,1.485807735,1191,0,0.0
MD-VF,1000,10,0.0,0.2,frequency,CHI_1.0e-5,1,2000,0.5,821,1273,0.181,1.778986144,1126,0,0.0
MD-VF,1000,10,0.0,0.2,frequency,CHI_1.0e-5,1,10000,0.5,4637,5254,0.2768,1.423096045,1229,0,0.0
MD-VF,1000,10,0.0,0.2,frequency,CHI_1.0e-5,1,20000,0.5,10228,10507,0.2707,1.54899177,1275,0,0.0
MD-VF,1000,10,0.2,0.2,frequency,CHI_1.0e-5,1,2000,0.5,819,1288,0.171,1.748840173,1100,0,0.0
MD-VF,1000,10,0.2,0.2,frequency,CHI_1.0e-5,1,10000,0.5,4822,5100,0.2876,1.274093611,1214,0,0.0
MD-VF,1000,10,0.2,0.2,frequency,CHI_1.0e-5,1,20000,0.5,9851,10232,0.3021,1.299043718,1281,0,0.0
MD-VF,1000,2,0.0,0.2,random,CHI_1.0e-5,1,2000,0.5,22,148,1.215,5.804188721,1266,0,0.0
MD-VF,1000,2,0.0,0.2,random,CHI_1.0e-5,1,10000,0.5,445,575,1.2736,1.219515062,1287,0,0.0
MD-VF,1000,2,0.0,0.2,random,CHI_1.0e-5,1,20000,0.5,905,1071,1.2736,1.178479591,1322,0,0.0
MD-VF,1000,2,0.2,0.2,random,CHI_1.0e-5,1,2000,0.5,1,152,1.158,1.056199356,1262,0,0.0
MD-VF,1000,2,0.2,0.2,random,CHI_1.0e-5,1,10000,0.5,278,465,1.286,1.428647335,1286,0,0.0
MD-VF,1000,2,0.2,0.2,random,CHI_1.0e-5,1,20000,0.5,664,797,1.2886,1.151211306,1300,0,0.0
MD-VF,1000,4,0.0,0.2,random,CHI_1.0e-5,1,2000,0.5,210,467,1.122,1.364689278,1326,0,0.0
MD-VF,1000,4,0.0,0.2,random,CHI_1.0e-5,1,10000,0.5,1432,1844,1.204,1.595568012,1326,0,0.0
MD-VF,1000,4,0.0,0.2,random,CHI_1.0e-5,1,20000,0.5,3071,3474,1.2194,1.241209525,1360,0,0.0
MD-VF,1000,4,0.2,0.2,random,CHI_1.0e-5,1,2000,0.5,160,459,1.054,1.585527143,1320,0,0.0
MD-VF,1000,4,0.2,0.2,random,CHI_1.0e-5,1,10000,0.5,1354,1706,1.2264,1.435343943,1394,0,0.0
MD-VF,1000,4,0.2,0.2,random,CHI_1.0e-5,1,20000,0.5,2687,3061,1.2409,1.278277546,1381,0,0.0
MD-VF,1000,6,0.0,0.2,random,CHI_1.0e-5,1,2000,0.5,296,614,1.054,1.548152335,1268,0,0.0
MD-VF,1000,6,0.0,0.2,random,CHI_1.0e-5,1,10000,0.5,2025,2497,1.2688,1.517650147,1393,0,0.0
MD-VF,1000,6,0.0,0.2,random,CHI_1.0e-5,1,20000,0.5,4249,4805,1.3086,1.550606268,1373,0,0.0
MD-VF,1000,6,0.2,0.2,random,CHI_1.0e-5,1,2000,0.5,196,570,1.117,1.710726411,1327,0,0.0
MD-VF,1000,6,0.2,0.2,random,CHI_1.0e-5,1,10000,0.5,1958,2355,1.1682,1.757705758,1379,0,0.0
MD-VF,1000,6,0.2,0.2,random,CHI_1.0e-5,1,20000,0.5,4088,4493,1.2971,1.778456211,1389,0,0.0
MD-VF,1000,8,0.0,0.2,random,CHI_1.0e-5,1,2000,0.5,294,697,1.114,1.782818191,1337,0,0.0
MD-VF,1000,8,0.0,0.2,random,CHI_1.0e-5,1,10000,0.5,2406,2939,1.2382,1.42088536,1427,0,0.0
MD-VF,1000,8,0.0,0.2,random,CHI_1.0e-5,1,20000,0.5,5129,5598,1.2404,1.411624223,1382,0,0.0
MD-VF,1000,8,0.2,0.2,random,CHI_1.0e-5,1,2000,0.5,309,656,1.292,1.569235622,1387,0,0.0
MD-VF,1000,8,0.2,0.2,random,CHI_1.0e-5,1,10000,0.5,2473,2898,1.2336,1.612734082,1440,0,0.0
MD-VF,1000,8,0.2,0.2,random,CHI_1.0e-5,1,20000,0.5,4611,4972,1.3264,1.577119075,1462,0,0.0
MD-VF,1000,10,0.0,0.2,random,CHI_1.0e-5,1,2000,0.5,411,799,1.07,1.229595255,1337,0,0.0
MD-VF,1000,10,0.0,0.2,random,CHI_1.0e-5,1,10000,0.5,2598,3114,1.2664,1.339147412,1461,0,0.0
MD-VF,1000,10,0.0,0.2,random,CHI_1.0e-5,1,20000,0.5,5735,6174,1.3795,1.151841117,1424,0,0.0
MD-VF,1000,10,0.2,0.2,random,CHI_1.0e-5,1,2000,0.5,397,798,1.137,1.327107974,1397,0,0.0
MD-VF,1000,10,0.2,0.2,random,CHI_1.0e-5,1,10000,0.5,3010,3478,1.0614,1.255778445,1292,0,0.0
MD-VF,1000,10,0.2,0.2,random,CHI_1.0e-5,1,20000,0.5,5653,6187,1.3132,1.300605015,1337,0,0.0
ID-VF,1000,2,0.0,0.0,uniform,CHI_1.0e-5,1,2000,0.5,256,502,0.498,7.019313451,1000,0,0.0
ID-VF,1000,2,0.0,0.0,uniform,CHI_1.0e-5_LS,1,2000,0.5,166,383,0.617,7.285644706,1000,5,0.0
ID-VF,1000,2,0.0,0.0,uniform,CHI_1.0e-5,1,10000,0.5,1443,1800,0.64,1.186129286,1000,0,0.0
ID-VF,1000,2,0.0,0.0,uniform,CHI_1.0e-5_LS,1,10000,0.5,1430,1830,0.634,1.190287664,1000,4,0.0
ID-VF,1000,2,0.0,0.0,uniform,CHI_1.0e-5,1,20000,0.5,3051,3511,0.6489,1.304075624,1000,0,0.0
ID-VF,1000,2,0.0,0.0,uniform,CHI_1.0e-5_LS,1,20000,0.5,3014,3524,0.6476,1.309024224,1000,3,0.0
ID-VF,1000,2,0.2,0.0,uniform,CHI_1.0e-5,1,2000,0.5,86,330,0.67,1.266336805,1000,0,0.0
ID-VF,1000,2,0.2,0.0,uniform,CHI_1.0e-5_LS,1,2000,0.5,86,330,0.67,1.268322288,1000,1,0.0
ID-VF,1000,2,0.2,0.0,uniform,CHI_1.0e-5,1,10000,0.5,1068,1427,0.7146,1.308791417,1000,0,0.0
ID-VF,1000,2,0.2,0.0,uniform,CHI_1.0e-5_LS,1,10000,0.5,1051,1446,0.7108,1.3116761849999998,1000,2,0.0
ID-VF,1000,2,0.2,0.0,uniform,CHI_1.0e-5,1,20000,0.5,2288,2743,0.7257,1.48863684,1000,0,0.0
ID-VF,1000,2,0.2,0.0,uniform,CHI_1.0e-5_LS,1,20000,0.5,2277,2740,0.726,1.495076156,1000,2,0.0
ID-VF,1000,4,0.0,0.0,uniform,CHI_1.0e-5,1,2000,0.5,466,810,0.352,1.561366535,1000,0,0.0
ID-VF,1000,4,0.0,0.0,uniform,CHI_1.0e-5_LS,1,2000,0.5,459,816,0.351,1.5646169710000002,1000,2,0.0
ID-VF,1000,4,0.0,0.0,uniform,CHI_1.0e-5,1,10000,0.5,2768,3356,0.4352,1.843658751,1000,0,0.0
ID-VF,1000,4,0.0,0.0,uniform,CHI_1.0e-5_LS,1,10000,0.5,2747,3398,0.4308,1.849621883,1000,4,0.0
ID-VF,1000,4,0.0,0.0,uniform,CHI_1.0e-5,1,20000,0.5,5832,6539,0.4471,1.35224906,1000,0,0.0
ID-VF,1000,4,0.0,0.0,uniform,CHI_1.0e-5_LS,1,20000,0.5,5731,6568,0.4453,1.360575915,1000,6,0.0
ID-VF,1000,4,0.2,0.0,uniform,CHI_1.0e-5,1,2000,0.5,392,738,0.392,1.373662786,1000,0,0.0
ID-VF,1000,4,0.2,0.0,uniform,CHI_1.0e-5_LS,1,2000,0.5,389,740,0.388,1.3762614189999998,1000,2,0.0
ID-VF,1000,4,0.2,0.0,uniform,CHI_1.0e-5,1,10000,0.5,2458,3051,0.476,1.468318608,1000,0,0.0
ID-VF,1000,4,0.2,0.0,uniform,CHI_1.0e-5_LS,1,10000,0.5,2429,3053,0.4766,1.4739287289999998,1000,4,0.0
ID-VF,1000,4,0.2,0.0,uniform,CHI_1.0e-5,1,20000,0.5,5277,5938,0.4916,1.212493526,1000,0,0.0
ID-VF,1000,4,0.2,0.0,uniform,CHI_1.0e-5_LS,1,20000,0.5,5198,6007,0.4835,1.218407746,1000,3,0.0
ID-VF,1000,6,0.0,0.0,uniform,CHI_1.0e-5,1,2000,0.5,556,915,0.304,1.326858006,1000,0,0.0
ID-VF,1000,6,0.0,0.0,uniform,CHI_1.0e-5_LS,1,2000,0.5,556,915,0.304,1.328796481,1000,1,0.0
ID-VF,1000,6,0.0,0.0,uniform,CHI_1.0e-5,1,10000,0.5,3453,4149,0.3532,0.927475749,1000,0,0.0
ID-VF,1000,6,0.0,0.0,uniform,CHI_1.0e-5_LS,1,10000,0.5,3363,4165,0.3484,0.934473111,1000,5,0.0
ID-VF,1000,6,0.0,0.0,uniform,CHI_1.0e-5,1,20000,0.5,7628,8388,0.3474,0.931953515,1000,0,0.0
ID-VF,1000,6,0.0,0.0,uniform,CHI_1.0e-5_LS,1,20000,0.5,7414,8440,0.3427,0.940746063,1000,6,0.0
ID-VF,1000,6,0.2,0.0,uniform,CHI_1.0e-5,1,2000,0.5,508,911,0.312,1.131677486,1000,0,0.0
ID-VF,1000,6,0.2,0.0,uniform,CHI_1.0e-5_LS,1,2000,0.5,506,921,0.305,1.13436719,1000,2,0.0
ID-VF,1000,6,0.2,0.0,uniform,CHI_1.0e-5,1,10000,0.5,3170,3824,0.3978,1.001191203,1000,0,0.0
ID-VF,1000,6,0.2,0.0,uniform,CHI_1.0e-5_LS,1,10000,0.5,3144,3851,0.3952,1.008897004,1000,6,0.0
ID-VF,1000,6,0.2,0.0,uniform,CHI_1.0e-5,1,20000,0.5,6998,7743,0.3836,1.258912723,1000,0,0.0
ID-VF,1000,6,0.2,0.0,uniform,CHI_1.0e-5_LS,1,20000,0.5,6803,7837,0.3766,1.269433482,1000,8,0.0
ID-VF,1000,8,0.0,0.0,uniform,CHI_1.0e-5,1,2000,0.5,664,1028,0.272,0.900633964,1000,0,0.0
ID-VF,1000,8,0.0,0.0,uniform,CHI_1.0e-5_LS,1,2000,0.5,642,1054,0.258,0.90595899,1000,4,0.0
ID-VF,1000,8,0.0,0.0,uniform,CHI_1.0e-5,1,10000,0.5,4096,4815,0.2946,0.818193188,1000,0,0.0
ID-VF,1000,8,0.0,0.0,uniform,CHI_1.0e-5_LS,1,10000,0.5,4001,4849,0.2936,0.824331309,1000,4,0.0
ID-VF,1000,8,0.0,0.0,uniform,CHI_1.0e-5,1,20000,0.5,8669,9631,0.2908,1.013100275,1000,0,0.0
ID-VF,1000,8,0.0,0.0,uniform,CHI_1.0e-5_LS,1,20000,0.5,8408,9740,0.2864,1.026603207,1000,10,0.0
ID-VF,1000,8,0.2,0.0,uniform,CHI_1.0e-5,1,2000,0.5,611,1046,0.263,0.757210922,1000,0,0.0
ID-VF,1000,8,0.2,0.0,uniform,CHI_1.0e-5_LS,1,2000,0.5,611,1046,0.263,0.759023201,1000,1,0.0
ID-VF,1000,8,0.2,0.0,uniform,CHI_1.0e-5,1,10000,0.5,3714,4620,0.3108,0.782322221,1000,0,0.0
ID-VF,1000,8,0.2,0.0,uniform,CHI_1.0e-5_LS,1,10000,0.5,3648,4712,0.301,0.7894602470000001,1000,5,0.0
ID-VF,1000,8,0.2,0.0,uniform,CHI_1.0e-5,1,20000,0.5,7959,9047,0.317,0.655710935,1000,0,0.0
ID-VF,1000,8,0.2,0.0,uniform,CHI_1.0e-5_LS,1,20000,0.5,7708,9062,0.3158,0.6632491819999999,1000,5,0.0
ID-VF,1000,10,0.0,0.0,uniform,CHI_1.0e-5,1,2000,0.5,669,1129,0.227,0.764011404,1000,0,0.0
ID-VF,1000,10,0.0,0.0,uniform,CHI_1.0e-5_LS,1,2000,0.5,669,1129,0.227,0.765826377,1000,1,0.0
ID-VF,1000,10,0.0,0.0,uniform,CHI_1.0e-5,1,10000,0.5,4481,5320,0.2488,0.790307045,1000,0,0.0
ID-VF,1000,10,0.0,0.0,uniform,CHI_1.0e-5_LS,1,10000,0.5,4347,5339,0.2456,0.806217901,1000,12,0.0
ID-VF,1000,10,0.0,0.0,uniform,CHI_1.0e-5,1,20000,0.5,9490,10418,0.2535,1.483756088,1000,0,0.0
ID-VF,1000,10,0.0,0.0,uniform,CHI_1.0e-5_LS,1,20000,0.5,9193,10455,0.2523,1.491571664,1000,4,0.0
ID-VF,1000,10,0.2,0.0,uniform,CHI_1.0e-5,1,2000,0.5,635,1027,0.269,1.408715488,1000,0,0.0
ID-VF,1000,10,0.2,0.0,uniform,CHI_1.0e-5_LS,1,2000,0.5,619,1033,0.264,1.4133741039999999,1000,3,0.0
ID-VF,1000,10,0.2,0.0,uniform,CHI_1.0e-5,1,10000,0.5,4087,4965,0.282,1.277043813,1000,0,0.0
ID-VF,1000,10,0.2,0.0,uniform,CHI_1.0e-5_LS,1,10000,0.5,3994,5007,0.2808,1.2861549079999999,1000,6,0.0
ID-VF,1000,10,0.2,0.0,uniform,CHI_1.0e-5,1,20000,0.5,8938,9597,0.2997,0.993097345,1000,0,0.0
ID-VF,1000,10,0.2,0.0,uniform,CHI_1.0e-5_LS,1,20000,0.5,8632,9685,0.2965,1.003296902,1000,6,0.0
ID-VF,1000,2,0.0,0.2,uniform,CHI_1.0e-5,1,2000,0.5,12,133,1.21,1.334836367,1200,0,0.0
ID-VF,1000,2,0.0,0.2,uniform,CHI_1.0e-5_LS,1,2000,0.5,0,137,1.206,1.3366789620000001,1200,2,0.0
ID-VF,1000,2,0.0,0.2,uniform,CHI_1.0e-5,1,10000,0.5,357,547,1.2752,1.268794814,1200,0,0.0
ID-VF,1000,2,0.0,0.2,uniform,CHI_1.0e-5_LS,1,10000,0.5,170,569,1.2708,1.272664461,1200,4,0.0
ID-VF,1000,2,0.0,0.2,uniform,CHI_1.0e-5,1,20000,0.5,898,1075,1.2712,1.573417764,1200,0,0.0
ID-VF,1000,2,0.0,0.2,uniform,CHI_1.0e-5_LS,1,20000,0.5,567,1140,1.2647,1.580829823,1200,7,0.0
ID-VF,1000,2,0.2,0.2,uniform,CHI_1.0e-5,1,2000,0.5,1,98,1.234,1.216294433,1200,0,0.0
ID-VF,1000,2,0.2,0.2,uniform,CHI_1.0e-5_LS,1,2000,0.5,1,98,1.234,1.217448387,1200,1,0.0
ID-VF,1000,2,0.2,0.2,uniform,CHI_1.0e-5,1,10000,0.5,275,462,1.2818,1.202211484,1200,0,0.0
ID-VF,1000,2,0.2,0.2,uniform,CHI_1.0e-5_LS,1,10000,0.5,143,525,1.2692,1.206131355,1200,5,0.0
ID-VF,1000,2,0.2,0.2,uniform,CHI_1.0e-5,1,20000,0.5,608,852,1.2981,1.153784923,1200,0,0.0
ID-VF,1000,2,0.2,0.2,uniform,CHI_1.0e-5_LS,1,20000,0.5,441,958,1.2875,1.1588680859999998,1200,4,0.0
ID-VF,1000,4,0.0,0.2,uniform,CHI_1.0e-5,1,2000,0.5,149,375,1.214,1.118693578,1200,0,0.0
ID-VF,1000,4,0.0,0.2,uniform,CHI_1.0e-5_LS,1,2000,0.5,53,394,1.199,1.122685444,1200,4,0.0
ID-VF,1000,4,0.0,0.2,uniform,CHI_1.0e-5,1,10000,0.5,1280,1767,1.2508,1.0249251,1200,0,0.0
ID-VF,1000,4,0.0,0.2,uniform,CHI_1.0e-5_LS,1,10000,0.5,1077,1878,1.2374,1.032410987,1200,6,0.0
ID-VF,1000,4,0.0,0.2,uniform,CHI_1.0e-5,1,20000,0.5,2944,3316,1.2866,1.290214531,1200,0,0.0
ID-VF,1000,4,0.0,0.2,uniform,CHI_1.0e-5_LS,1,20000,0.5,2688,3554,1.2677,1.302001655,1200,8,0.0
ID-VF,1000,4,0.2,0.2,uniform,CHI_1.0e-5,1,2000,0.5,129,371,1.165,1.176544472,1200,0,0.0
ID-VF,1000,4,0.2,0.2,uniform,CHI_1.0e-5_LS,1,2000,0.5,56,390,1.149,1.1816436540000002,1200,5,0.0
ID-VF,1000,4,0.2,0.2,uniform,CHI_1.0e-5,1,10000,0.5,1164,1676,1.2788,1.464141776,1200,0,0.0
ID-VF,1000,4,0.2,0.2,uniform,CHI_1.0e-5_LS,1,10000,0.5,974,1824,1.2554,1.4722116989999998,1200,7,0.0
ID-VF,1000,4,0.2,0.2,uniform,CHI_1.0e-5,1,20000,0.5,2554,3173,1.3071,1.336701465,1200,0,0.0
ID-VF,1000,4,0.2,0.2,uniform,CHI_1.0e-5_LS,1,20000,0.5,2365,3319,1.2969,1.3494673039999998,1200,9,0.0
ID-VF,1000,6,0.0,0.2,uniform,CHI_1.0e-5,1,2000,0.5,233,516,1.26,0.922190868,1200,0,0.0
ID-VF,1000,6,0.0,0.2,uniform,CHI_1.0e-5_LS,1,2000,0.5,172,539,1.252,0.929164886,1200,5,0.0
ID-VF,1000,6,0.0,0.2,uniform,CHI_1.0e-5,1,10000,0.5,1987,2522,1.2594,1.415372442,1200,0,0.0
ID-VF,1000,6,0.0,0.2,uniform,CHI_1.0e-5_LS,1,10000,0.5,1820,2683,1.2476,1.423981676,1200,6,0.0
ID-VF,1000,6,0.0,0.2,uniform,CHI_1.0e-5,1,20000,0.5,4311,4876,1.2783,1.230678296,1200,0,0.0
ID-VF,1000,6,0.0,0.2,uniform,CHI_1.0e-5_LS,1,20000,0.5,3919,5144,1.2609,1.254264305,1200,10,0.0
ID-VF,1000,6,0.2,0.2,uniform,CHI_1.0e-5,1,2000,0.5,210,474,1.388,0.894868362,1200,0,0.0
ID-VF,1000,6,0.2,0.2,uniform,CHI_1.0e-5_LS,1,2000,0.5,143,502,1.371,0.907525758,1200,6,0.0
ID-VF,1000,6,0.2,0.2,uniform,CHI_1.0e-5,1,10000,0.5,1819,2230,1.3096,1.013635769,1200,0,0.0
ID-VF,1000,6,0.2,0.2,uniform,CHI_1.0e-5_LS,1,10000,0.5,1642,2417,1.2834,1.022976154,1200,6,0.0
ID-VF,1000,6,0.2,0.2,uniform,CHI_1.0e-5,1,20000,0.5,3975,4438,1.2991,1.11703617,1200,0,0.0
ID-VF,1000,6,0.2,0.2,uniform,CHI_1.0e-5_LS,1,20000,0.5,3613,4657,1.2847,1.132983815,1200,10,0.0
ID-VF,1000,8,0.0,0.2,uniform,CHI_1.0e-5,1,2000,0.5,268,682,1.235,1.167243631,1200,0,0.0
ID-VF,1000,8,0.0,0.2,uniform,CHI_1.0e-5_LS,1,2000,0.5,206,713,1.231,1.1805855,1200,6,0.0
ID-VF,1000,8,0.0,0.2,uniform,CHI_1.0e-5,1,10000,0.5,2404,2994,1.2722,1.169516944,1200,0,0.0
ID-VF,1000,8,0.0,0.2,uniform,CHI_1.0e-5_LS,1,10000,0.5,2177,3074,1.2596,1.1836913139999998,1200,7,0.0
ID-VF,1000,2,0.0,0.2,frequency,CHI_1.0e-5,1,2000,0.5,427,508,0.51,5.958296571,1081,0,0.0
ID-VF,1000,2,0.0,0.2,frequency,CHI_1.0e-5,1,10000,0.5,2683,2710,0.4734,1.160695722,1112,0,0.0
ID-VF,1000,2,0.0,0.2,frequency,CHI_1.0e-5,1,20000,0.5,5215,5332,0.4859,1.227181068,1134,0,0.0
ID-VF,1000,2,0.2,0.2,frequency,CHI_1.0e-5,1,2000,0.5,266,486,0.524,1.171747036,1048,0,0.0
ID-VF,1000,2,0.2,0.2,frequency,CHI_1.0e-5,1,10000,0.5,2260,2433,0.5288,0.95042835,1108,0,0.0
ID-VF,1000,2,0.2,0.2,frequency,CHI_1.0e-5,1,20000,0.5,4758,4746,0.5482,1.347702705,1137,0,0.0
ID-VF,1000,4,0.0,0.2,frequency,CHI_1.0e-5,1,2000,0.5,852,1091,0.189,1.234660454,1115,0,0.0
ID-VF,1000,4,0.0,0.2,frequency,CHI_1.0e-5,1,10000,0.5,5394,5695,0.1866,1.555624137,1148,0,0.0
ID-VF,1000,4,0.0,0.2,frequency,CHI_1.0e-5,1,20000,0.5,11304,11308,0.1888,1.747907104,1244,0,0.0
ID-VF,1000,4,0.2,0.2,frequency,CHI_1.0e-5,1,2000,0.5,820,1110,0.173,1.134198323,1118,0,0.0
ID-VF,1000,4,0.2,0.2,frequency,CHI_1.0e-5,1,10000,0.5,5280,5696,0.1946,1.43200945,1164,0,0.0
ID-VF,1000,4,0.2,0.2,frequency,CHI_1.0e-5,1,20000,0.5,10789,11205,0.1967,1.184700617,1185,0,0.0
ID-VF,1000,6,0.0,0.2,frequency,CHI_1.0e-5,1,2000,0.5,1085,1373,0.104,1.450430134,1180,0,0.0
ID-VF,1000,6,0.0,0.2,frequency,CHI_1.0e-5,1,10000,0.5,6550,6953,0.1142,1.616484595,1251,0,0.0
ID-VF,1000,6,0.0,0.2,frequency,CHI_1.0e-5,1,20000,0.5,13532,14149,0.1068,1.482670522,1214,0,0.0
ID-VF,1000,6,0.2,0.2,frequency,CHI_1.0e-5,1,2000,0.5,1055,1353,0.12,1.525994024,1187,0,0.0
ID-VF,1000,6,0.2,0.2,frequency,CHI_1.0e-5,1,10000,0.5,6480,6825,0.1174,1.538267529,1159,0,0.0
ID-VF,1000,6,0.2,0.2,frequency,CHI_1.0e-5,1,20000,0.5,13215,13742,0.1165,1.516747495,1262,0,0.0
ID-VF,1000,8,0.0,0.2,frequency,CHI_1.0e-5,1,2000,0.5,1162,1570,0.081,1.431759492,1154,0,0.0
ID-VF,1000,8,0.0,0.2,frequency,CHI_1.0e-5,1,10000,0.5,7113,7593,0.0888,1.587348468,1265,0,0.0
ID-VF,1000,8,0.0,0.2,frequency,CHI_1.0e-5,1,20000,0.5,14959,15628,0.0756,1.34277292,1273,0,0.0
ID-VF,1000,8,0.2,0.2,frequency,CHI_1.0e-5,1,2000,0.5,1158,1481,0.086,1.543955275,1218,0,0.0
ID-VF,1000,8,0.2,0.2,frequency,CHI_1.0e-5,1,10000,0.5,7137,7649,0.0892,1.325812746,1242,0,0.0
ID-VF,1000,8,0.2,0.2,frequency,CHI_1.0e-5,1,20000,0.5,14760,15204,0.0813,1.744142725,1246,0,0.0
ID-VF,1000,10,0.0,0.2,frequency,CHI_1.0e-5,1,2000,0.5,1210,1682,0.061,1.468535605,1193,0,0.0
ID-VF,1000,10,0.0,0.2,frequency,CHI_1.0e-5,1,10000,0.5,7527,8206,0.0566,1.125919869,1258,0,0.0
ID-VF,1000,10,0.0,0.2,frequency,CHI_1.0e-5,1,20000,0.5,15791,16591,0.0545,1.49973407,1223,0,0.0
ID-VF,1000,10,0.2,0.2,frequency,CHI_1.0e-5,1,2000,0.5,1219,1602,0.072,1.419486376,1266,0,0.0
ID-VF,1000,10,0.2,0.2,frequency,CHI_1.0e-5,1,10000,0.5,7626,8149,0.0668,1.444445731,1321,0,0.0
ID-VF,1000,10,0.2,0.2,frequency,CHI_1.0e-5,1,20000,0.5,15718,16294,0.0637,1.292924533,1299,0,0.0
ID-VF,1000,2,0.0,0.2,random,CHI_1.0e-5,1,2000,0.5,5,116,1.263,6.449056423,1271,0,0.0
ID-VF,1000,2,0.0,0.2,random,CHI_1.0e-5,1,10000,0.5,290,461,1.3304,1.199100059,1273,0,0.0
ID-VF,1000,2,0.0,0.2,random,CHI_1.0e-5,1,20000,0.5,675,810,1.3436,1.143901238,1293,0,0.0
ID-VF,1000,2,0.2,0.2,random,CHI_1.0e-5,1,2000,0.5,0,95,1.271,1.399381294,1269,0,0.0
ID-VF,1000,2,0.2,0.2,random,CHI_1.0e-5,1,10000,0.5,194,331,1.3632,1.230267436,1294,0,0.0
ID-VF,1000,2,0.2,0.2,random,CHI_1.0e-5,1,20000,0.5,428,585,1.3781,1.362102217,1298,0,0.0
ID-VF,1000,4,0.0,0.2,random,CHI_1.0e-5,1,2000,0.5,132,327,1.352,1.348036651,1307,0,0.0
ID-VF,1000,4,0.0,0.2,random,CHI_1.0e-5,1,10000,0.5,1057,1533,1.3878,1.380588002,1331,0,0.0
ID-VF,1000,4,0.0,0.2,random,CHI_1.0e-5,1,20000,0.5,2414,2726,1.429,1.34893165,1342,0,0.0
ID-VF,1000,4,0.2,0.2,random,CHI_1.0e-5,1,2000,0.5,100,304,1.367,1.495060316,1357,0,0.0
ID-VF,1000,4,0.2,0.2,random,CHI_1.0e-5,1,10000,0.5,957,1357,1.4122,1.253476408,1322,0,0.0
ID-VF,1000,4,0.2,0.2,random,CHI_1.0e-5,1,20000,0.5,2169,2597,1.4288,1.539183938,1333,0,0.0
ID-VF,1000,6,0.0,0.2,random,CHI_1.0e-5,1,2000,0.5,225,465,1.38,1.785129354,1342,0,0.0
ID-VF,1000,6,0.0,0.2,random,CHI_1.0e-5,1,10000,0.5,1770,2292,1.368,1.427139949,1324,0,0.0
ID-VF,1000,6,0.0,0.2,random,CHI_1.0e-5,1,20000,0.5,3979,4502,1.3542,1.650858494,1324,0,0.0
ID-VF,1000,6,0.2,0.2,random,CHI_1.0e-5,1,2000,0.5,199,436,1.485,1.647171811,1296,0,0.0
ID-VF,1000,6,0.2,0.2,random,CHI_1.0e-5,1,10000,0.5,1554,1947,1.4812,1.414224569,1326,0,0.0
ID-VF,1000,6,0.2,0.2,random,CHI_1.0e-5,1,20000,0.5,3286,3791,1.5027,1.606422076,1365,0,0.0
ID-VF,1000,8,0.0,0.2,random,CHI_1.0e-5,1,2000,0.5,265,643,1.338,1.6546904,1318,0,0.0
ID-VF,1000,8,0.0,0.2,random,CHI_1.0e-5,1,10000,0.5,2183,2805,1.4204,1.356140558,1332,0,0.0
ID-VF,1000,8,0.0,0.2,random,CHI_1.0e-5,1,20000,0.5,4426,5133,1.5612,1.323264537,1429,0,0.0
ID-VF,1000,8,0.2,0.2,random,CHI_1.0e-5,1,2000,0.5,269,515,1.462,1.532800838,1317,0,0.0
ID-VF,1000,8,0.2,0.2,random,CHI_1.0e-5,1,10000,0.5,1930,2489,1.4472,1.53109511,1327,0,0.0
ID-VF,1000,8,0.2,0.2,random,CHI_1.0e-5,1,20000,0.5,4403,4933,1.4887,1.632193132,1337,0,0.0
ID-VF,1000,10,0.0,0.2,random,CHI_1.0e-5,1,2000,0.5,288,654,1.714,1.377938735,1400,0,0.0
ID-VF,1000,10,0.0,0.2,random,CHI_1.0e-5,1,10000,0.5,2404,3045,1.5168,1.298952827,1351,0,0.0
ID-VF,1000,10,0.0,0.2,random,CHI_1.0e-5,1,20000,0.5,5247,5959,1.5428,1.264723349,1353,0,0.0
ID-VF,1000,10,0.2,0.2,random,CHI_1.0e-5,1,2000,0.5,321,585,1.495,1.253624906,1407,0,0.0
ID-VF,1000,10,0.2,0.2,random,CHI_1.0e-5,1,10000,0.5,2404,2978,1.4522,1.20593176,1294,0,0.0
ID-VF,1000,10,0.2,0.2,random,CHI_1.0e-5,1,20000,0.5,5216,5623,1.5858,1.372477273,1386,0,0.0
HD-SF,1000,2,0.0,0.0,uniform,CHI_1.0e-5,1,2000,0.5,276,463,0.537,5.849490514,1000,0,0.0
HD-SF,1000,2,0.0,0.0,uniform,CHI_1.0e-5_LS,1,2000,0.5,206,428,0.572,6.0805996790000005,1000,5,0.0
HD-SF,1000,2,0.0,0.0,uniform,CHI_1.0e-5,1,10000,0.5,1510,1636,0.6728,1.140111943,1000,0,0.0
HD-SF,1000,2,0.0,0.0,uniform,CHI_1.0e-5_LS,1,10000,0.5,1179,1431,0.7138,1.146174592,1000,7,0.0
HD-SF,1000,2,0.0,0.0,uniform,CHI_1.0e-5,1,20000,0.5,2554,2729,0.7271,1.651237415,1000,0,0.0
HD-SF,1000,2,0.0,0.0,uniform,CHI_1.0e-5_LS,1,20000,0.5,2363,2689,0.7311,1.6584689359999998,1000,7,0.0
HD-SF,1000,2,0.2,0.0,uniform,CHI_1.0e-5,1,2000,0.5,248,432,0.568,1.277157005,1000,0,0.0
HD-SF,1000,2,0.2,0.0,uniform,CHI_1.0e-5_LS,1,2000,0.5,150,361,0.639,1.280675362,1000,5,0.0
HD-SF,1000,2,0.2,0.0,uniform,CHI_1.0e-5,1,10000,0.5,1262,1468,0.7064,1.592834034,1000,0,0.0
HD-SF,1000,2,0.2,0.0,uniform,CHI_1.0e-5_LS,1,10000,0.5,1189,1463,0.7074,1.598377981,1000,3,0.0
HD-SF,1000,2,0.2,0.0,uniform,CHI_1.0e-5,1,20000,0.5,2683,2790,0.721,1.986602014,1000,0,0.0
HD-SF,1000,2,0.2,0.0,uniform,CHI_1.0e-5_LS,1,20000,0.5,2519,2725,0.7275,1.992378887,1000,4,0.0
HD-SF,1000,4,0.0,0.0,uniform,CHI_1.0e-5,1,2000,0.5,327,678,0.432,1.769981789,1000,0,0.0
HD-SF,1000,4,0.0,0.0,uniform,CHI_1.0e-5_LS,1,2000,0.5,270,630,0.469,1.777216275,1000,6,0.0
HD-SF,1000,4,0.0,0.0,uniform,CHI_1.0e-5,1,10000,0.5,2014,2287,0.6032,1.633549395,1000,0,0.0
HD-SF,1000,4,0.0,0.0,uniform,CHI_1.0e-5_LS,1,10000,0.5,1898,2232,0.61,1.6401120719999998,1000,5,0.0
HD-SF,1000,4,0.0,0.0,uniform,CHI_1.0e-5,1,20000,0.5,4401,4477,0.6119,1.116206744,1000,0,0.0
HD-SF,1000,4,0.0,0.0,uniform,CHI_1.0e-5_LS,1,20000,0.5,4076,4414,0.6172,1.127269279,1000,10,0.0
HD-SF,1000,4,0.2,0.0,uniform,CHI_1.0e-5,1,2000,0.5,333,724,0.4,1.344130186,1000,0,0.0
HD-SF,1000,4,0.2,0.0,uniform,CHI_1.0e-5_LS,1,2000,0.5,276,658,0.447,1.3482294819999998,1000,4,0.0
HD-SF,1000,4,0.2,0.0,uniform,CHI_1.0e-5,1,10000,0.5,2168,2404,0.5856,1.017074187,1000,0,0.0
HD-SF,1000,4,0.2,0.0,uniform,CHI_1.0e-5_LS,1,10000,0.5,2009,2336,0.5958,1.024319773,1000,7,0.0
HD-SF,1000,4,0.2,0.0,uniform,CHI_1.0e-5,1,20000,0.5,4083,4187,0.6329,1.030862174,1000,0,0.0
HD-SF,1000,4,0.2,0.0,uniform,CHI_1.0e-5_LS,1,20000,0.5,3758,4121,0.64,1.0402361429999998,1000,8,0.0
HD-SF,1000,6,0.0,0.0,uniform,CHI_1.0e-5,1,2000,0.5,403,826,0.334,0.960152826,1000,0,0.0
HD-SF,1000,6,0.0,0.0,uniform,CHI_1.0e-5_LS,1,2000,0.5,336,775,0.375,0.967553683,1000,7,0.0
HD-SF,1000,6,0.0,0.0,uniform,CHI_1.0e-5,1,10000,0.5,2393,2585,0.5726,0.897364042,1000,0,0.0
HD-SF,1000,6,0.0,0.0,uniform,CHI_1.0e-5_LS,1,10000,0.5,2198,2471,0.586,0.909758365,1000,11,0.0
HD-SF,1000,6,0.0,0.0,uniform,CHI_1.0e-5,1,20000,0.5,5055,5148,0.5711,0.893010488,1000,0,0.0
HD-SF,1000,6,0.0,0.0,uniform,CHI_1.0e-5_LS,1,20000,0.5,4824,5147,0.573,0.902623605,1000,7,0.0
HD-SF,1000,6,0.2,0.0,uniform,CHI_1.0e-5,1,2000,0.5,388,873,0.345,0.766218253,1000,0,0.0
HD-SF,1000,6,0.2,0.0,uniform,CHI_1.0e-5_LS,1,2000,0.5,338,820,0.378,0.7716032620000001,1000,5,0.0
HD-SF,1000,6,0.2,0.0,uniform,CHI_1.0e-5,1,10000,0.5,2348,2583,0.5764,0.825160423,1000,0,0.0
HD-SF,1000,6,0.2,0.0,uniform,CHI_1.0e-5_LS,1,10000,0.5,2197,2540,0.5846,0.832655768,1000,6,0.0
HD-SF,1000,6,0.2,0.0,uniform,CHI_1.0e-5,1,20000,0.5,4958,5090,0.5769,0.795912616,1000,0,0.0
HD-SF,1000,6,0.2,0.0,uniform,CHI_1.0e-5_LS,1,20000,0.5,4697,5009,0.5798,0.8032560459999999,1000,5,0.0
HD-SF,1000,8,0.0,0.0,uniform,CHI_1.0e-5,1,2000,0.5,432,979,0.278,0.925812039,1000,0,0.0
HD-SF,1000,8,0.0,0.0,uniform,CHI_1.0e-5_LS,1,2000,0.5,384,937,0.297,0.9322345519999999,1000,5,0.0
HD-SF,1000,8,0.0,0.0,uniform,CHI_1.0e-5,1,10000,0.5,2565,2832,0.5434,1.696718774,1000,0,0.0
HD-SF,1000,8,0.0,0.0,uniform,CHI_1.0e-5_LS,1,10000,0.5,2475,2866,0.5414,1.704636652,1000,5,0.0
HD-SF,1000,8,0.0,0.0,uniform,CHI_1.0e-5,1,20000,0.5,5181,5340,0.5657,1.249243811,1000,0,0.0
HD-SF,1000,8,0.0,0.0,uniform,CHI_1.0e-5_LS,1,20000,0.5,4831,5241,0.5723,1.2898397979999998,1000,13,0.0
HD-SF,1000,8,0.2,0.0,uniform,CHI_1.0e-5,1,2000,0.5,480,900,0.321,1.163674467,1000,0,0.0
HD-SF,1000,8,0.2,0.0,uniform,CHI_1.0e-5_LS,1,2000,0.5,425,857,0.344,1.1752460070000001,1000,7,0.0
HD-SF,1000,8,0.2,0.0,uniform,CHI_1.0e-5,1,10000,0.5,2482,2757,0.5526,1.186342656,1000,0,0.0
HD-SF,1000,8,0.2,0.0,uniform,CHI_1.0e-5_LS,1,10000,0.5,2376,2723,0.5606,1.202610903,1000,7,0.0
HD-SF,1000,8,0.2,0.0,uniform,CHI_1.0e-5,1,20000,0.5,5313,5406,0.5602,1.189542436,1000,0,0.0
HD-SF,1000,8,0.2,0.0,uniform,CHI_1.0e-5_LS,1,20000,0.5,5014,5397,0.5612,1.215310959,1000,10,0.0
HD-SF,1000,10,0.0,0.0,uniform,CHI_1.0e-5,1,2000,0.5,448,964,0.312,1.078309738,1000,0,0.0
HD-SF,1000,10,0.0,0.0,uniform,CHI_1.0e-5_LS,1,2000,0.5,413,942,0.323,1.090023855,1000,7,0.0
HD-SF,1000,10,0.0,0.0,uniform,CHI_1.0e-5,1,10000,0.5,2737,3048,0.521,0.935502742,1000,0,0.0
HD-SF,1000,10,0.0,0.0,uniform,CHI_1.0e-5_LS,1,10000,0.5,2624,3022,0.5256,0.9481607690000001,1000,9,0.0
HD-SF,1000,10,0.0,0.0,uniform,CHI_1.0e-5,1,20000,0.5,5570,5843,0.5371,1.14020651,1000,0,0.0
HD-SF,1000,10,0.0,0.0,uniform,CHI_1.0e-5_LS,1,20000,0.5,5207,5692,0.5472,1.1763576720000002,1000,14,0.0
HD-SF,1000,10,0.2,0.0,uniform,CHI_1.0e-5,1,2000,0.5,476,954,0.302,1.096280077,1000,0,0.0
HD-SF,1000,10,0.2,0.0,uniform,CHI_1.0e-5_LS,1,2000,0.5,424,887,0.348,1.105810238,1000,5,0.0
HD-SF,1000,10,0.2,0.0,uniform,CHI_1.0e-5,1,10000,0.5,2664,2863,0.5416,1.222407367,1000,0,0.0
HD-SF,1000,10,0.2,0.0,uniform,CHI_1.0e-5_LS,1,10000,0.5,2506,2811,0.5478,1.2342257490000001,1000,8,0.0
HD-SF,1000,10,0.2,0.0,uniform,CHI_1.0e-5,1,20000,0.5,5387,5596,0.5483,1.198656798,1000,0,0.0
HD-SF,1000,10,0.2,0.0,uniform,CHI_1.0e-5_LS,1,20000,0.5,4996,5413,0.5611,1.2174534160000001,1000,13,0.0
HD-SF,1000,2,0.0,0.2,uniform,CHI_1.0e-5,1,2000,0.5,157,358,0.681,0.933735427,1200,0,0.0
HD-SF,1000,2,0.0,0.2,uniform,CHI_1.0e-5_LS,1,2000,0.5,85,377,0.662,0.93670182,1200,6,0.0
HD-SF,1000,2,0.0,0.2,uniform,CHI_1.0e-5,1,10000,0.5,921,1154,0.8288,1.161917142,1200,0,0.0
HD-SF,1000,2,0.0,0.2,uniform,CHI_1.0e-5_LS,1,10000,0.5,791,1087,0.8422,1.1667086070000001,1200,6,0.0
HD-SF,1000,2,0.0,0.2,uniform,CHI_1.0e-5,1,20000,0.5,1940,2082,0.8451,0.880167735,1200,0,0.0
HD-SF,1000,2,0.0,0.2,uniform,CHI_1.0e-5_LS,1,20000,0.5,1738,2143,0.839,0.887840913,1200,9,0.0
HD-SF,1000,2,0.2,0.2,uniform,CHI_1.0e-5,1,2000,0.5,121,363,0.678,1.151048101,1200,0,0.0
HD-SF,1000,2,0.2,0.2,uniform,CHI_1.0e-5_LS,1,2000,0.5,53,346,0.695,1.153552568,1200,4,0.0
HD-SF,1000,2,0.2,0.2,uniform,CHI_1.0e-5,1,10000,0.5,755,1094,0.8346,1.047699478,1200,0,0.0
HD-SF,1000,2,0.2,0.2,uniform,CHI_1.0e-5_LS,1,10000,0.5,618,968,0.8598,1.0527933799999998,1200,8,0.0
HD-SF,1000,2,0.2,0.2,uniform,CHI_1.0e-5,1,20000,0.5,1665,2012,0.8541,1.150179101,1200,0,0.0
HD-SF,1000,2,0.2,0.2,uniform,CHI_1.0e-5_LS,1,20000,0.5,1510,1957,0.8596,1.158489706,1200,8,0.0
HD-SF,1000,4,0.0,0.2,uniform,CHI_1.0e-5,1,2000,0.5,323,792,0.376,0.848754798,1200,0,0.0
HD-SF,1000,4,0.0,0.2,uniform,CHI_1.0e-5_LS,1,2000,0.5,209,646,0.468,0.855746139,1200,8,0.0
HD-SF,1000,4,0.0,0.2,uniform,CHI_1.0e-5,1,10000,0.5,1965,2294,0.6354,1.065127539,1200,0,0.0
HD-SF,1000,4,0.0,0.2,uniform,CHI_1.0e-5_LS,1,10000,0.5,1755,2200,0.6514,1.07212965,1200,6,0.0
HD-SF,1000,4,0.0,0.2,uniform,CHI_1.0e-5,1,20000,0.5,3697,4038,0.6781,0.971394346,1200,0,0.0
HD-SF,1000,4,0.0,0.2,uniform,CHI_1.0e-5_LS,1,20000,0.5,3471,4041,0.6776,0.979450073,1200,5,0.0
HD-SF,1000,4,0.2,0.2,uniform,CHI_1.0e-5,1,2000,0.5,243,601,0.514,1.15613488,1200,0,0.0
HD-SF,1000,4,0.2,0.2,uniform,CHI_1.0e-5_LS,1,2000,0.5,174,545,0.556,1.166830437,1200,5,0.0
HD-SF,1000,4,0.2,0.2,uniform,CHI_1.0e-5,1,10000,0.5,1612,2018,0.669,0.985396423,1200,0,0.0
HD-SF,1000,4,0.2,0.2,uniform,CHI_1.0e-5_LS,1,10000,0.5,1525,1987,0.673,0.994661347,1200,5,0.0
HD-SF,1000,4,0.2,0.2,uniform,CHI_1.0e-5,1,20000,0.5,3649,4004,0.6673,0.935747831,1200,0,0.0
HD-SF,1000,4,0.2,0.2,uniform,CHI_1.0e-5_LS,1,20000,0.5,3404,3916,0.6747,0.952983302,1200,8,0.0
HD-SF,1000,6,0.0,0.2,uniform,CHI_1.0e-5,1,2000,0.5,348,792,0.377,0.859214593,1200,0,0.0
HD-SF,1000,6,0.0,0.2,uniform,CHI_1.0e-5_LS,1,2000,0.5,291,744,0.407,0.867078931,1200,6,0.0
HD-SF,1000,6,0.0,0.2,uniform,CHI_1.0e-5,1,10000,0.5,2475,2836,0.5476,1.018856199,1200,0,0.0
HD-SF,1000,6,0.0,0.2,uniform,CHI_1.0e-5_LS,1,10000,0.5,2171,2623,0.5782,1.034107038,1200,12,0.0
HD-SF,1000,6,0.0,0.2,uniform,CHI_1.0e-5,1,20000,0.5,4802,5154,0.5821,0.867178277,1200,0,0.0
HD-SF,1000,6,0.0,0.2,uniform,CHI_1.0e-5_LS,1,20000,0.5,4465,4986,0.5957,0.882223329,1200,9,0.0
HD-SF,1000,6,0.2,0.2,uniform,CHI_1.0e-5,1,2000,0.5,337,844,0.378,0.838807235,1200,0,0.0
HD-SF,1000,6,0.2,0.2,uniform,CHI_1.0e-5_LS,1,2000,0.5,282,775,0.423,0.845560469,1200,5,0.0
HD-SF,1000,6,0.2,0.2,uniform,CHI_1.0e-5,1,10000,0.5,2195,2592,0.5742,0.86863588,1200,0,0.0
HD-SF,1000,6,0.2,0.2,uniform,CHI_1.0e-5_LS,1,10000,0.5,2105,2552,0.5832,0.875079964,1200,4,0.0
HD-SF,1000,6,0.2,0.2,uniform,CHI_1.0e-5,1,20000,0.5,4653,5013,0.6184,0.802470925,1200,0,0.0
HD-SF,1000,6,0.2,0.2,uniform,CHI_1.0e-5_LS,1,20000,0.5,4329,4854,0.6274,0.81810414,1200,10,0.0
HD-SF,1000,8,0.0,0.2,uniform,CHI_1.0e-5,1,2000,0.5,386,861,0.362,0.749339741,1200,0,0.0
HD-SF,1000,8,0.0,0.2,uniform,CHI_1.0e-5_LS,1,2000,0.5,324,809,0.387,0.758414197,1200,7,0.0
HD-SF,1000,8,0.0,0.2,uniform,CHI_1.0e-5,1,10000,0.5,2365,2678,0.5852,0.738847515,1200,0,0.0
HD-SF,1000,8,0.0,0.2,uniform,CHI_1.0e-5_LS,1,10000,0.5,2219,2612,0.5958,0.748605985,1200,6,0.0
HD-SF,1000,8,0.0,0.2,uniform,CHI_1.0e-5,1,20000,0.5,4724,5094,0.6086,0.820406338,1200,0,0.0
HD-SF,1000,8,0.0,0.2,uniform,CHI_1.0e-5_LS,1,20000,0.5,4498,5088,0.609,0.8397010500000001,1200,9,0.0
HD-SF,1000,8,0.2,0.2,uniform,CHI_1.0e-5,1,2000,0.5,396,904,0.341,0.757735455,1200,0,0.0
HD-SF,1000,8,0.2,0.2,uniform,CHI_1.0e-5_LS,1,2000,0.5,345,811,0.409,0.7697859119999999,1200,9,0.0
HD-SF,1000,8,0.2,0.2,uniform,CHI_1.0e-5,1,10000,0.5,2616,3027,0.5352,0.778111394,1200,0,0.0
HD-SF,1000,8,0.2,0.2,uniform,CHI_1.0e-5_LS,1,10000,0.5,2438,2870,0.5546,0.7870452469999999,1200,5,0.0
HD-SF,1000,8,0.2,0.2,uniform,CHI_1.0e-5,1,20000,0.5,5227,5653,0.5534,0.728117414,1200,0,0.0
HD-SF,1000,8,0.2,0.2,uniform,CHI_1.0e-5_LS,1,20000,0.5,5050,5591,0.5583,0.739142248,1200,4,0.0
HD-SF,1000,10,0.0,0.2,uniform,CHI_1.0e-5,1,2000,0.5,449,965,0.306,0.870759462,1200,0,0.0
HD-SF,1000,10,0.0,0.2,uniform,CHI_1.0e-5_LS,1,2000,0.5,381,912,0.338,0.883458536,1200,9,0.0
HD-SF,1000,10,0.0,0.2,uniform,CHI_1.0e-5,1,10000,0.5,2534,2966,0.537,0.863048963,1200,0,0.0
HD-SF,1000,10,0.0,0.2,uniform,CHI_1.0e-5_LS,1,10000,0.5,2489,2959,0.5392,0.872897331,1200,4,0.0
HD-SF,1000,10,0.0,0.2,uniform,CHI_1.0e-5,1,20000,0.5,5761,5745,0.5706,0.930795615,1200,0,0.0
HD-SF,1000,10,0.0,0.2,uniform,CHI_1.0e-5_LS,1,20000,0.5,5245,5455,0.5907,0.970695546,1200,13,0.0
HD-SF,1000,10,0.2,0.2,uniform,CHI_1.0e-5,1,2000,0.5,449,945,0.323,0.676371899,1200,0,0.0
HD-SF,1000,10,0.2,0.2,uniform,CHI_1.0e-5_LS,1,2000,0.5,384,912,0.344,0.6895030440000001,1200,6,0.0
HD-SF,1000,10,0.2,0.2,uniform,CHI_1.0e-5,1,10000,0.5,2472,2907,0.5516,0.657850226,1200,0,0.0
HD-SF,1000,10,0.2,0.2,uniform,CHI_1.0e-5_LS,1,10000,0.5,2305,2802,0.5658,0.67839909,1200,12,0.0
HD-SF,1000,10,0.2,0.2,uniform,CHI_1.0e-5,1,20000,0.5,5329,5408,0.5761,0.660210062,1200,0,0.0
HD-SF,1000,10,0.2,0.2,uniform,CHI_1.0e-5_LS,1,20000,0.5,5077,5403,0.5763,0.67811555,1200,6,0.0
HD-SF,1000,2,0.0,0.2,frequency,CHI_1.0e-5,1,2000,0.5,149,369,0.642,5.547630153,1105,0,0.0
HD-SF,1000,2,0.0,0.2,frequency,CHI_1.0e-5,1,10000,0.5,749,932,0.8548,1.213314945,1216,0,0.0
HD-SF,1000,2,0.0,0.2,frequency,CHI_1.0e-5,1,20000,0.5,1352,1485,0.9,1.093232833,1287,0,0.0
HD-SF,1000,2,0.2,0.2,frequency,CHI_1.0e-5,1,2000,0.5,144,380,0.632,1.147728145,1104,0,0.0
HD-SF,1000,2,0.2,0.2,frequency,CHI_1.0e-5,1,10000,0.5,662,819,0.8724,1.037763204,1210,0,0.0
HD-SF,1000,2,0.2,0.2,frequency,CHI_1.0e-5,1,20000,0.5,1158,1364,0.9077,1.216068489,1286,0,0.0
HD-SF,1000,4,0.0,0.2,frequency,CHI_1.0e-5,1,2000,0.5,264,639,0.457,1.157602441,1099,0,0.0
HD-SF,1000,4,0.0,0.2,frequency,CHI_1.0e-5,1,10000,0.5,1979,2322,0.606,1.48148604,1222,0,0.0
HD-SF,1000,4,0.0,0.2,frequency,CHI_1.0e-5,1,20000,0.5,3748,4083,0.6551,1.720839325,1350,0,0.0
HD-SF,1000,4,0.2,0.2,frequency,CHI_1.0e-5,1,2000,0.5,220,578,0.503,1.224071116,1103,0,0.0
HD-SF,1000,4,0.2,0.2,frequency,CHI_1.0e-5,1,10000,0.5,1634,1978,0.6526,1.310695237,1230,0,0.0
HD-SF,1000,4,0.2,0.2,frequency,CHI_1.0e-5,1,20000,0.5,3114,3369,0.7103,1.359793167,1339,0,0.0
HD-SF,1000,6,0.0,0.2,frequency,CHI_1.0e-5,1,2000,0.5,350,739,0.41,1.442423689,1103,0,0.0
HD-SF,1000,6,0.0,0.2,frequency,CHI_1.0e-5,1,10000,0.5,2458,2892,0.5226,1.690512656,1246,0,0.0
HD-SF,1000,6,0.0,0.2,frequency,CHI_1.0e-5,1,20000,0.5,4540,4747,0.6073,1.592012644,1339,0,0.0
HD-SF,1000,6,0.2,0.2,frequency,CHI_1.0e-5,1,2000,0.5,346,787,0.382,1.509552261,1095,0,0.0
HD-SF,1000,6,0.2,0.2,frequency,CHI_1.0e-5,1,10000,0.5,2223,2587,0.5716,1.790399778,1244,0,0.0
HD-SF,1000,6,0.2,0.2,frequency,CHI_1.0e-5,1,20000,0.5,4339,4605,0.619,1.654348188,1342,0,0.0
HD-SF,1000,8,0.0,0.2,frequency,CHI_1.0e-5,1,2000,0.5,391,856,0.364,1.563602628,1093,0,0.0
HD-SF,1000,8,0.0,0.2,frequency,CHI_1.0e-5,1,10000,0.5,2652,3051,0.5132,1.5332762,1231,0,0.0
HD-SF,1000,8,0.0,0.2,frequency,CHI_1.0e-5,1,20000,0.5,4783,5158,0.5805,1.763841715,1346,0,0.0
HD-SF,1000,8,0.2,0.2,frequency,CHI_1.0e-5,1,2000,0.5,380,825,0.367,1.416439242,1101,0,0.0
HD-SF,1000,8,0.2,0.2,frequency,CHI_1.0e-5,1,10000,0.5,2708,3089,0.5128,1.420797986,1259,0,0.0
HD-SF,1000,8,0.2,0.2,frequency,CHI_1.0e-5,1,20000,0.5,5087,5329,0.5685,1.267821568,1342,0,0.0
HD-SF,1000,10,0.0,0.2,frequency,CHI_1.0e-5,1,2000,0.5,351,842,0.4,1.179477673,1109,0,0.0
HD-SF,1000,10,0.0,0.2,frequency,CHI_1.0e-5,1,10000,0.5,2609,3112,0.5022,1.295855349,1253,0,0.0
HD-SF,1000,10,0.0,0.2,frequency,CHI_1.0e-5,1,20000,0.5,5634,5623,0.5404,1.047919249,1323,0,0.0
HD-SF,1000,10,0.2,0.2,frequency,CHI_1.0e-5,1,2000,0.5,421,933,0.301,1.225506137,1102,0,0.0
HD-SF,1000,10,0.2,0.2,frequency,CHI_1.0e-5,1,10000,0.5,2692,3097,0.5162,1.224609115,1240,0,0.0
HD-SF,1000,10,0.2,0.2,frequency,CHI_1.0e-5,1,20000,0.5,5306,5261,0.5654,1.097212475,1346,0,0.0
HD-SF,1000,2,0.0,0.2,random,CHI_1.0e-5,1,2000,0.5,114,330,0.742,7.087300403,1255,0,0.0
HD-SF,1000,2,0.0,0.2,random,CHI_1.0e-5,1,10000,0.5,951,1145,0.8784,1.217952342,1349,0,0.0
HD-SF,1000,2,0.0,0.2,random,CHI_1.0e-5,1,20000,0.5,1854,1974,0.9182,1.191940724,1399,0,0.0
HD-SF,1000,2,0.2,0.2,random,CHI_1.0e-5,1,2000,0.5,104,311,0.733,1.019366476,1235,0,0.0
HD-SF,1000,2,0.2,0.2,random,CHI_1.0e-5,1,10000,0.5,747,1039,0.8896,1.270801146,1354,0,0.0
HD-SF,1000,2,0.2,0.2,random,CHI_1.0e-5,1,20000,0.5,1423,1589,0.9455,1.31068069,1387,0,0.0
HD-SF,1000,4,0.0,0.2,random,CHI_1.0e-5,1,2000,0.5,346,772,0.411,1.55443628,1351,0,0.0
HD-SF,1000,4,0.0,0.2,random,CHI_1.0e-5,1,10000,0.5,1873,2334,0.674,1.686775387,1548,0,0.0
HD-SF,1000,4,0.0,0.2,random,CHI_1.0e-5,1,20000,0.5,4202,4692,0.6728,1.383867112,1604,0,0.0
HD-SF,1000,4,0.2,0.2,random,CHI_1.0e-5,1,2000,0.5,238,607,0.538,1.264722006,1337,0,0.0
HD-SF,1000,4,0.2,0.2,random,CHI_1.0e-5,1,10000,0.5,1942,2491,0.6294,1.716376456,1580,0,0.0
HD-SF,1000,4,0.2,0.2,random,CHI_1.0e-5,1,20000,0.5,3565,3995,0.7063,1.224896423,1604,0,0.0
HD-SF,1000,6,0.0,0.2,random,CHI_1.0e-5,1,2000,0.5,407,846,0.402,1.610177828,1332,0,0.0
HD-SF,1000,6,0.0,0.2,random,CHI_1.0e-5,1,10000,0.5,2338,2739,0.602,1.610964574,1629,0,0.0
HD-SF,1000,6,0.0,0.2,random,CHI_1.0e-5,1,20000,0.5,5056,5499,0.598,1.688808029,1720,0,0.0
HD-SF,1000,6,0.2,0.2,random,CHI_1.0e-5,1,2000,0.5,379,890,0.366,1.612160777,1380,0,0.0
HD-SF,1000,6,0.2,0.2,random,CHI_1.0e-5,1,10000,0.5,2479,2943,0.556,1.244021638,1710,0,0.0
HD-SF,1000,6,0.2,0.2,random,CHI_1.0e-5,1,20000,0.5,5104,5678,0.5921,1.614261686,1764,0,0.0
HD-SF,1000,8,0.0,0.2,random,CHI_1.0e-5,1,2000,0.5,465,962,0.358,1.233884549,1501,0,0.0
HD-SF,1000,8,0.0,0.2,random,CHI_1.0e-5,1,10000,0.5,2714,3212,0.5252,1.139334385,1777,0,0.0
HD-SF,1000,8,0.0,0.2,random,CHI_1.0e-5,1,20000,0.5,5454,5805,0.5834,1.195906851,1830,0,0.0
HD-SF,1000,8,0.2,0.2,random,CHI_1.0e-5,1,2000,0.5,493,980,0.318,1.239291278,1541,0,0.0
HD-SF,1000,8,0.2,0.2,random,CHI_1.0e-5,1,10000,0.5,2807,3245,0.5442,1.172093596,1813,0,0.0
HD-SF,1000,8,0.2,0.2,random,CHI_1.0e-5,1,20000,0.5,5817,6313,0.5442,0.937671949,1885,0,0.0
HD-SF,1000,10,0.0,0.2,random,CHI_1.0e-5,1,2000,0.5,485,997,0.341,1.162648675,1486,0,0.0
HD-SF,1000,10,0.0,0.2,random,CHI_1.0e-5,1,10000,0.5,2605,3023,0.5558,0.998278731,1854,0,0.0
HD-SF,1000,10,0.0,0.2,random,CHI_1.0e-5,1,20000,0.5,5765,5978,0.5876,1.204798976,1912,0,0.0
HD-SF,1000,10,0.2,0.2,random,CHI_1.0e-5,1,2000,0.5,490,1051,0.32,1.157148911,1505,0,0.0
HD-SF,1000,10,0.2,0.2,random,CHI_1.0e-5,1,10000,0.5,2837,3486,0.4962,0.883883053,1769,0,0.0
HD-SF,1000,10,0.2,0.2,random,CHI_1.0e-5,1,20000,0.5,5908,6293,0.5619,0.991833635,1890,0,0.0
MD-SF,1000,2,0.0,0.0,uniform,CHI_1.0e-5,1,2000,0.5,320,573,0.427,5.799556155,1000,0,0.0
MD-SF,1000,2,0.0,0.0,uniform,CHI_1.0e-5_LS,1,2000,0.5,284,564,0.436,6.036854937,1000,4,0.0
MD-SF,1000,2,0.0,0.0,uniform,CHI_1.0e-5,1,10000,0.5,2282,2543,0.4914,1.302081384,1000,0,0.0
MD-SF,1000,2,0.0,0.0,uniform,CHI_1.0e-5_LS,1,10000,0.5,1827,2240,0.552,1.308691891,1000,8,0.0
MD-SF,1000,2,0.0,0.0,uniform,CHI_1.0e-5,1,20000,0.5,4491,4673,0.5327,1.369331944,1000,0,0.0
MD-SF,1000,2,0.0,0.0,uniform,CHI_1.0e-5_LS,1,20000,0.5,4005,4460,0.554,1.377512284,1000,7,0.0
MD-SF,1000,2,0.2,0.0,uniform,CHI_1.0e-5,1,2000,0.5,324,573,0.427,1.783459053,1000,0,0.0
MD-SF,1000,2,0.2,0.0,uniform,CHI_1.0e-5_LS,1,2000,0.5,233,554,0.446,1.787894751,1000,6,0.0
MD-SF,1000,2,0.2,0.0,uniform,CHI_1.0e-5,1,10000,0.5,2105,2347,0.5306,1.678492305,1000,0,0.0
MD-SF,1000,2,0.2,0.0,uniform,CHI_1.0e-5_LS,1,10000,0.5,1765,2025,0.595,1.683940151,1000,5,0.0
MD-SF,1000,2,0.2,0.0,uniform,CHI_1.0e-5,1,20000,0.5,4310,4596,0.5404,1.825544201,1000,0,0.0
MD-SF,1000,2,0.2,0.0,uniform,CHI_1.0e-5_LS,1,20000,0.5,3848,4264,0.5736,1.832253733,1000,5,0.0
MD-SF,1000,4,0.0,0.0,uniform,CHI_1.0e-5,1,2000,0.5,553,1021,0.226,1.28399659,1000,0,0.0
MD-SF,1000,4,0.0,0.0,uniform,CHI_1.0e-5_LS,1,2000,0.5,462,971,0.257,1.287477387,1000,3,0.0
MD-SF,1000,4,0.0,0.0,uniform,CHI_1.0e-5,1,10000,0.5,3569,3932,0.3786,1.55518791,1000,0,0.0
MD-SF,1000,4,0.0,0.0,uniform,CHI_1.0e-5_LS,1,10000,0.5,2990,3597,0.4252,1.5704034119999999,1000,15,0.0
MD-SF,1000,4,0.0,0.0,uniform,CHI_1.0e-5,1,20000,0.5,6763,7022,0.4304,1.184934265,1000,0,0.0
MD-SF,1000,4,0.0,0.0,uniform,CHI_1.0e-5_LS,1,20000,0.5,6238,6938,0.4352,1.193448531,1000,7,0.0
MD-SF,1000,4,0.2,0.0,uniform,CHI_1.0e-5,1,2000,0.5,505,977,0.242,1.150449979,1000,0,0.0
MD-SF,1000,4,0.2,0.0,uniform,CHI_1.0e-5_LS,1,2000,0.5,418,954,0.256,1.1550193370000001,1000,5,0.0
MD-SF,1000,4,0.2,0.0,uniform,CHI_1.0e-5,1,10000,0.5,3520,3889,0.387,0.816802439,1000,0,0.0
MD-SF,1000,4,0.2,0.0,uniform,CHI_1.0e-5_LS,1,10000,0.5,3052,3593,0.4214,0.8242539830000001,1000,7,0.0
MD-SF,1000,4,0.2,0.0,uniform,CHI_1.0e-5,1,20000,0.5,7172,7526,0.3972,0.878939792,1000,0,0.0
MD-SF,1000,4,0.2,0.0,uniform,CHI_1.0e-5_LS,1,20000,0.5,6603,7299,0.4128,0.8871935700000001,1000,7,0.0
MD-SF,1000,6,0.0,0.0,uniform,CHI_1.0e-5,1,2000,0.5,638,1170,0.2,1.195415419,1000,0,0.0
MD-SF,1000,6,0.0,0.0,uniform,CHI_1.0e-5_LS,1,2000,0.5,567,1152,0.211,1.200936742,1000,5,0.0
MD-SF,1000,6,0.0,0.0,uniform,CHI_1.0e-5,1,10000,0.5,4376,4740,0.3162,0.873241667,1000,0,0.0
MD-SF,1000,6,0.0,0.0,uniform,CHI_1.0e-5_LS,1,10000,0.5,4017,4752,0.31,0.880142237,1000,6,0.0
MD-SF,1000,6,0.0,0.0,uniform,CHI_1.0e-5,1,20000,0.5,8106,8291,0.3768,0.839915393,1000,0,0.0
MD-SF,1000,6,0.0,0.0,uniform,CHI_1.0e-5_LS,1,20000,0.5,7625,8216,0.3791,0.850661455,1000,8,0.0
MD-SF,1000,6,0.2,0.0,uniform,CHI_1.0e-5,1,2000,0.5,636,1218,0.156,0.767932888,1000,0,0.0
MD-SF,1000,6,0.2,0.0,uniform,CHI_1.0e-5_LS,1,2000,0.5,525,1161,0.2,0.775020589,1000,7,0.0
MD-SF,1000,6,0.2,0.0,uniform,CHI_1.0e-5,1,10000,0.5,4132,4492,0.3366,0.847731709,1000,0,0.0
MD-SF,1000,6,0.2,0.0,uniform,CHI_1.0e-5_LS,1,10000,0.5,3618,4127,0.3886,0.8585521490000001,1000,10,0.0
MD-SF,1000,6,0.2,0.0,uniform,CHI_1.0e-5,1,20000,0.5,8319,8722,0.3529,0.86191151,1000,0,0.0
MD-SF,1000,6,0.2,0.0,uniform,CHI_1.0e-5_LS,1,20000,0.5,7777,8614,0.3612,0.874823523,1000,10,0.0
MD-SF,1000,8,0.0,0.0,uniform,CHI_1.0e-5,1,2000,0.5,683,1344,0.142,0.769371325,1000,0,0.0
MD-SF,1000,8,0.0,0.0,uniform,CHI_1.0e-5_LS,1,2000,0.5,613,1302,0.163,0.7776486770000001,1000,7,0.0
MD-SF,1000,8,0.0,0.0,uniform,CHI_1.0e-5,1,10000,0.5,4209,4654,0.3292,1.074369109,1000,0,0.0
MD-SF,1000,8,0.0,0.0,uniform,CHI_1.0e-5_LS,1,10000,0.5,3906,4581,0.341,1.087347608,1000,10,0.0
MD-SF,1000,8,0.0,0.0,uniform,CHI_1.0e-5,1,20000,0.5,8710,8965,0.355,1.207400765,1000,0,0.0
MD-SF,1000,8,0.0,0.0,uniform,CHI_1.0e-5_LS,1,20000,0.5,8256,9020,0.3482,1.2340104040000002,1000,8,0.0
MD-SF,1000,8,0.2,0.0,uniform,CHI_1.0e-5,1,2000,0.5,669,1210,0.183,1.067464141,1000,0,0.0
MD-SF,1000,8,0.2,0.0,uniform,CHI_1.0e-5_LS,1,2000,0.5,587,1144,0.196,1.073575811,1000,4,0.0
MD-SF,1000,8,0.2,0.0,uniform,CHI_1.0e-5,1,10000,0.5,4120,4586,0.333,0.997687493,1000,0,0.0
MD-SF,1000,8,0.2,0.0,uniform,CHI_1.0e-5_LS,1,10000,0.5,3718,4283,0.373,1.020992485,1000,9,0.0
MD-SF,1000,8,0.2,0.0,uniform,CHI_1.0e-5,1,20000,0.5,8423,8889,0.3584,1.105549831,1000,0,0.0
MD-SF,1000,8,0.2,0.0,uniform,CHI_1.0e-5_LS,1,20000,0.5,7923,8758,0.3628,1.1338783239999999,1000,12,0.0
MD-SF,1000,10,0.0,0.0,uniform,CHI_1.0e-5,1,2000,0.5,691,1320,0.157,0.981139011,1000,0,0.0
MD-SF,1000,10,0.0,0.0,uniform,CHI_1.0e-5_LS,1,2000,0.5,644,1318,0.155,0.987349526,1000,4,0.0
MD-SF,1000,10,0.0,0.0,uniform,CHI_1.0e-5,1,10000,0.5,4532,4992,0.3066,1.280714316,1000,0,0.0
MD-SF,1000,10,0.0,0.0,uniform,CHI_1.0e-5_LS,1,10000,0.5,4111,4749,0.3348,1.3027199710000001,1000,13,0.0
MD-SF,1000,10,0.0,0.0,uniform,CHI_1.0e-5,1,20000,0.5,8441,8769,0.3714,0.851758461,1000,0,0.0
MD-SF,1000,10,0.0,0.0,uniform,CHI_1.0e-5_LS,1,20000,0.5,7994,8777,0.3721,0.88344497,1000,8,0.0
MD-SF,1000,10,0.2,0.0,uniform,CHI_1.0e-5,1,2000,0.5,743,1374,0.125,0.786447857,1000,0,0.0
MD-SF,1000,10,0.2,0.0,uniform,CHI_1.0e-5_LS,1,2000,0.5,679,1338,0.135,0.8000092179999999,1000,9,0.0
MD-SF,1000,10,0.2,0.0,uniform,CHI_1.0e-5,1,10000,0.5,4779,5226,0.285,0.725008915,1000,0,0.0
MD-SF,1000,10,0.2,0.0,uniform,CHI_1.0e-5_LS,1,10000,0.5,4369,5029,0.2972,0.734483934,1000,7,0.0
MD-SF,1000,10,0.2,0.0,uniform,CHI_1.0e-5,1,20000,0.5,8610,8858,0.3624,0.845671036,1000,0,0.0
MD-SF,1000,10,0.2,0.0,uniform,CHI_1.0e-5_LS,1,20000,0.5,8108,8748,0.3683,0.8765609010000001,1000,13,0.0
MD-SF,1000,2,0.0,0.2,uniform,CHI_1.0e-5,1,2000,0.5,197,434,0.615,0.665996052,1200,0,0.0
MD-SF,1000,2,0.0,0.2,uniform,CHI_1.0e-5_LS,1,2000,0.5,107,418,0.631,0.668700172,1200,6,0.0
MD-SF,1000,2,0.0,0.2,uniform,CHI_1.0e-5,1,10000,0.5,1493,1880,0.6514,0.680535096,1200,0,0.0
MD-SF,1000,2,0.0,0.2,uniform,CHI_1.0e-5_LS,1,10000,0.5,1238,1839,0.6596,0.686256094,1200,7,0.0
MD-SF,1000,2,0.0,0.2,uniform,CHI_1.0e-5,1,20000,0.5,2973,3254,0.712,0.759286604,1200,0,0.0
MD-SF,1000,2,0.0,0.2,uniform,CHI_1.0e-5_LS,1,20000,0.5,2638,3076,0.7298,0.766849156,1200,6,0.0
MD-SF,1000,2,0.2,0.2,uniform,CHI_1.0e-5,1,2000,0.5,143,415,0.62,0.745775808,1200,0,0.0
MD-SF,1000,2,0.2,0.2,uniform,CHI_1.0e-5_LS,1,2000,0.5,82,398,0.637,0.747944826,1200,4,0.0
MD-SF,1000,2,0.2,0.2,uniform,CHI_1.0e-5,1,10000,0.5,1266,1765,0.6822,0.756342744,1200,0,0.0
MD-SF,1000,2,0.2,0.2,uniform,CHI_1.0e-5_LS,1,10000,0.5,1077,1589,0.7174,0.761368619,1200,7,0.0
MD-SF,1000,2,0.2,0.2,uniform,CHI_1.0e-5,1,20000,0.5,2876,3288,0.7023,0.70740344,1200,0,0.0
MD-SF,1000,2,0.2,0.2,uniform,CHI_1.0e-5_LS,1,20000,0.5,2333,2925,0.7386,0.716936156,1200,11,0.0
MD-SF,1000,4,0.0,0.2,uniform,CHI_1.0e-5,1,2000,0.5,479,983,0.281,0.75106126,1200,0,0.0
MD-SF,1000,4,0.0,0.2,uniform,CHI_1.0e-5_LS,1,2000,0.5,330,914,0.315,0.757025175,1200,7,0.0
MD-SF,1000,4,0.0,0.2,uniform,CHI_1.0e-5,1,10000,0.5,3322,3739,0.4172,0.71410587,1200,0,0.0
MD-SF,1000,4,0.0,0.2,uniform,CHI_1.0e-5_LS,1,10000,0.5,2858,3549,0.4406,0.724193737,1200,9,0.0
MD-SF,1000,4,0.0,0.2,uniform,CHI_1.0e-5,1,20000,0.5,6704,7165,0.4444,0.755169413,1200,0,0.0
MD-SF,1000,4,0.0,0.2,uniform,CHI_1.0e-5_LS,1,20000,0.5,6073,6911,0.4609,0.768892347,1200,8,0.0
MD-SF,1000,4,0.2,0.2,uniform,CHI_1.0e-5,1,2000,0.5,464,910,0.295,0.83752517,1200,0,0.0
MD-SF,1000,4,0.2,0.2,uniform,CHI_1.0e-5_LS,1,2000,0.5,330,866,0.326,0.842926057,1200,6,0.0
MD-SF,1000,4,0.2,0.2,uniform,CHI_1.0e-5,1,10000,0.5,3004,3503,0.4384,0.663546488,1200,0,0.0
MD-SF,1000,4,0.2,0.2,uniform,CHI_1.0e-5_LS,1,10000,0.5,2694,3262,0.4764,0.6717620550000001,1200,7,0.0
MD-SF,1000,4,0.2,0.2,uniform,CHI_1.0e-5,1,20000,0.5,6200,6558,0.4785,0.735623651,1200,0,0.0
MD-SF,1000,4,0.2,0.2,uniform,CHI_1.0e-5_LS,1,20000,0.5,5637,6351,0.4897,0.779283092,1200,9,0.0
MD-SF,1000,6,0.0,0.2,uniform,CHI_1.0e-5,1,2000,0.5,537,1218,0.192,0.746446736,1200,0,0.0
MD-SF,1000,6,0.0,0.2,uniform,CHI_1.0e-5_LS,1,2000,0.5,453,1198,0.206,0.7526144419999999,1200,5,0.0
MD-SF,1000,6,0.0,0.2,uniform,CHI_1.0e-5,1,10000,0.5,3860,4196,0.3822,0.737770226,1200,0,0.0
MD-SF,1000,6,0.0,0.2,uniform,CHI_1.0e-5_LS,1,10000,0.5,3446,4009,0.4086,0.751462954,1200,10,0.0
MD-SF,1000,6,0.0,0.2,uniform,CHI_1.0e-5,1,20000,0.5,8211,8494,0.373,0.736267657,1200,0,0.0
MD-SF,1000,6,0.0,0.2,uniform,CHI_1.0e-5_LS,1,20000,0.5,7598,8240,0.3877,0.757855469,1200,12,0.0
MD-SF,1000,6,0.2,0.2,uniform,CHI_1.0e-5,1,2000,0.5,540,1142,0.184,0.850548923,1200,0,0.0
MD-SF,1000,6,0.2,0.2,uniform,CHI_1.0e-5_LS,1,2000,0.5,457,1132,0.194,0.8719309199999999,1200,6,0.0
MD-SF,1000,6,0.2,0.2,uniform,CHI_1.0e-5,1,10000,0.5,3750,4245,0.3724,0.804186833,1200,0,0.0
MD-SF,1000,6,0.2,0.2,uniform,CHI_1.0e-5_LS,1,10000,0.5,3399,4072,0.3916,0.8138941970000001,1200,6,0.0
MD-SF,1000,6,0.2,0.2,uniform,CHI_1.0e-5,1,20000,0.5,7246,7655,0.4211,0.834060553,1200,0,0.0
MD-SF,1000,6,0.2,0.2,uniform,CHI_1.0e-5_LS,1,20000,0.5,6768,7457,0.4363,0.851263713,1200,10,0.0
MD-SF,1000,8,0.0,0.2,uniform,CHI_1.0e-5,1,2000,0.5,577,1273,0.185,0.997911954,1200,0,0.0
MD-SF,1000,8,0.0,0.2,uniform,CHI_1.0e-5_LS,1,2000,0.5,494,1251,0.187,1.022709175,1200,7,0.0
MD-SF,1000,8,0.0,0.2,uniform,CHI_1.0e-5,1,10000,0.5,4197,4703,0.3392,0.712358433,1200,0,0.0
MD-SF,1000,8,0.0,0.2,uniform,CHI_1.0e-5_LS,1,10000,0.5,3757,4420,0.3642,0.728270131,1200,9,0.0
MD-SF,1000,8,0.0,0.2,uniform,CHI_1.0e-5,1,20000,0.5,8310,8533,0.38,0.710381676,1200,0,0.0
MD-SF,1000,8,0.0,0.2,uniform,CHI_1.0e-5_LS,1,20000,0.5,7756,8372,0.3887,0.73029009,1200,8,0.0
MD-SF,1000,8,0.2,0.2,uniform,CHI_1.0e-5,1,2000,0.5,631,1273,0.162,0.69679608,1200,0,0.0
MD-SF,1000,8,0.2,0.2,uniform,CHI_1.0e-5_LS,1,2000,0.5,533,1277,0.158,0.718474352,1200,6,0.0
MD-SF,1000,8,0.2,0.2,uniform,CHI_1.0e-5,1,10000,0.5,3992,4403,0.3768,0.718267573,1200,0,0.0
MD-SF,1000,8,0.2,0.2,uniform,CHI_1.0e-5_LS,1,10000,0.5,3712,4353,0.3834,0.730454257,1200,6,0.0
MD-SF,1000,8,0.2,0.2,uniform,CHI_1.0e-5,1,20000,0.5,8262,8659,0.3667,0.776072351,1200,0,0.0
MD-SF,1000,8,0.2,0.2,uniform,CHI_1.0e-5_LS,1,20000,0.5,7554,8243,0.3959,0.8113399160000001,1200,15,0.0
MD-SF,1000,10,0.0,0.2,uniform,CHI_1.0e-5,1,2000,0.5,690,1319,0.158,0.657026222,1200,0,0.0
MD-SF,1000,10,0.0,0.2,uniform,CHI_1.0e-5_LS,1,2000,0.5,594,1300,0.175,0.6736972640000001,1200,8,0.0
MD-SF,1000,10,0.0,0.2,uniform,CHI_1.0e-5,1,10000,0.5,4465,4869,0.3186,0.763072002,1200,0,0.0
MD-SF,1000,10,0.0,0.2,uniform,CHI_1.0e-5_LS,1,10000,0.5,4047,4674,0.3418,0.816648661,1200,9,0.0
MD-SF,1000,10,0.0,0.2,uniform,CHI_1.0e-5,1,20000,0.5,8930,9181,0.3496,0.726090794,1200,0,0.0
MD-SF,1000,10,0.0,0.2,uniform,CHI_1.0e-5_LS,1,20000,0.5,8392,9101,0.3534,0.781101422,1200,14,0.0
MD-SF,1000,10,0.2,0.2,uniform,CHI_1.0e-5,1,2000,0.5,665,1322,0.161,0.75597826,1200,0,0.0
MD-SF,1000,10,0.2,0.2,uniform,CHI_1.0e-5_LS,1,2000,0.5,597,1286,0.177,0.7745537240000001,1200,9,0.0
MD-SF,1000,10,0.2,0.2,uniform,CHI_1.0e-5,1,10000,0.5,4435,5008,0.3114,0.691621115,1200,0,0.0
MD-SF,1000,10,0.2,0.2,uniform,CHI_1.0e-5_LS,1,10000,0.5,3923,4616,0.3548,0.7185485199999999,1200,11,0.0
MD-SF,1000,10,0.2,0.2,uniform,CHI_1.0e-5,1,20000,0.5,8416,8667,0.3743,0.771736069,1200,0,0.0
MD-SF,1000,10,0.2,0.2,uniform,CHI_1.0e-5_LS,1,20000,0.5,7901,8519,0.3811,0.807616664,1200,8,0.0
MD-SF,1000,2,0.0,0.2,frequency,CHI_1.0e-5,1,2000,0.5,270,496,0.518,6.348990796,1104,0,0.0
MD-SF,1000,2,0.0,0.2,frequency,CHI_1.0e-5,1,10000,0.5,1585,1879,0.6464,1.159496032,1208,0,0.0
MD-SF,1000,2,0.0,0.2,frequency,CHI_1.0e-5,1,20000,0.5,2644,2824,0.7538,1.137264743,1259,0,0.0
MD-SF,1000,2,0.2,0.2,frequency,CHI_1.0e-5,1,2000,0.5,241,511,0.502,1.16121736,1106,0,0.0
MD-SF,1000,2,0.2,0.2,frequency,CHI_1.0e-5,1,10000,0.5,1420,1697,0.6848,1.276161147,1201,0,0.0
MD-SF,1000,2,0.2,0.2,frequency,CHI_1.0e-5,1,20000,0.5,2596,2678,0.7656,1.111012644,1251,0,0.0
MD-SF,1000,4,0.0,0.2,frequency,CHI_1.0e-5,1,2000,0.5,504,1017,0.224,1.235807364,1101,0,0.0
MD-SF,1000,4,0.0,0.2,frequency,CHI_1.0e-5,1,10000,0.5,3520,3889,0.3946,1.365810721,1220,0,0.0
MD-SF,1000,4,0.0,0.2,frequency,CHI_1.0e-5,1,20000,0.5,6992,7320,0.4156,1.327533994,1263,0,0.0
MD-SF,1000,4,0.2,0.2,frequency,CHI_1.0e-5,1,2000,0.5,462,962,0.272,1.35642417,1096,0,0.0
MD-SF,1000,4,0.2,0.2,frequency,CHI_1.0e-5,1,10000,0.5,3348,3683,0.4036,1.766687622,1205,0,0.0
MD-SF,1000,4,0.2,0.2,frequency,CHI_1.0e-5,1,20000,0.5,6272,6499,0.4684,1.284870349,1275,0,0.0
MD-SF,1000,6,0.0,0.2,frequency,CHI_1.0e-5,1,2000,0.5,549,1189,0.188,1.356928987,1095,0,0.0
MD-SF,1000,6,0.0,0.2,frequency,CHI_1.0e-5,1,10000,0.5,4094,4527,0.3302,1.464375735,1231,0,0.0
MD-SF,1000,6,0.0,0.2,frequency,CHI_1.0e-5,1,20000,0.5,8564,8766,0.3478,1.485588504,1260,0,0.0
MD-SF,1000,6,0.2,0.2,frequency,CHI_1.0e-5,1,2000,0.5,608,1179,0.16,1.743270128,1091,0,0.0
MD-SF,1000,6,0.2,0.2,frequency,CHI_1.0e-5,1,10000,0.5,4208,4697,0.3064,1.648460628,1217,0,0.0
MD-SF,1000,6,0.2,0.2,frequency,CHI_1.0e-5,1,20000,0.5,7928,8193,0.3767,1.428534434,1295,0,0.0
MD-SF,1000,8,0.0,0.2,frequency,CHI_1.0e-5,1,2000,0.5,589,1278,0.165,1.720886464,1092,0,0.0
MD-SF,1000,8,0.0,0.2,frequency,CHI_1.0e-5,1,10000,0.5,4526,5013,0.2858,1.54184103,1195,0,0.0
MD-SF,1000,8,0.0,0.2,frequency,CHI_1.0e-5,1,20000,0.5,8402,8614,0.3646,1.43181207,1273,0,0.0
MD-SF,1000,8,0.2,0.2,frequency,CHI_1.0e-5,1,2000,0.5,603,1268,0.168,1.380595437,1092,0,0.0
MD-SF,1000,8,0.2,0.2,frequency,CHI_1.0e-5,1,10000,0.5,4425,4914,0.2954,1.282592147,1216,0,0.0
MD-SF,1000,8,0.2,0.2,frequency,CHI_1.0e-5,1,20000,0.5,8292,8370,0.3741,1.031473169,1292,0,0.0
MD-SF,1000,10,0.0,0.2,frequency,CHI_1.0e-5,1,2000,0.5,697,1345,0.132,1.061905146,1090,0,0.0
MD-SF,1000,10,0.0,0.2,frequency,CHI_1.0e-5,1,10000,0.5,4650,5082,0.2898,1.22444109,1214,0,0.0
MD-SF,1000,10,0.0,0.2,frequency,CHI_1.0e-5,1,20000,0.5,9347,9390,0.3322,1.045078883,1293,0,0.0
MD-SF,1000,10,0.2,0.2,frequency,CHI_1.0e-5,1,2000,0.5,650,1273,0.16,0.917708754,1092,0,0.0
MD-SF,1000,10,0.2,0.2,frequency,CHI_1.0e-5,1,10000,0.5,4467,4966,0.3068,1.054178116,1205,0,0.0
MD-SF,1000,10,0.2,0.2,frequency,CHI_1.0e-5,1,20000,0.5,8779,9052,0.3366,1.142199797,1267,0,0.0
MD-SF,1000,2,0.0,0.2,random,CHI_1.0e-5,1,2000,0.5,167,413,0.649,6.04165054,1246,0,0.0
MD-SF,1000,2,0.0,0.2,random,CHI_1.0e-5,1,10000,0.5,1301,1549,0.7854,1.202379099,1380,0,0.0
MD-SF,1000,2,0.0,0.2,random,CHI_1.0e-5,1,20000,0.5,2389,2621,0.8553,1.040129361,1406,0,0.0
MD-SF,1000,2,0.2,0.2,random,CHI_1.0e-5,1,2000,0.5,109,344,0.703,1.212248065,1245,0,0.0
MD-SF,1000,2,0.2,0.2,random,CHI_1.0e-5,1,10000,0.5,987,1276,0.8376,1.006421141,1368,0,0.0
MD-SF,1000,2,0.2,0.2,random,CHI_1.0e-5,1,20000,0.5,1965,2305,0.8743,1.417335032,1399,0,0.0
MD-SF,1000,4,0.0,0.2,random,CHI_1.0e-5,1,2000,0.5,403,925,0.348,1.219731067,1362,0,0.0
MD-SF,1000,4,0.0,0.2,random,CHI_1.0e-5,1,10000,0.5,3193,3787,0.4636,1.64016976,1581,0,0.0
MD-SF,1000,4,0.0,0.2,random,CHI_1.0e-5,1,20000,0.5,6505,6938,0.523,1.451970592,1626,0,0.0
MD-SF,1000,4,0.2,0.2,random,CHI_1.0e-5,1,2000,0.5,415,885,0.324,1.295243862,1340,0,0.0
MD-SF,1000,4,0.2,0.2,random,CHI_1.0e-5,1,10000,0.5,2626,3148,0.5452,1.672859401,1612,0,0.0
MD-SF,1000,4,0.2,0.2,random,CHI_1.0e-5,1,20000,0.5,5744,6313,0.5325,1.255839479,1595,0,0.0
MD-SF,1000,6,0.0,0.2,random,CHI_1.0e-5,1,2000,0.5,512,1153,0.245,1.642907033,1365,0,0.0
MD-SF,1000,6,0.0,0.2,random,CHI_1.0e-5,1,10000,0.5,3928,4471,0.3918,1.577743165,1710,0,0.0
MD-SF,1000,6,0.0,0.2,random,CHI_1.0e-5,1,20000,0.5,8048,8575,0.4175,1.514589738,1732,0,0.0
MD-SF,1000,6,0.2,0.2,random,CHI_1.0e-5,1,2000,0.5,512,1095,0.226,1.674845555,1381,0,0.0
MD-SF,1000,6,0.2,0.2,random,CHI_1.0e-5,1,10000,0.5,3629,4172,0.416,1.216126868,1744,0,0.0
MD-SF,1000,6,0.2,0.2,random,CHI_1.0e-5,1,20000,0.5,7082,7643,0.4586,1.608080195,1783,0,0.0
MD-SF,1000,8,0.0,0.2,random,CHI_1.0e-5,1,2000,0.5,560,1237,0.21,1.341531512,1520,0,0.0
MD-SF,1000,8,0.0,0.2,random,CHI_1.0e-5,1,10000,0.5,4255,4806,0.377,1.476936179,1851,0,0.0
MD-SF,1000,8,0.0,0.2,random,CHI_1.0e-5,1,20000,0.5,8451,8992,0.4027,1.269237563,1886,0,0.0
MD-SF,1000,8,0.2,0.2,random,CHI_1.0e-5,1,2000,0.5,583,1232,0.229,1.190793403,1461,0,0.0
MD-SF,1000,8,0.2,0.2,random,CHI_1.0e-5,1,10000,0.5,4263,4742,0.3548,0.985808146,1789,0,0.0
MD-SF,1000,8,0.2,0.2,random,CHI_1.0e-5,1,20000,0.5,8062,8407,0.4227,1.18356074,1916,0,0.0
MD-SF,1000,10,0.0,0.2,random,CHI_1.0e-5,1,2000,0.5,715,1365,0.171,1.220924786,1491,0,0.0
MD-SF,1000,10,0.0,0.2,random,CHI_1.0e-5,1,10000,0.5,4690,5152,0.3238,1.104422266,1845,0,0.0
MD-SF,1000,10,0.0,0.2,random,CHI_1.0e-5,1,20000,0.5,8767,9185,0.3845,1.165004382,1993,0,0.0
MD-SF,1000,10,0.2,0.2,random,CHI_1.0e-5,1,2000,0.5,683,1335,0.159,0.76416381,1441,0,0.0
MD-SF,1000,10,0.2,0.2,random,CHI_1.0e-5,1,10000,0.5,4627,5283,0.2916,1.134535746,1826,0,0.0
MD-SF,1000,10,0.2,0.2,random,CHI_1.0e-5,1,20000,0.5,8924,9343,0.3705,0.881670744,1907,0,0.0
ID-SF,1000,2,0.0,0.0,uniform,CHI_1.0e-5,1,2000,0.5,411,656,0.344,6.744290267,1000,0,0.0
ID-SF,1000,2,0.0,0.0,uniform,CHI_1.0e-5_LS,1,2000,0.5,341,663,0.337,6.959998913,1000,4,0.0
ID-SF,1000,2,0.0,0.0,uniform,CHI_1.0e-5,1,10000,0.5,3298,3428,0.3144,1.196990694,1000,0,0.0
ID-SF,1000,2,0.0,0.0,uniform,CHI_1.0e-5_LS,1,10000,0.5,2650,3481,0.3038,1.203141909,1000,8,0.0
ID-SF,1000,2,0.0,0.0,uniform,CHI_1.0e-5,1,20000,0.5,6672,6816,0.3184,1.468167264,1000,0,0.0
ID-SF,1000,2,0.0,0.0,uniform,CHI_1.0e-5_LS,1,20000,0.5,5793,6765,0.3235,1.477840163,1000,10,0.0
ID-SF,1000,2,0.2,0.0,uniform,CHI_1.0e-5,1,2000,0.5,409,659,0.341,1.239766689,1000,0,0.0
ID-SF,1000,2,0.2,0.0,uniform,CHI_1.0e-5_LS,1,2000,0.5,301,653,0.347,1.243039526,1000,5,0.0
ID-SF,1000,2,0.2,0.0,uniform,CHI_1.0e-5,1,10000,0.5,3034,3292,0.3416,1.578327422,1000,0,0.0
ID-SF,1000,2,0.2,0.0,uniform,CHI_1.0e-5_LS,1,10000,0.5,2583,3317,0.3366,1.583642119,1000,5,0.0
ID-SF,1000,2,0.2,0.0,uniform,CHI_1.0e-5,1,20000,0.5,6123,6565,0.3435,2.013018691,1000,0,0.0
ID-SF,1000,2,0.2,0.0,uniform,CHI_1.0e-5_LS,1,20000,0.5,5543,6545,0.3455,2.0214097370000004,1000,6,0.0
ID-SF,1000,4,0.0,0.0,uniform,CHI_1.0e-5,1,2000,0.5,706,1159,0.155,1.697511901,1000,0,0.0
ID-SF,1000,4,0.0,0.0,uniform,CHI_1.0e-5_LS,1,2000,0.5,580,1163,0.148,1.70493996,1000,8,0.0
ID-SF,1000,4,0.0,0.0,uniform,CHI_1.0e-5,1,10000,0.5,5845,6003,0.1494,1.286737461,1000,0,0.0
ID-SF,1000,4,0.0,0.0,uniform,CHI_1.0e-5_LS,1,10000,0.5,4774,6061,0.1326,1.295883852,1000,10,0.0
ID-SF,1000,4,0.0,0.0,uniform,CHI_1.0e-5,1,20000,0.5,12136,12126,0.136,1.003017137,1000,0,0.0
ID-SF,1000,4,0.0,0.0,uniform,CHI_1.0e-5_LS,1,20000,0.5,10329,12255,0.1302,1.01381747,1000,11,0.0
ID-SF,1000,4,0.2,0.0,uniform,CHI_1.0e-5,1,2000,0.5,661,1220,0.118,1.065726672,1000,0,0.0
ID-SF,1000,4,0.2,0.0,uniform,CHI_1.0e-5_LS,1,2000,0.5,573,1190,0.145,1.070177519,1000,5,0.0
ID-SF,1000,4,0.2,0.0,uniform,CHI_1.0e-5,1,10000,0.5,5603,6155,0.132,1.216087625,1000,0,0.0
ID-SF,1000,4,0.2,0.0,uniform,CHI_1.0e-5_LS,1,10000,0.5,4655,6203,0.1276,1.2231067379999998,1000,8,0.0
ID-SF,1000,4,0.2,0.0,uniform,CHI_1.0e-5,1,20000,0.5,11711,12145,0.1415,0.85316038,1000,0,0.0
ID-SF,1000,4,0.2,0.0,uniform,CHI_1.0e-5_LS,1,20000,0.5,10100,12068,0.1406,0.8638527500000001,1000,11,0.0
ID-SF,1000,6,0.0,0.0,uniform,CHI_1.0e-5,1,2000,0.5,841,1495,0.09,0.738131203,1000,0,0.0
ID-SF,1000,6,0.0,0.0,uniform,CHI_1.0e-5_LS,1,2000,0.5,782,1470,0.079,0.7423873240000001,1000,4,0.0
ID-SF,1000,6,0.0,0.0,uniform,CHI_1.0e-5,1,10000,0.5,6915,7213,0.0808,1.038901068,1000,0,0.0
ID-SF,1000,6,0.0,0.0,uniform,CHI_1.0e-5_LS,1,10000,0.5,5702,7239,0.0804,1.05080973,1000,12,0.0
ID-SF,1000,6,0.0,0.0,uniform,CHI_1.0e-5,1,20000,0.5,14027,14460,0.0834,0.809087463,1000,0,0.0
ID-SF,1000,6,0.0,0.0,uniform,CHI_1.0e-5_LS,1,20000,0.5,12114,14393,0.0845,0.8198212709999999,1000,10,0.0
ID-SF,1000,6,0.2,0.0,uniform,CHI_1.0e-5,1,2000,0.5,769,1412,0.098,0.773750427,1000,0,0.0
ID-SF,1000,6,0.2,0.0,uniform,CHI_1.0e-5_LS,1,2000,0.5,693,1429,0.1,0.778054689,1000,4,0.0
ID-SF,1000,6,0.2,0.0,uniform,CHI_1.0e-5,1,10000,0.5,6687,7231,0.083,1.148791238,1000,0,0.0
ID-SF,1000,6,0.2,0.0,uniform,CHI_1.0e-5_LS,1,10000,0.5,5564,7305,0.0798,1.158693127,1000,10,0.0
ID-SF,1000,6,0.2,0.0,uniform,CHI_1.0e-5,1,20000,0.5,14075,14399,0.0851,1.32594311,1000,0,0.0
ID-SF,1000,6,0.2,0.0,uniform,CHI_1.0e-5_LS,1,20000,0.5,12149,14453,0.0831,1.338734527,1000,11,0.0
ID-SF,1000,8,0.0,0.0,uniform,CHI_1.0e-5,1,2000,0.5,887,1573,0.056,1.607444703,1000,0,0.0
ID-SF,1000,8,0.0,0.0,uniform,CHI_1.0e-5_LS,1,2000,0.5,787,1590,0.054,1.6149478430000002,1000,6,0.0
ID-SF,1000,8,0.0,0.0,uniform,CHI_1.0e-5,1,10000,0.5,7482,7877,0.057,1.326296854,1000,0,0.0
ID-SF,1000,8,0.0,0.0,uniform,CHI_1.0e-5_LS,1,10000,0.5,6245,7890,0.0578,1.3424339360000002,1000,8,0.0
ID-SF,1000,8,0.0,0.0,uniform,CHI_1.0e-5,1,20000,0.5,15447,15724,0.0598,1.251359097,1000,0,0.0
ID-SF,1000,8,0.0,0.0,uniform,CHI_1.0e-5_LS,1,20000,0.5,13306,15734,0.0609,1.278089812,1000,11,0.0
ID-SF,1000,8,0.2,0.0,uniform,CHI_1.0e-5,1,2000,0.5,803,1599,0.06,1.069014919,1000,0,0.0
ID-SF,1000,8,0.2,0.0,uniform,CHI_1.0e-5_LS,1,2000,0.5,719,1600,0.064,1.078850423,1000,5,0.0
ID-SF,1000,8,0.2,0.0,uniform,CHI_1.0e-5,1,10000,0.5,7491,7857,0.0578,1.251160966,1000,0,0.0
ID-SF,1000,8,0.2,0.0,uniform,CHI_1.0e-5_LS,1,10000,0.5,6267,7872,0.0618,1.284722902,1000,14,0.0
ID-SF,1000,8,0.2,0.0,uniform,CHI_1.0e-5,1,20000,0.5,15138,15839,0.0609,1.096996822,1000,0,0.0
ID-SF,1000,8,0.2,0.0,uniform,CHI_1.0e-5_LS,1,20000,0.5,13109,15793,0.0612,1.1401447049999998,1000,14,0.0
ID-SF,1000,10,0.0,0.0,uniform,CHI_1.0e-5,1,2000,0.5,898,1692,0.051,0.820400907,1000,0,0.0
ID-SF,1000,10,0.0,0.0,uniform,CHI_1.0e-5_LS,1,2000,0.5,820,1675,0.051,0.8295298059999999,1000,7,0.0
ID-SF,1000,10,0.0,0.0,uniform,CHI_1.0e-5,1,10000,0.5,7853,8171,0.0494,0.99104171,1000,0,0.0
ID-SF,1000,10,0.0,0.0,uniform,CHI_1.0e-5_LS,1,10000,0.5,6564,8291,0.0476,1.051445251,1000,14,0.0
ID-SF,1000,10,0.0,0.0,uniform,CHI_1.0e-5,1,20000,0.5,16223,16526,0.0471,0.79174947,1000,0,0.0
ID-SF,1000,10,0.0,0.0,uniform,CHI_1.0e-5_LS,1,20000,0.5,14107,16605,0.048,0.8132780109999999,1000,17,0.0
ID-SF,1000,10,0.2,0.0,uniform,CHI_1.0e-5,1,2000,0.5,929,1634,0.048,0.796502813,1000,0,0.0
ID-SF,1000,10,0.2,0.0,uniform,CHI_1.0e-5_LS,1,2000,0.5,859,1602,0.046,0.806785956,1000,8,0.0
ID-SF,1000,10,0.2,0.0,uniform,CHI_1.0e-5,1,10000,0.5,7805,8191,0.0514,0.81834919,1000,0,0.0
ID-SF,1000,10,0.2,0.0,uniform,CHI_1.0e-5_LS,1,10000,0.5,6557,8212,0.049,0.8282491849999999,1000,9,0.0
ID-SF,1000,10,0.2,0.0,uniform,CHI_1.0e-5,1,20000,0.5,16155,16611,0.051,0.700003885,1000,0,0.0
ID-SF,1000,10,0.2,0.0,uniform,CHI_1.0e-5_LS,1,20000,0.5,14053,16618,0.0503,0.722078109,1000,18,0.0
ID-SF,1000,2,0.0,0.2,uniform,CHI_1.0e-5,1,2000,0.5,226,510,0.508,0.704541103,1200,0,0.0
ID-SF,1000,2,0.0,0.2,uniform,CHI_1.0e-5_LS,1,2000,0.5,122,499,0.519,0.713808011,1200,5,0.0
ID-SF,1000,2,0.0,0.2,uniform,CHI_1.0e-5,1,10000,0.5,2330,2605,0.504,0.723516586,1200,0,0.0
ID-SF,1000,2,0.0,0.2,uniform,CHI_1.0e-5_LS,1,10000,0.5,1747,2665,0.492,0.730522593,1200,7,0.0
ID-SF,1000,2,0.0,0.2,uniform,CHI_1.0e-5,1,20000,0.5,4849,5176,0.5044,0.703995179,1200,0,0.0
ID-SF,1000,2,0.0,0.2,uniform,CHI_1.0e-5_LS,1,20000,0.5,4049,5248,0.4972,0.7154823199999999,1200,7,0.0
ID-SF,1000,2,0.2,0.2,uniform,CHI_1.0e-5,1,2000,0.5,150,466,0.559,0.736960968,1200,0,0.0
ID-SF,1000,2,0.2,0.2,uniform,CHI_1.0e-5_LS,1,2000,0.5,104,477,0.548,0.739507334,1200,3,0.0
ID-SF,1000,2,0.2,0.2,uniform,CHI_1.0e-5,1,10000,0.5,1906,2349,0.5512,0.667233192,1200,0,0.0
ID-SF,1000,2,0.2,0.2,uniform,CHI_1.0e-5_LS,1,10000,0.5,1624,2343,0.5524,0.671511445,1200,4,0.0
ID-SF,1000,2,0.2,0.2,uniform,CHI_1.0e-5,1,20000,0.5,4184,4761,0.5422,0.741831402,1200,0,0.0
ID-SF,1000,2,0.2,0.2,uniform,CHI_1.0e-5_LS,1,20000,0.5,3604,4840,0.5343,0.752023895,1200,9,0.0
ID-SF,1000,4,0.0,0.2,uniform,CHI_1.0e-5,1,2000,0.5,540,1103,0.217,0.669119169,1200,0,0.0
ID-SF,1000,4,0.0,0.2,uniform,CHI_1.0e-5_LS,1,2000,0.5,447,1119,0.209,0.673487772,1200,3,0.0
ID-SF,1000,4,0.0,0.2,uniform,CHI_1.0e-5,1,10000,0.5,5221,5611,0.1978,0.675837246,1200,0,0.0
ID-SF,1000,4,0.0,0.2,uniform,CHI_1.0e-5_LS,1,10000,0.5,4056,5577,0.1992,0.689671469,1200,12,0.0
ID-SF,1000,4,0.0,0.2,uniform,CHI_1.0e-5,1,20000,0.5,10705,11133,0.1951,0.658645267,1200,0,0.0
ID-SF,1000,4,0.0,0.2,uniform,CHI_1.0e-5_LS,1,20000,0.5,8959,11122,0.201,0.679547674,1200,11,0.0
ID-SF,1000,4,0.2,0.2,uniform,CHI_1.0e-5,1,2000,0.5,535,1113,0.2,0.696954546,1200,0,0.0
ID-SF,1000,4,0.2,0.2,uniform,CHI_1.0e-5_LS,1,2000,0.5,416,1100,0.193,0.7007388529999999,1200,4,0.0
ID-SF,1000,4,0.2,0.2,uniform,CHI_1.0e-5,1,10000,0.5,4959,5505,0.1958,1.216055074,1200,0,0.0
ID-SF,1000,4,0.2,0.2,uniform,CHI_1.0e-5_LS,1,10000,0.5,3992,5505,0.1964,1.2534816370000001,1200,12,0.0
ID-SF,1000,4,0.2,0.2,uniform,CHI_1.0e-5,1,20000,0.5,10509,11022,0.204,1.024617272,1200,0,0.0
ID-SF,1000,4,0.2,0.2,uniform,CHI_1.0e-5_LS,1,20000,0.5,8914,11061,0.205,1.0765818679999999,1200,10,0.0
ID-SF,1000,6,0.0,0.2,uniform,CHI_1.0e-5,1,2000,0.5,739,1386,0.118,0.846634392,1200,0,0.0
ID-SF,1000,6,0.0,0.2,uniform,CHI_1.0e-5_LS,1,2000,0.5,593,1361,0.131,0.8544719789999999,1200,7,0.0
ID-SF,1000,6,0.0,0.2,uniform,CHI_1.0e-5,1,10000,0.5,6370,6982,0.1152,0.700024283,1200,0,0.0
ID-SF,1000,6,0.0,0.2,uniform,CHI_1.0e-5_LS,1,10000,0.5,5093,7019,0.1078,0.717471201,1200,11,0.0
ID-SF,1000,6,0.0,0.2,uniform,CHI_1.0e-5,1,20000,0.5,13247,13732,0.1221,0.820130311,1200,0,0.0
ID-SF,1000,6,0.0,0.2,uniform,CHI_1.0e-5_LS,1,20000,0.5,11363,13711,0.1221,0.851002092,1200,13,0.0
ID-SF,1000,6,0.2,0.2,uniform,CHI_1.0e-5,1,2000,0.5,710,1366,0.134,0.651519324,1200,0,0.0
ID-SF,1000,6,0.2,0.2,uniform,CHI_1.0e-5_LS,1,2000,0.5,595,1357,0.141,0.6606727889999999,1200,8,0.0
ID-SF,1000,6,0.2,0.2,uniform,CHI_1.0e-5,1,10000,0.5,6329,6780,0.1306,0.797128597,1200,0,0.0
ID-SF,1000,6,0.2,0.2,uniform,CHI_1.0e-5_LS,1,10000,0.5,5130,6824,0.1252,0.812210229,1200,9,0.0
ID-SF,1000,6,0.2,0.2,uniform,CHI_1.0e-5,1,20000,0.5,13069,13721,0.1239,0.751199829,1200,0,0.0
ID-SF,1000,6,0.2,0.2,uniform,CHI_1.0e-5_LS,1,20000,0.5,11189,13680,0.1205,0.778005377,1200,10,0.0
ID-SF,1000,8,0.0,0.2,uniform,CHI_1.0e-5,1,2000,0.5,801,1503,0.086,0.86037573,1200,0,0.0
ID-SF,1000,8,0.0,0.2,uniform,CHI_1.0e-5_LS,1,2000,0.5,665,1524,0.088,0.8795630400000001,1200,7,0.0
ID-SF,1000,8,0.0,0.2,uniform,CHI_1.0e-5,1,10000,0.5,7096,7586,0.0884,0.929032618,1200,0,0.0
ID-SF,1000,8,0.0,0.2,uniform,CHI_1.0e-5_LS,1,10000,0.5,5785,7445,0.1046,0.9811872700000001,1200,14,0.0
ID-SF,1000,8,0.0,0.2,uniform,CHI_1.0e-5,1,20000,0.5,14722,15177,0.0847,0.628043202,1200,0,0.0
ID-SF,1000,8,0.0,0.2,uniform,CHI_1.0e-5_LS,1,20000,0.5,12698,15046,0.0875,0.675517598,1200,13,0.0
ID-SF,1000,8,0.2,0.2,uniform,CHI_1.0e-5,1,2000,0.5,815,1512,0.077,0.654631941,1200,0,0.0
ID-SF,1000,8,0.2,0.2,uniform,CHI_1.0e-5_LS,1,2000,0.5,723,1518,0.088,0.6590203609999999,1200,3,0.0
ID-SF,1000,8,0.2,0.2,uniform,CHI_1.0e-5,1,10000,0.5,6993,7436,0.0902,0.701151056,1200,0,0.0
ID-SF,1000,8,0.2,0.2,uniform,CHI_1.0e-5_LS,1,10000,0.5,5719,7473,0.0882,0.7256628420000001,1200,12,0.0
ID-SF,1000,8,0.2,0.2,uniform,CHI_1.0e-5,1,20000,0.5,14497,14946,0.0931,0.666339456,1200,0,0.0
ID-SF,1000,8,0.2,0.2,uniform,CHI_1.0e-5_LS,1,20000,0.5,12587,14956,0.0956,0.7007848189999999,1200,8,0.0
ID-SF,1000,10,0.0,0.2,uniform,CHI_1.0e-5,1,2000,0.5,861,1607,0.078,0.741082086,1200,0,0.0
ID-SF,1000,10,0.0,0.2,uniform,CHI_1.0e-5_LS,1,2000,0.5,760,1613,0.071,0.7529223490000001,1200,8,0.0
ID-SF,1000,10,0.0,0.2,uniform,CHI_1.0e-5,1,10000,0.5,7530,8060,0.0618,0.68165681,1200,0,0.0
ID-SF,1000,10,0.0,0.2,uniform,CHI_1.0e-5_LS,1,10000,0.5,6165,8041,0.0634,0.755229768,1200,13,0.0
ID-SF,1000,10,0.0,0.2,uniform,CHI_1.0e-5,1,20000,0.5,15648,16237,0.0673,0.694957712,1200,0,0.0
ID-SF,1000,10,0.0,0.2,uniform,CHI_1.0e-5_LS,1,20000,0.5,13400,16299,0.0671,0.887930322,1200,14,0.0
ID-SF,1000,10,0.2,0.2,uniform,CHI_1.0e-5,1,2000,0.5,812,1547,0.076,0.653300164,1200,0,0.0
ID-SF,1000,10,0.2,0.2,uniform,CHI_1.0e-5_LS,1,2000,0.5,717,1541,0.082,0.682385326,1200,8,0.0
ID-SF,1000,10,0.2,0.2,uniform,CHI_1.0e-5,1,10000,0.5,7393,8136,0.0676,0.642203385,1200,0,0.0
ID-SF,1000,10,0.2,0.2,uniform,CHI_1.0e-5_LS,1,10000,0.5,6153,8095,0.0724,0.689739335,1200,10,0.0
ID-SF,1000,10,0.2,0.2,uniform,CHI_1.0e-5,1,20000,0.5,15365,15901,0.0716,0.650836615,1200,0,0.0
ID-SF,1000,10,0.2,0.2,uniform,CHI_1.0e-5_LS,1,20000,0.5,13435,15999,0.0703,0.775513754,1200,12,0.0
ID-SF,1000,2,0.0,0.2,frequency,CHI_1.0e-5,1,2000,0.5,293,603,0.399,5.683501895,1101,0,0.0
ID-SF,1000,2,0.0,0.2,frequency,CHI_1.0e-5,1,10000,0.5,2619,2614,0.496,1.157854494,1197,0,0.0
ID-SF,1000,2,0.0,0.2,frequency,CHI_1.0e-5,1,20000,0.5,5283,5197,0.5033,1.253668939,1197,0,0.0
ID-SF,1000,2,0.2,0.2,frequency,CHI_1.0e-5,1,2000,0.5,263,569,0.435,1.233467056,1106,0,0.0
ID-SF,1000,2,0.2,0.2,frequency,CHI_1.0e-5,1,10000,0.5,2374,2451,0.53,1.207629945,1194,0,0.0
ID-SF,1000,2,0.2,0.2,frequency,CHI_1.0e-5,1,20000,0.5,4791,4861,0.5328,1.276555758,1196,0,0.0
ID-SF,1000,4,0.0,0.2,frequency,CHI_1.0e-5,1,2000,0.5,605,1195,0.158,1.292081371,1094,0,0.0
ID-SF,1000,4,0.0,0.2,frequency,CHI_1.0e-5,1,10000,0.5,5448,5572,0.191,1.588636112,1212,0,0.0
ID-SF,1000,4,0.0,0.2,frequency,CHI_1.0e-5,1,20000,0.5,11189,11152,0.1967,1.342059072,1204,0,0.0
ID-SF,1000,4,0.2,0.2,frequency,CHI_1.0e-5,1,2000,0.5,587,1168,0.158,1.689776294,1089,0,0.0
ID-SF,1000,4,0.2,0.2,frequency,CHI_1.0e-5,1,10000,0.5,5364,5474,0.2142,1.655434345,1202,0,0.0
ID-SF,1000,4,0.2,0.2,frequency,CHI_1.0e-5,1,20000,0.5,10943,10961,0.2055,1.68080418,1197,0,0.0
ID-SF,1000,6,0.0,0.2,frequency,CHI_1.0e-5,1,2000,0.5,724,1408,0.105,1.629611812,1097,0,0.0
ID-SF,1000,6,0.0,0.2,frequency,CHI_1.0e-5,1,10000,0.5,6526,6823,0.1284,1.620723384,1200,0,0.0
ID-SF,1000,6,0.0,0.2,frequency,CHI_1.0e-5,1,20000,0.5,13741,13734,0.1196,1.453874813,1199,0,0.0
ID-SF,1000,6,0.2,0.2,frequency,CHI_1.0e-5,1,2000,0.5,739,1412,0.107,1.424872797,1089,0,0.0
ID-SF,1000,6,0.2,0.2,frequency,CHI_1.0e-5,1,10000,0.5,6629,6768,0.139,1.412691344,1228,0,0.0
ID-SF,1000,6,0.2,0.2,frequency,CHI_1.0e-5,1,20000,0.5,13452,13696,0.1268,1.618421587,1209,0,0.0
ID-SF,1000,8,0.0,0.2,frequency,CHI_1.0e-5,1,2000,0.5,770,1506,0.07,1.361690625,1095,0,0.0
ID-SF,1000,8,0.0,0.2,frequency,CHI_1.0e-5,1,10000,0.5,7264,7500,0.0896,1.317231594,1209,0,0.0
ID-SF,1000,8,0.0,0.2,frequency,CHI_1.0e-5,1,20000,0.5,15048,15080,0.0893,1.311612036,1210,0,0.0
ID-SF,1000,8,0.2,0.2,frequency,CHI_1.0e-5,1,2000,0.5,830,1535,0.066,0.845661678,1103,0,0.0
ID-SF,1000,8,0.2,0.2,frequency,CHI_1.0e-5,1,10000,0.5,7240,7481,0.0862,1.200634537,1212,0,0.0
ID-SF,1000,8,0.2,0.2,frequency,CHI_1.0e-5,1,20000,0.5,14877,14963,0.0956,1.182970473,1207,0,0.0
ID-SF,1000,10,0.0,0.2,frequency,CHI_1.0e-5,1,2000,0.5,889,1629,0.056,1.067199835,1094,0,0.0
ID-SF,1000,10,0.0,0.2,frequency,CHI_1.0e-5,1,10000,0.5,7622,8014,0.0664,1.151904707,1219,0,0.0
ID-SF,1000,10,0.0,0.2,frequency,CHI_1.0e-5,1,20000,0.5,15741,16156,0.0718,1.339474485,1207,0,0.0
ID-SF,1000,10,0.2,0.2,frequency,CHI_1.0e-5,1,2000,0.5,790,1563,0.066,1.176889039,1095,0,0.0
ID-SF,1000,10,0.2,0.2,frequency,CHI_1.0e-5,1,10000,0.5,7606,8137,0.0688,0.880764825,1222,0,0.0
ID-SF,1000,10,0.2,0.2,frequency,CHI_1.0e-5,1,20000,0.5,15738,16022,0.0686,1.173547352,1211,0,0.0
ID-SF,1000,2,0.0,0.2,random,CHI_1.0e-5,1,2000,0.5,208,465,0.562,5.997974316,1246,0,0.0
ID-SF,1000,2,0.0,0.2,random,CHI_1.0e-5,1,10000,0.5,1611,1792,0.7332,0.993307329,1391,0,0.0
ID-SF,1000,2,0.0,0.2,random,CHI_1.0e-5,1,20000,0.5,3137,3319,0.7688,1.228393171,1413,0,0.0
ID-SF,1000,2,0.2,0.2,random,CHI_1.0e-5,1,2000,0.5,118,439,0.586,1.209517715,1235,0,0.0
ID-SF,1000,2,0.2,0.2,random,CHI_1.0e-5,1,10000,0.5,1243,1526,0.7852,1.334047408,1388,0,0.0
ID-SF,1000,2,0.2,0.2,random,CHI_1.0e-5,1,20000,0.5,2633,2911,0.805,1.118260285,1404,0,0.0
ID-SF,1000,4,0.0,0.2,random,CHI_1.0e-5,1,2000,0.5,494,1036,0.236,1.312700437,1332,0,0.0
ID-SF,1000,4,0.0,0.2,random,CHI_1.0e-5,1,10000,0.5,4013,4216,0.4198,1.208963345,1621,0,0.0
ID-SF,1000,4,0.0,0.2,random,CHI_1.0e-5,1,20000,0.5,8165,8495,0.4176,1.535673334,1633,0,0.0
ID-SF,1000,4,0.2,0.2,random,CHI_1.0e-5,1,2000,0.5,478,1011,0.265,1.700178451,1316,0,0.0
ID-SF,1000,4,0.2,0.2,random,CHI_1.0e-5,1,10000,0.5,3775,4095,0.4268,1.267406841,1626,0,0.0
ID-SF,1000,4,0.2,0.2,random,CHI_1.0e-5,1,20000,0.5,7859,8170,0.4375,2.335196632,1632,0,0.0
ID-SF,1000,6,0.0,0.2,random,CHI_1.0e-5,1,2000,0.5,636,1273,0.167,1.626077815,1379,0,0.0
ID-SF,1000,6,0.0,0.2,random,CHI_1.0e-5,1,10000,0.5,5214,5812,0.2498,1.644944404,1711,0,0.0
ID-SF,1000,6,0.0,0.2,random,CHI_1.0e-5,1,20000,0.5,10880,11096,0.2929,1.541731115,1751,0,0.0
ID-SF,1000,6,0.2,0.2,random,CHI_1.0e-5,1,2000,0.5,630,1269,0.19,1.533168047,1397,0,0.0
ID-SF,1000,6,0.2,0.2,random,CHI_1.0e-5,1,10000,0.5,4899,5349,0.3118,1.362987658,1804,0,0.0
ID-SF,1000,6,0.2,0.2,random,CHI_1.0e-5,1,20000,0.5,10226,10633,0.3243,1.328265656,1800,0,0.0
ID-SF,1000,8,0.0,0.2,random,CHI_1.0e-5,1,2000,0.5,729,1383,0.134,1.102487577,1520,0,0.0
ID-SF,1000,8,0.0,0.2,random,CHI_1.0e-5,1,10000,0.5,5834,6238,0.2638,1.220422534,1925,0,0.0
ID-SF,1000,8,0.0,0.2,random,CHI_1.0e-5,1,20000,0.5,12271,12550,0.2546,1.224521932,1906,0,0.0
ID-SF,1000,8,0.2,0.2,random,CHI_1.0e-5,1,2000,0.5,736,1403,0.141,1.046061536,1470,0,0.0
ID-SF,1000,8,0.2,0.2,random,CHI_1.0e-5,1,10000,0.5,5756,6070,0.2466,0.818438839,1869,0,0.0
ID-SF,1000,8,0.2,0.2,random,CHI_1.0e-5,1,20000,0.5,11600,11923,0.2571,0.812210359,1918,0,0.0
ID-SF,1000,10,0.0,0.2,random,CHI_1.0e-5,1,2000,0.5,817,1520,0.11,0.886859774,1407,0,0.0
ID-SF,1000,10,0.0,0.2,random,CHI_1.0e-5,1,10000,0.5,6371,6849,0.2248,1.081443585,1963,0,0.0
ID-SF,1000,10,0.0,0.2,random,CHI_1.0e-5,1,20000,0.5,13103,13577,0.2108,1.072168422,2026,0,0.0
ID-SF,1000,10,0.2,0.2,random,CHI_1.0e-5,1,2000,0.5,748,1461,0.112,1.142009221,1468,0,0.0
ID-SF,1000,10,0.2,0.2,random,CHI_1.0e-5,1,10000,0.5,6344,6929,0.1818,0.910922298,1891,0,0.0
ID-SF,1000,10,0.2,0.2,random,CHI_1.0e-5,1,20000,0.5,12913,13408,0.2062,0.894492758,1951,0,0.0
HD-VF,10000,2,0.0,0.0,uniform,CHI_1.0e-5,1,20000,0.5,2969,4720,0.528,5.575914393,10000,0,0.0
HD-VF,10000,2,0.0,0.0,uniform,CHI_1.0e-5_LS,1,20000,0.5,1641,3566,0.6434,6.108475713,10000,6,0.0
HD-VF,10000,2,0.0,0.0,uniform,CHI_1.0e-5,1,100000,0.5,15093,16364,0.6727,1.522255233,10000,0,0.0
HD-VF,10000,2,0.0,0.0,uniform,CHI_1.0e-5_LS,1,100000,0.5,9538,10668,0.7866,2.014315373,10000,10,0.0
HD-VF,10000,2,0.0,0.0,uniform,CHI_1.0e-5,1,200000,0.5,25816,26508,0.7349,1.411715133,10000,0,0.0
HD-VF,10000,2,0.0,0.0,uniform,CHI_1.0e-5_LS,1,200000,0.5,17555,18303,0.817,2.346102003,10000,18,0.0
HD-VF,10000,2,0.2,0.0,uniform,CHI_1.0e-5,1,20000,0.5,1230,3236,0.6764,1.56571473,10000,0,0.0
HD-VF,10000,2,0.2,0.0,uniform,CHI_1.0e-5_LS,1,20000,0.5,1140,3204,0.6796,1.824010737,10000,6,0.0
HD-VF,10000,2,0.2,0.0,uniform,CHI_1.0e-5,1,100000,0.5,11134,12296,0.7541,1.434381118,10000,0,0.0
HD-VF,10000,2,0.2,0.0,uniform,CHI_1.0e-5_LS,1,100000,0.5,6210,7306,0.8539,2.05603088,10000,13,0.0
HD-VF,10000,2,0.2,0.0,uniform,CHI_1.0e-5,1,200000,0.5,22974,23567,0.7643,1.320850661,10000,0,0.0
HD-VF,10000,2,0.2,0.0,uniform,CHI_1.0e-5_LS,1,200000,0.5,15016,15928,0.8407,1.804898807,10000,10,0.0
HD-VF,10000,4,0.0,0.0,uniform,CHI_1.0e-5,1,20000,0.5,3442,6537,0.4521,1.493662464,10000,0,0.0
HD-VF,10000,4,0.0,0.0,uniform,CHI_1.0e-5_LS,1,20000,0.5,2427,5356,0.5444,2.146980563,10000,8,0.0
HD-VF,10000,4,0.0,0.0,uniform,CHI_1.0e-5,1,100000,0.5,24911,27040,0.5169,1.581668477,10000,0,0.0
HD-VF,10000,4,0.0,0.0,uniform,CHI_1.0e-5_LS,1,100000,0.5,16890,18800,0.6617,4.146317297,10000,30,0.0
HD-VF,10000,4,0.0,0.0,uniform,CHI_1.0e-5,1,200000,0.5,41843,43746,0.6031,1.64533684,10000,0,0.0
HD-VF,10000,4,0.0,0.0,uniform,CHI_1.0e-5_LS,1,200000,0.5,31618,33523,0.6957,3.9325645390000004,10000,26,0.0
HD-VF,10000,4,0.2,0.0,uniform,CHI_1.0e-5,1,20000,0.5,3191,6205,0.4728,1.339875868,10000,0,0.0
HD-VF,10000,4,0.2,0.0,uniform,CHI_1.0e-5_LS,1,20000,0.5,2186,5098,0.5636,1.904574784,10000,7,0.0
HD-VF,10000,4,0.2,0.0,uniform,CHI_1.0e-5,1,100000,0.5,24616,26557,0.5135,1.557409315,10000,0,0.0
HD-VF,10000,4,0.2,0.0,uniform,CHI_1.0e-5_LS,1,100000,0.5,13597,15235,0.7194,4.47606369,10000,33,0.0
HD-VF,10000,4,0.2,0.0,uniform,CHI_1.0e-5,1,200000,0.5,41362,43032,0.6028,1.440764087,10000,0,0.0
HD-VF,10000,4,0.2,0.0,uniform,CHI_1.0e-5_LS,1,200000,0.5,23971,25522,0.7629,4.511865246,10000,36,0.0
HD-VF,10000,6,0.0,0.0,uniform,CHI_1.0e-5,1,20000,0.5,5262,8857,0.3232,1.440140698,10000,0,0.0
HD-VF,10000,6,0.0,0.0,uniform,CHI_1.0e-5_LS,1,20000,0.5,3877,7655,0.3969,2.566226858,10000,10,0.0
HD-VF,10000,6,0.0,0.0,uniform,CHI_1.0e-5,1,100000,0.5,23415,25734,0.5544,1.474253157,10000,0,0.0
HD-VF,10000,6,0.0,0.0,uniform,CHI_1.0e-5_LS,1,100000,0.5,16944,18558,0.6729,4.061159185,10000,23,0.0
HD-VF,10000,6,0.0,0.0,uniform,CHI_1.0e-5,1,200000,0.5,38157,40092,0.6472,1.352221599,10000,0,0.0
HD-VF,10000,6,0.0,0.0,uniform,CHI_1.0e-5_LS,1,200000,0.5,30556,32203,0.7143,4.657505716999999,10000,29,0.0
HD-VF,10000,6,0.2,0.0,uniform,CHI_1.0e-5,1,20000,0.5,4856,8536,0.335,1.354727017,10000,0,0.0
HD-VF,10000,6,0.2,0.0,uniform,CHI_1.0e-5_LS,1,20000,0.5,3251,6954,0.4473,2.6622293270000004,10000,12,0.0
HD-VF,10000,6,0.2,0.0,uniform,CHI_1.0e-5,1,100000,0.5,22931,25810,0.5472,1.515488814,10000,0,0.0
HD-VF,10000,6,0.2,0.0,uniform,CHI_1.0e-5_LS,1,100000,0.5,15004,16588,0.7025,4.6857861100000004,10000,27,0.0
HD-VF,10000,6,0.2,0.0,uniform,CHI_1.0e-5,1,200000,0.5,48951,51093,0.5438,1.604439297,10000,0,0.0
HD-VF,10000,6,0.2,0.0,uniform,CHI_1.0e-5_LS,1,200000,0.5,33115,35062,0.6858,4.811016126,10000,28,0.0
HD-VF,10000,8,0.0,0.0,uniform,CHI_1.0e-5,1,20000,0.5,5250,8985,0.3171,1.340348664,10000,0,0.0
HD-VF,10000,8,0.0,0.0,uniform,CHI_1.0e-5_LS,1,20000,0.5,4081,7808,0.3994,3.4209834709999996,10000,16,0.0
HD-VF,10000,8,0.0,0.0,uniform,CHI_1.0e-5,1,100000,0.5,17216,19570,0.6586,1.370707775,10000,0,0.0
HD-VF,10000,8,0.0,0.0,uniform,CHI_1.0e-5_LS,1,100000,0.5,15203,17234,0.6945,2.724130947,10000,10,0.0
HD-VF,10000,8,0.0,0.0,uniform,CHI_1.0e-5,1,200000,0.5,43095,44731,0.614,1.298257103,10000,0,0.0
HD-VF,10000,8,0.0,0.0,uniform,CHI_1.0e-5_LS,1,200000,0.5,36430,38116,0.6681,4.07491463,10000,20,0.0
HD-VF,10000,8,0.2,0.0,uniform,CHI_1.0e-5,1,20000,0.5,4275,8150,0.3704,1.305969004,10000,0,0.0
HD-VF,10000,8,0.2,0.0,uniform,CHI_1.0e-5_LS,1,20000,0.5,3060,6783,0.4643,2.601146912,10000,10,0.0
HD-VF,10000,8,0.2,0.0,uniform,CHI_1.0e-5,1,100000,0.5,26850,29459,0.4942,1.465332829,10000,0,0.0
HD-VF,10000,8,0.2,0.0,uniform,CHI_1.0e-5_LS,1,100000,0.5,19194,21163,0.6289,5.576608123,10000,31,0.0
HD-VF,10000,8,0.2,0.0,uniform,CHI_1.0e-5,1,200000,0.5,40832,42440,0.6223,1.510175711,10000,0,0.0
HD-VF,10000,8,0.2,0.0,uniform,CHI_1.0e-5_LS,1,200000,0.5,31604,33297,0.7043,5.074251315,10000,27,0.0
HD-VF,10000,10,0.0,0.0,uniform,CHI_1.0e-5,1,20000,0.5,4956,8899,0.3409,1.768732496,10000,0,0.0
HD-VF,10000,10,0.0,0.0,uniform,CHI_1.0e-5_LS,1,20000,0.5,3858,7800,0.4068,3.200141169,10000,10,0.0
HD-VF,10000,10,0.0,0.0,uniform,CHI_1.0e-5,1,100000,0.5,25744,28416,0.5251,1.741310714,10000,0,0.0
HD-VF,10000,10,0.0,0.0,uniform,CHI_1.0e-5_LS,1,100000,0.5,20295,22575,0.6169,6.14190447,10000,30,0.0
HD-VF,10000,10,0.0,0.0,uniform,CHI_1.0e-5,1,200000,0.5,45655,48430,0.5956,1.659890312,10000,0,0.0
HD-VF,10000,10,0.0,0.0,uniform,CHI_1.0e-5_LS,1,200000,0.5,36718,39459,0.6583,6.195785349,10000,31,0.0
HD-VF,10000,10,0.2,0.0,uniform,CHI_1.0e-5,1,20000,0.5,4641,8428,0.3644,1.683312384,10000,0,0.0
HD-VF,10000,10,0.2,0.0,uniform,CHI_1.0e-5_LS,1,20000,0.5,3200,6879,0.467,3.40410401,10000,12,0.0
HD-VF,10000,10,0.2,0.0,uniform,CHI_1.0e-5,1,100000,0.5,23644,26313,0.5558,1.979082363,10000,0,0.0
HD-VF,10000,10,0.2,0.0,uniform,CHI_1.0e-5_LS,1,100000,0.5,15266,17103,0.6998,6.991358089,10000,34,0.0
HD-VF,10000,10,0.2,0.0,uniform,CHI_1.0e-5,1,200000,0.5,40479,43181,0.6255,2.074009023,10000,0,0.0
HD-VF,10000,10,0.2,0.0,uniform,CHI_1.0e-5_LS,1,200000,0.5,32273,34449,0.6997,6.6620716269999996,10000,30,0.0
HD-VF,10000,2,0.0,0.2,uniform,CHI_1.0e-5,1,20000,0.5,597,2307,1.0227,1.450853076,12000,0,0.0
HD-VF,10000,2,0.0,0.2,uniform,CHI_1.0e-5_LS,1,20000,0.5,174,2236,1.0298,1.627869524,12000,5,0.0
HD-VF,10000,2,0.0,0.2,uniform,CHI_1.0e-5,1,100000,0.5,6157,8384,1.1317,1.295304777,12000,0,0.0
HD-VF,10000,2,0.0,0.2,uniform,CHI_1.0e-5_LS,1,100000,0.5,1881,2960,1.2402,2.311088446,12000,25,0.0
HD-VF,10000,2,0.0,0.2,uniform,CHI_1.0e-5,1,200000,0.5,8668,10309,1.262,1.45424643,12000,0,0.0
HD-VF,10000,2,0.0,0.2,uniform,CHI_1.0e-5_LS,1,200000,0.5,2668,3362,1.3315,2.45602256,12000,25,0.0
HD-VF,10000,2,0.2,0.2,uniform,CHI_1.0e-5,1,20000,0.5,91,1782,1.0812,1.573981361,12000,0,0.0
HD-VF,10000,2,0.2,0.2,uniform,CHI_1.0e-5_LS,1,20000,0.5,7,1796,1.0798,1.709308332,12000,4,0.0
HD-VF,10000,2,0.2,0.2,uniform,CHI_1.0e-5,1,100000,0.5,3551,5432,1.2339,1.602960103,12000,0,0.0
HD-VF,10000,2,0.2,0.2,uniform,CHI_1.0e-5_LS,1,100000,0.5,1527,2742,1.2877,2.310728879,12000,17,0.0
HD-VF,10000,2,0.2,0.2,uniform,CHI_1.0e-5,1,200000,0.5,7476,9408,1.2468,1.960713997,12000,0,0.0
HD-VF,10000,2,0.2,0.2,uniform,CHI_1.0e-5_LS,1,200000,0.5,2986,3800,1.3029,2.700321167,12000,16,0.0
HD-VF,10000,4,0.0,0.2,uniform,CHI_1.0e-5,1,20000,0.5,2337,5107,1.1355,1.668601286,12000,0,0.0
HD-VF,10000,4,0.0,0.2,uniform,CHI_1.0e-5_LS,1,20000,0.5,1384,4792,1.1502,2.367166884,12000,9,0.0
HD-VF,10000,4,0.0,0.2,uniform,CHI_1.0e-5,1,100000,0.5,11794,15160,1.3461,1.669615148,12000,0,0.0
HD-VF,10000,4,0.0,0.2,uniform,CHI_1.0e-5_LS,1,100000,0.5,4645,6275,1.4971,4.832293847000001,12000,38,0.0
HD-VF,10000,4,0.0,0.2,uniform,CHI_1.0e-5,1,200000,0.5,19084,21472,1.4634,1.675856362,12000,0,0.0
HD-VF,10000,4,0.0,0.2,uniform,CHI_1.0e-5_LS,1,200000,0.5,8553,9905,1.5674,5.177965163,12000,38,0.0
HD-VF,10000,4,0.2,0.2,uniform,CHI_1.0e-5,1,20000,0.5,1984,4792,1.1114,1.817460783,12000,0,0.0
HD-VF,10000,4,0.2,0.2,uniform,CHI_1.0e-5_LS,1,20000,0.5,1145,4281,1.143,3.086238405,12000,16,0.0
HD-VF,10000,4,0.2,0.2,uniform,CHI_1.0e-5,1,100000,0.5,9190,11749,1.4944,1.488566689,12000,0,0.0
HD-VF,10000,4,0.2,0.2,uniform,CHI_1.0e-5_LS,1,100000,0.5,5110,7200,1.5726,3.782020593,12000,27,0.0
HD-VF,10000,4,0.2,0.2,uniform,CHI_1.0e-5,1,200000,0.5,17324,19941,1.472,1.641589663,12000,0,0.0
HD-VF,10000,4,0.2,0.2,uniform,CHI_1.0e-5_LS,1,200000,0.5,8621,10026,1.5615,4.872649743,12000,36,0.0
HD-VF,10000,6,0.0,0.2,uniform,CHI_1.0e-5,1,20000,0.5,3351,6873,1.1771,1.813717935,12000,0,0.0
HD-VF,10000,6,0.0,0.2,uniform,CHI_1.0e-5_LS,1,20000,0.5,1907,5856,1.222,3.292960508,12000,13,0.0
HD-VF,10000,6,0.0,0.2,uniform,CHI_1.0e-5,1,100000,0.5,13913,17003,1.4954,1.644831111,12000,0,0.0
HD-VF,10000,6,0.0,0.2,uniform,CHI_1.0e-5_LS,1,100000,0.5,5801,7386,1.654,5.565265593,12000,33,0.0
HD-VF,10000,6,0.0,0.2,uniform,CHI_1.0e-5,1,200000,0.5,26155,29203,1.4318,1.512780736,12000,0,0.0
HD-VF,10000,6,0.0,0.2,uniform,CHI_1.0e-5_LS,1,200000,0.5,11325,13032,1.5713,6.436633738,12000,42,0.0
HD-VF,10000,6,0.2,0.2,uniform,CHI_1.0e-5,1,20000,0.5,2917,6561,1.2268,1.798317415,12000,0,0.0
HD-VF,10000,6,0.2,0.2,uniform,CHI_1.0e-5_LS,1,20000,0.5,1839,5991,1.2516,3.3730471,12000,14,0.0
HD-VF,10000,6,0.2,0.2,uniform,CHI_1.0e-5,1,100000,0.5,12849,15757,1.4046,1.716411832,12000,0,0.0
HD-VF,10000,6,0.2,0.2,uniform,CHI_1.0e-5_LS,1,100000,0.5,6341,8497,1.5251,6.8489526839999995,12000,43,0.0
HD-VF,10000,6,0.2,0.2,uniform,CHI_1.0e-5,1,200000,0.5,21475,24211,1.4702,1.545946339,12000,0,0.0
HD-VF,10000,6,0.2,0.2,uniform,CHI_1.0e-5_LS,1,200000,0.5,12529,14184,1.5582,4.516020759,12000,25,0.0
HD-VF,10000,8,0.0,0.2,uniform,CHI_1.0e-5,1,20000,0.5,3243,6978,1.1299,1.708234969,12000,0,0.0
HD-VF,10000,8,0.0,0.2,uniform,CHI_1.0e-5_LS,1,20000,0.5,1779,5682,1.1937,4.550910565,12000,21,0.0
HD-VF,10000,8,0.0,0.2,uniform,CHI_1.0e-5,1,100000,0.5,15770,19323,1.3803,1.667863473,12000,0,0.0
HD-VF,10000,8,0.0,0.2,uniform,CHI_1.0e-5_LS,1,100000,0.5,7382,9412,1.5403,6.2607108799999995,12000,34,0.0
HD-VF,10000,8,0.0,0.2,uniform,CHI_1.0e-5,1,200000,0.5,32199,34731,1.8053,1.973742679,12000,0,0.0
HD-VF,10000,8,0.0,0.2,uniform,CHI_1.0e-5_LS,1,200000,0.5,12449,13857,1.9767,9.088384053,12000,47,0.0
HD-VF,10000,8,0.2,0.2,uniform,CHI_1.0e-5,1,20000,0.5,3096,6913,1.569,1.945879038,12000,0,0.0
HD-VF,10000,8,0.2,0.2,uniform,CHI_1.0e-5_LS,1,20000,0.5,1912,5996,1.606,3.376972711,12000,10,0.0
HD-VF,10000,8,0.2,0.2,uniform,CHI_1.0e-5,1,100000,0.5,15081,18427,1.5077,1.894400904,12000,0,0.0
HD-VF,10000,8,0.2,0.2,uniform,CHI_1.0e-5_LS,1,100000,0.5,7253,9212,1.6547,6.4989319299999995,12000,31,0.0
HD-VF,10000,8,0.2,0.2,uniform,CHI_1.0e-5,1,200000,0.5,25179,27475,1.7066,2.359674273,12000,0,0.0
HD-VF,10000,8,0.2,0.2,uniform,CHI_1.0e-5_LS,1,200000,0.5,13624,14955,1.8116,8.547599543,12000,39,0.0
HD-VF,10000,10,0.0,0.2,uniform,CHI_1.0e-5,1,20000,0.5,3803,7951,1.1766,2.218065544,12000,0,0.0
HD-VF,10000,10,0.0,0.2,uniform,CHI_1.0e-5_LS,1,20000,0.5,2154,6321,1.2468,4.899134049000001,12000,17,0.0
HD-VF,10000,10,0.0,0.2,uniform,CHI_1.0e-5,1,100000,0.5,17798,21479,1.5724,2.536171478,12000,0,0.0
HD-VF,10000,10,0.0,0.2,uniform,CHI_1.0e-5_LS,1,100000,0.5,7037,9088,1.7603,8.603863772,12000,38,0.0
HD-VF,10000,10,0.0,0.2,uniform,CHI_1.0e-5,1,200000,0.5,28439,30909,1.6239,2.687083283,12000,0,0.0
HD-VF,10000,10,0.0,0.2,uniform,CHI_1.0e-5_LS,1,200000,0.5,16188,18347,1.7295,10.140138103,12000,42,0.0
HD-VF,10000,10,0.2,0.2,uniform,CHI_1.0e-5,1,20000,0.5,3482,7542,1.1764,2.674230482,12000,0,0.0
HD-VF,10000,10,0.2,0.2,uniform,CHI_1.0e-5_LS,1,20000,0.5,1945,5897,1.2558,5.314182082,12000,17,0.0
HD-VF,10000,10,0.2,0.2,uniform,CHI_1.0e-5,1,100000,0.5,20091,23455,1.4882,2.469883583,12000,0,0.0
HD-VF,10000,10,0.2,0.2,uniform,CHI_1.0e-5_LS,1,100000,0.5,8554,11029,1.6789,8.062293529,12000,34,0.0
HD-VF,10000,10,0.2,0.2,uniform,CHI_1.0e-5,1,200000,0.5,27866,30720,1.6414,2.67608508,12000,0,0.0
HD-VF,10000,10,0.2,0.2,uniform,CHI_1.0e-5_LS,1,200000,0.5,15895,17413,1.7525,10.628678264,12000,48,0.0
HD-VF,10000,2,0.0,0.2,frequency,CHI_1.0e-5,1,20000,0.5,1292,2750,0.7892,7.202196089,10497,0,0.0
HD-VF,10000,2,0.0,0.2,frequency,CHI_1.0e-5,1,100000,0.5,5542,6604,0.9394,10.100378398,10597,0,0.0
HD-VF,10000,2,0.0,0.2,frequency,CHI_1.0e-5,1,200000,0.5,8541,9619,0.9492,20.57320134,10796,0,0.0
HD-VF,10000,2,0.2,0.2,frequency,CHI_1.0e-5,1,20000,0.5,953,2760,0.7658,2.371874008,10486,0,0.0
HD-VF,10000,2,0.2,0.2,frequency,CHI_1.0e-5,1,100000,0.5,4250,5242,0.9336,9.374447729,10635,0,0.0
HD-VF,10000,2,0.2,0.2,frequency,CHI_1.0e-5,1,200000,0.5,9517,10185,0.9259,19.278599443,10865,0,0.0
HD-VF,10000,4,0.0,0.2,frequency,CHI_1.0e-5,1,20000,0.5,2578,5376,0.5418,2.46228075,10277,0,0.0
HD-VF,10000,4,0.0,0.2,frequency,CHI_1.0e-5,1,100000,0.5,13675,15908,0.7189,11.155931199,10314,0,0.0
HD-VF,10000,4,0.0,0.2,frequency,CHI_1.0e-5,1,200000,0.5,23958,25942,0.7796,23.619119746,10641,0,0.0
HD-VF,10000,4,0.2,0.2,frequency,CHI_1.0e-5,1,20000,0.5,2206,4921,0.5752,2.727507896,10279,0,0.0
HD-VF,10000,4,0.2,0.2,frequency,CHI_1.0e-5,1,100000,0.5,9891,11875,0.801,12.282251863,11221,0,0.0
HD-VF,10000,4,0.2,0.2,frequency,CHI_1.0e-5,1,200000,0.5,21679,23558,0.8006,19.82511129,11181,0,0.0
HD-VF,10000,6,0.0,0.2,frequency,CHI_1.0e-5,1,20000,0.5,4069,7421,0.4241,3.047926621,10132,0,0.0
HD-VF,10000,6,0.0,0.2,frequency,CHI_1.0e-5,1,100000,0.5,14070,16516,0.7114,9.951337809,10325,0,0.0
HD-VF,10000,6,0.0,0.2,frequency,CHI_1.0e-5,1,200000,0.5,35876,38579,0.6876,22.259723929,12513,0,0.0
HD-VF,10000,6,0.2,0.2,frequency,CHI_1.0e-5,1,20000,0.5,2830,6243,0.4878,2.983792772,10493,0,0.0
HD-VF,10000,6,0.2,0.2,frequency,CHI_1.0e-5,1,100000,0.5,16349,18948,0.6711,11.37505444,12167,0,0.0
HD-VF,10000,6,0.2,0.2,frequency,CHI_1.0e-5,1,200000,0.5,37982,40569,0.6535,24.396913781,10129,0,0.0
HD-VF,10000,8,0.0,0.2,frequency,CHI_1.0e-5,1,20000,0.5,2744,5917,0.5208,3.623665158,10229,0,0.0
HD-VF,10000,8,0.0,0.2,frequency,CHI_1.0e-5,1,100000,0.5,17540,20456,0.6588,11.672386014,12298,0,0.0
HD-VF,10000,8,0.0,0.2,frequency,CHI_1.0e-5,1,200000,0.5,37464,39578,0.6648,23.901444315,10125,0,0.0
HD-VF,10000,8,0.2,0.2,frequency,CHI_1.0e-5,1,20000,0.5,3074,6470,0.4875,3.163646846,10227,0,0.0
HD-VF,10000,8,0.2,0.2,frequency,CHI_1.0e-5,1,100000,0.5,18948,21278,0.6395,12.358068063,10161,0,0.0
HD-VF,10000,8,0.2,0.2,frequency,CHI_1.0e-5,1,200000,0.5,40763,43082,0.6416,25.338719374,10223,0,0.0
HD-VF,10000,10,0.0,0.2,frequency,CHI_1.0e-5,1,20000,0.5,2682,6498,0.4847,3.154350553,11738,0,0.0
HD-VF,10000,10,0.0,0.2,frequency,CHI_1.0e-5,1,100000,0.5,22390,25342,0.579,12.107370628,10329,0,0.0
HD-VF,10000,10,0.0,0.2,frequency,CHI_1.0e-5,1,200000,0.5,38168,40654,0.6609,26.046585457,10317,0,0.0
HD-VF,10000,10,0.2,0.2,frequency,CHI_1.0e-5,1,20000,0.5,3236,7103,0.4307,3.309142153,11749,0,0.0
HD-VF,10000,10,0.2,0.2,frequency,CHI_1.0e-5,1,100000,0.5,20954,23653,0.6076,12.060649606,10162,0,0.0
HD-VF,10000,10,0.2,0.2,frequency,CHI_1.0e-5,1,200000,0.5,42884,44987,0.6244,21.835184428,10260,0,0.0
HD-VF,10000,2,0.0,0.2,random,CHI_1.0e-5,1,20000,0.5,528,2103,1.051,8.407927823,12227,0,0.0
HD-VF,10000,2,0.0,0.2,random,CHI_1.0e-5,1,100000,0.5,5438,7295,1.193,11.666000077,12881,0,0.0
HD-VF,10000,2,0.0,0.2,random,CHI_1.0e-5,1,200000,0.5,11501,13473,1.2646,24.553121274,12836,0,0.0
HD-VF,10000,2,0.2,0.2,random,CHI_1.0e-5,1,20000,0.5,79,1655,1.1019,2.968483424,12270,0,0.0
HD-VF,10000,2,0.2,0.2,random,CHI_1.0e-5,1,100000,0.5,3026,4687,1.276,10.450198208,12788,0,0.0
HD-VF,10000,2,0.2,0.2,random,CHI_1.0e-5,1,200000,0.5,6744,8328,1.2889,23.286934998,12735,0,0.0
HD-VF,10000,4,0.0,0.2,random,CHI_1.0e-5,1,20000,0.5,2402,4981,1.1698,3.332371641,12968,0,0.0
HD-VF,10000,4,0.0,0.2,random,CHI_1.0e-5,1,100000,0.5,16157,19809,1.3329,11.154793695,13060,0,0.0
HD-VF,10000,4,0.0,0.2,random,CHI_1.0e-5,1,200000,0.5,30669,33919,1.4125,25.670177491,13114,0,0.0
HD-VF,10000,4,0.2,0.2,random,CHI_1.0e-5,1,20000,0.5,2015,4697,1.1491,3.645252818,12884,0,0.0
HD-VF,10000,4,0.2,0.2,random,CHI_1.0e-5,1,100000,0.5,12745,15664,1.4632,12.545573109,13404,0,0.0
HD-VF,10000,4,0.2,0.2,random,CHI_1.0e-5,1,200000,0.5,27864,30578,1.434,23.910852983,13096,0,0.0
HD-VF,10000,6,0.0,0.2,random,CHI_1.0e-5,1,20000,0.5,3331,6679,1.2345,3.493213244,13484,0,0.0
HD-VF,10000,6,0.0,0.2,random,CHI_1.0e-5,1,100000,0.5,16628,19818,1.5175,11.567091905,12916,0,0.0
HD-VF,10000,6,0.0,0.2,random,CHI_1.0e-5,1,200000,0.5,42613,46775,1.3104,23.988595335,13343,0,0.0
HD-VF,10000,6,0.2,0.2,random,CHI_1.0e-5,1,20000,0.5,2907,6298,1.2699,3.483079064,13405,0,0.0
HD-VF,10000,6,0.2,0.2,random,CHI_1.0e-5,1,100000,0.5,21612,25536,1.3547,12.397413427,13399,0,0.0
HD-VF,10000,6,0.2,0.2,random,CHI_1.0e-5,1,200000,0.5,35802,40339,1.4384,25.382000153,13312,0,0.0
HD-VF,10000,8,0.0,0.2,random,CHI_1.0e-5,1,20000,0.5,3625,7400,1.2209,3.285136798,13199,0,0.0
HD-VF,10000,8,0.0,0.2,random,CHI_1.0e-5,1,100000,0.5,22453,26698,1.4067,10.530781983,13335,0,0.0
HD-VF,10000,8,0.0,0.2,random,CHI_1.0e-5,1,200000,0.5,41011,44643,1.7681,22.73083604,12962,0,0.0
HD-VF,10000,8,0.2,0.2,random,CHI_1.0e-5,1,20000,0.5,3153,6942,1.6203,3.741900926,13407,0,0.0
HD-VF,10000,8,0.2,0.2,random,CHI_1.0e-5,1,100000,0.5,21158,25038,1.5372,12.313500387,13007,0,0.0
HD-VF,10000,8,0.2,0.2,random,CHI_1.0e-5,1,200000,0.5,39495,42931,1.6307,24.320395048,12911,0,0.0
HD-VF,10000,10,0.0,0.2,random,CHI_1.0e-5,1,20000,0.5,3696,7828,1.2513,3.151083797,12927,0,0.0
HD-VF,10000,10,0.0,0.2,random,CHI_1.0e-5,1,100000,0.5,23291,27764,1.5931,12.739915407,13099,0,0.0
HD-VF,10000,10,0.0,0.2,random,CHI_1.0e-5,1,200000,0.5,45357,49536,1.5102,23.530763754,13584,0,0.0
HD-VF,10000,10,0.2,0.2,random,CHI_1.0e-5,1,20000,0.5,4187,8356,1.2415,3.197750342,12898,0,0.0
HD-VF,10000,10,0.2,0.2,random,CHI_1.0e-5,1,100000,0.5,25628,29763,1.5918,12.498434506,13194,0,0.0
HD-VF,10000,10,0.2,0.2,random,CHI_1.0e-5,1,200000,0.5,44321,48998,1.667,23.465915498,13508,0,0.0
MD-VF,10000,2,0.0,0.0,uniform,CHI_1.0e-5,1,20000,0.5,3589,5495,0.4505,6.486262182,10000,0,0.0
MD-VF,10000,2,0.0,0.0,uniform,CHI_1.0e-5_LS,1,20000,0.5,2466,4634,0.5366,7.087669494,10000,7,0.0
MD-VF,10000,2,0.0,0.0,uniform,CHI_1.0e-5,1,100000,0.5,21391,23150,0.537,1.575745349,10000,0,0.0
MD-VF,10000,2,0.0,0.0,uniform,CHI_1.0e-5_LS,1,100000,0.5,12973,14176,0.7165,2.364431714,10000,16,0.0
MD-VF,10000,2,0.0,0.0,uniform,CHI_1.0e-5,1,200000,0.5,39201,40586,0.5941,1.368907248,10000,0,0.0
MD-VF,10000,2,0.0,0.0,uniform,CHI_1.0e-5_LS,1,200000,0.5,26055,27364,0.7264,2.061978352,10000,14,0.0
MD-VF,10000,2,0.2,0.0,uniform,CHI_1.0e-5,1,20000,0.5,1235,3515,0.6485,1.64574202,10000,0,0.0
MD-VF,10000,2,0.2,0.0,uniform,CHI_1.0e-5_LS,1,20000,0.5,1175,3517,0.6483,1.818366132,10000,4,0.0
MD-VF,10000,2,0.2,0.0,uniform,CHI_1.0e-5,1,100000,0.5,11763,14512,0.7098,1.530918408,10000,0,0.0
MD-VF,10000,2,0.2,0.0,uniform,CHI_1.0e-5_LS,1,100000,0.5,10299,12911,0.7418,2.508002063,10000,20,0.0
MD-VF,10000,2,0.2,0.0,uniform,CHI_1.0e-5,1,200000,0.5,25069,27813,0.7219,1.277450105,10000,0,0.0
MD-VF,10000,2,0.2,0.0,uniform,CHI_1.0e-5_LS,1,200000,0.5,22714,25011,0.7499,2.1220157570000002,10000,17,0.0
MD-VF,10000,4,0.0,0.0,uniform,CHI_1.0e-5,1,20000,0.5,6197,9653,0.2405,1.481158166,10000,0,0.0
MD-VF,10000,4,0.0,0.0,uniform,CHI_1.0e-5_LS,1,20000,0.5,4142,7743,0.3746,2.378396433,10000,11,0.0
MD-VF,10000,4,0.0,0.0,uniform,CHI_1.0e-5,1,100000,0.5,29371,32200,0.4462,1.514712899,10000,0,0.0
MD-VF,10000,4,0.0,0.0,uniform,CHI_1.0e-5_LS,1,100000,0.5,20539,22715,0.6024,3.597950357,10000,25,0.0
MD-VF,10000,4,0.0,0.0,uniform,CHI_1.0e-5,1,200000,0.5,56662,59215,0.4814,1.401212439,10000,0,0.0
MD-VF,10000,4,0.0,0.0,uniform,CHI_1.0e-5_LS,1,200000,0.5,42792,44588,0.6074,3.0376891539999997,10000,20,0.0
MD-VF,10000,4,0.2,0.0,uniform,CHI_1.0e-5,1,20000,0.5,4818,8480,0.3242,1.385818682,10000,0,0.0
MD-VF,10000,4,0.2,0.0,uniform,CHI_1.0e-5_LS,1,20000,0.5,3366,7344,0.4035,2.0806046819999997,10000,9,0.0
MD-VF,10000,4,0.2,0.0,uniform,CHI_1.0e-5,1,100000,0.5,27316,29806,0.4746,1.52384336,10000,0,0.0
MD-VF,10000,4,0.2,0.0,uniform,CHI_1.0e-5_LS,1,100000,0.5,18596,20789,0.6293,3.717663077,10000,26,0.0
MD-VF,10000,4,0.2,0.0,uniform,CHI_1.0e-5,1,200000,0.5,49340,51666,0.5384,1.389995914,10000,0,0.0
MD-VF,10000,4,0.2,0.0,uniform,CHI_1.0e-5_LS,1,200000,0.5,39911,41740,0.6282,4.077937798,10000,31,0.0
MD-VF,10000,6,0.0,0.0,uniform,CHI_1.0e-5,1,20000,0.5,6445,10428,0.2323,1.548747973,10000,0,0.0
MD-VF,10000,6,0.0,0.0,uniform,CHI_1.0e-5_LS,1,20000,0.5,4706,8893,0.3278,2.760647203,10000,11,0.0
MD-VF,10000,6,0.0,0.0,uniform,CHI_1.0e-5,1,100000,0.5,31309,35046,0.4294,1.515544178,10000,0,0.0
MD-VF,10000,6,0.0,0.0,uniform,CHI_1.0e-5_LS,1,100000,0.5,23834,26445,0.5591,4.98005347,10000,30,0.0
MD-VF,10000,6,0.0,0.0,uniform,CHI_1.0e-5,1,200000,0.5,58039,60342,0.4969,1.438597865,10000,0,0.0
MD-VF,10000,6,0.0,0.0,uniform,CHI_1.0e-5_LS,1,200000,0.5,48060,49952,0.5802,4.717364948,10000,28,0.0
MD-VF,10000,6,0.2,0.0,uniform,CHI_1.0e-5,1,20000,0.5,5565,9718,0.281,1.336720832,10000,0,0.0
MD-VF,10000,6,0.2,0.0,uniform,CHI_1.0e-5_LS,1,20000,0.5,3862,8220,0.3719,2.517572541,10000,11,0.0
MD-VF,10000,6,0.2,0.0,uniform,CHI_1.0e-5,1,100000,0.5,32203,35605,0.4029,1.362234606,10000,0,0.0
MD-VF,10000,6,0.2,0.0,uniform,CHI_1.0e-5_LS,1,100000,0.5,23072,25186,0.5742,4.05603726,10000,24,0.0
MD-VF,10000,6,0.2,0.0,uniform,CHI_1.0e-5,1,200000,0.5,65538,67985,0.4231,1.459266193,10000,0,0.0
MD-VF,10000,6,0.2,0.0,uniform,CHI_1.0e-5_LS,1,200000,0.5,47373,49542,0.5836,5.18501935,10000,32,0.0
MD-VF,10000,8,0.0,0.0,uniform,CHI_1.0e-5,1,20000,0.5,6332,10821,0.2471,1.389782675,10000,0,0.0
MD-VF,10000,8,0.0,0.0,uniform,CHI_1.0e-5_LS,1,20000,0.5,5033,9689,0.3098,2.707994147,10000,10,0.0
MD-VF,10000,8,0.0,0.0,uniform,CHI_1.0e-5,1,100000,0.5,38159,41695,0.3488,1.531354877,10000,0,0.0
MD-VF,10000,8,0.0,0.0,uniform,CHI_1.0e-5_LS,1,100000,0.5,28673,31530,0.4922,4.015736768,10000,20,0.0
MD-VF,10000,8,0.0,0.0,uniform,CHI_1.0e-5,1,200000,0.5,65982,68838,0.4477,1.494564175,10000,0,0.0
MD-VF,10000,8,0.0,0.0,uniform,CHI_1.0e-5_LS,1,200000,0.5,54471,56723,0.5392,5.530031811,10000,31,0.0
MD-VF,10000,8,0.2,0.0,uniform,CHI_1.0e-5,1,20000,0.5,6215,10625,0.2322,1.376492954,10000,0,0.0
MD-VF,10000,8,0.2,0.0,uniform,CHI_1.0e-5_LS,1,20000,0.5,4496,8830,0.3427,2.589186694,10000,10,0.0
MD-VF,10000,8,0.2,0.0,uniform,CHI_1.0e-5,1,100000,0.5,34074,37765,0.39,1.312266634,10000,0,0.0
MD-VF,10000,8,0.2,0.0,uniform,CHI_1.0e-5_LS,1,100000,0.5,26136,28936,0.525,5.441067233,10000,30,0.0
MD-VF,10000,8,0.2,0.0,uniform,CHI_1.0e-5,1,200000,0.5,63978,66430,0.4489,1.412509753,10000,0,0.0
MD-VF,10000,8,0.2,0.0,uniform,CHI_1.0e-5_LS,1,200000,0.5,53771,55539,0.5414,5.816515165999999,10000,33,0.0
MD-VF,10000,10,0.0,0.0,uniform,CHI_1.0e-5,1,20000,0.5,6353,10796,0.2455,1.607203822,10000,0,0.0
MD-VF,10000,10,0.0,0.0,uniform,CHI_1.0e-5_LS,1,20000,0.5,4935,9484,0.3226,2.984663368,10000,10,0.0
MD-VF,10000,10,0.0,0.0,uniform,CHI_1.0e-5,1,100000,0.5,36650,40535,0.3764,1.370744734,10000,0,0.0
MD-VF,10000,10,0.0,0.0,uniform,CHI_1.0e-5_LS,1,100000,0.5,28243,31216,0.5082,6.172591566,10000,34,0.0
MD-VF,10000,10,0.0,0.0,uniform,CHI_1.0e-5,1,200000,0.5,67296,70596,0.4457,1.703605799,10000,0,0.0
MD-VF,10000,10,0.0,0.0,uniform,CHI_1.0e-5_LS,1,200000,0.5,57241,60195,0.5254,6.827250417,10000,35,0.0
MD-VF,10000,10,0.2,0.0,uniform,CHI_1.0e-5,1,20000,0.5,6573,11286,0.2141,1.777972293,10000,0,0.0
MD-VF,10000,10,0.2,0.0,uniform,CHI_1.0e-5_LS,1,20000,0.5,5330,10029,0.2976,2.878420507,10000,8,0.0
MD-VF,10000,10,0.2,0.0,uniform,CHI_1.0e-5,1,100000,0.5,35448,38734,0.3795,1.515649495,10000,0,0.0
MD-VF,10000,10,0.2,0.0,uniform,CHI_1.0e-5_LS,1,100000,0.5,27150,29901,0.5202,5.97291309,10000,31,0.0
MD-VF,10000,10,0.2,0.0,uniform,CHI_1.0e-5,1,200000,0.5,69666,72470,0.4146,2.033162957,10000,0,0.0
MD-VF,10000,10,0.2,0.0,uniform,CHI_1.0e-5_LS,1,200000,0.5,58325,60405,0.5144,6.423995278,10000,31,0.0
MD-VF,10000,2,0.0,0.2,uniform,CHI_1.0e-5,1,20000,0.5,500,2066,1.0852,1.39209455,12000,0,0.0
MD-VF,10000,2,0.0,0.2,uniform,CHI_1.0e-5_LS,1,20000,0.5,94,2076,1.0842,1.553432858,12000,4,0.0
MD-VF,10000,2,0.0,0.2,uniform,CHI_1.0e-5,1,100000,0.5,5939,8044,1.1715,1.32452442,12000,0,0.0
MD-VF,10000,2,0.0,0.2,uniform,CHI_1.0e-5_LS,1,100000,0.5,2439,3882,1.2547,1.981345586,12000,16,0.0
MD-VF,10000,2,0.0,0.2,uniform,CHI_1.0e-5,1,200000,0.5,12489,14329,1.222,1.408409074,12000,0,0.0
MD-VF,10000,2,0.0,0.2,uniform,CHI_1.0e-5_LS,1,200000,0.5,4013,4798,1.3173,2.600030389,12000,27,0.0
MD-VF,10000,2,0.2,0.2,uniform,CHI_1.0e-5,1,20000,0.5,80,1669,1.1217,1.661349728,12000,0,0.0
MD-VF,10000,2,0.2,0.2,uniform,CHI_1.0e-5_LS,1,20000,0.5,5,1668,1.1218,1.768720384,12000,3,0.0
MD-VF,10000,2,0.2,0.2,uniform,CHI_1.0e-5,1,100000,0.5,3951,5988,1.1894,1.228640104,12000,0,0.0
MD-VF,10000,2,0.2,0.2,uniform,CHI_1.0e-5_LS,1,100000,0.5,2440,4443,1.2203,1.631078313,12000,10,0.0
MD-VF,10000,2,0.2,0.2,uniform,CHI_1.0e-5,1,200000,0.5,8433,10637,1.2125,1.345900455,12000,0,0.0
MD-VF,10000,2,0.2,0.2,uniform,CHI_1.0e-5_LS,1,200000,0.5,4548,5934,1.2596,2.209434468,12000,19,0.0
MD-VF,10000,4,0.0,0.2,uniform,CHI_1.0e-5,1,20000,0.5,2370,5321,1.1026,1.918292477,12000,0,0.0
MD-VF,10000,4,0.0,0.2,uniform,CHI_1.0e-5_LS,1,20000,0.5,1332,4963,1.1201,2.7478491640000002,12000,10,0.0
MD-VF,10000,4,0.0,0.2,uniform,CHI_1.0e-5,1,100000,0.5,15194,18623,1.2452,1.493648388,12000,0,0.0
MD-VF,10000,4,0.0,0.2,uniform,CHI_1.0e-5_LS,1,100000,0.5,6964,9098,1.3959,4.672647712,12000,38,0.0
MD-VF,10000,4,0.0,0.2,uniform,CHI_1.0e-5,1,200000,0.5,28791,32310,1.3701,1.700370131,12000,0,0.0
MD-VF,10000,4,0.0,0.2,uniform,CHI_1.0e-5_LS,1,200000,0.5,11678,13369,1.5299,5.614313791,12000,44,0.0
MD-VF,10000,4,0.2,0.2,uniform,CHI_1.0e-5,1,20000,0.5,2025,4934,1.1711,1.712363241,12000,0,0.0
MD-VF,10000,4,0.2,0.2,uniform,CHI_1.0e-5_LS,1,20000,0.5,1267,4900,1.172,2.333594929,12000,8,0.0
MD-VF,10000,4,0.2,0.2,uniform,CHI_1.0e-5,1,100000,0.5,14557,17958,1.1778,1.629479334,12000,0,0.0
MD-VF,10000,4,0.2,0.2,uniform,CHI_1.0e-5_LS,1,100000,0.5,6732,8845,1.3225,3.9647568779999998,12000,28,0.0
MD-VF,10000,4,0.2,0.2,uniform,CHI_1.0e-5,1,200000,0.5,27690,30553,1.3604,1.780552321,12000,0,0.0
MD-VF,10000,4,0.2,0.2,uniform,CHI_1.0e-5_LS,1,200000,0.5,13774,15666,1.4866,5.107272707,12000,39,0.0
MD-VF,10000,6,0.0,0.2,uniform,CHI_1.0e-5,1,20000,0.5,3092,6621,1.2779,1.721980726,12000,0,0.0
MD-VF,10000,6,0.0,0.2,uniform,CHI_1.0e-5_LS,1,20000,0.5,2067,6202,1.2924,3.1494818430000002,12000,12,0.0
MD-VF,10000,6,0.0,0.2,uniform,CHI_1.0e-5,1,100000,0.5,21255,25963,1.1985,1.57305824,12000,0,0.0
MD-VF,10000,6,0.0,0.2,uniform,CHI_1.0e-5_LS,1,100000,0.5,9203,11659,1.4031,5.177021563,12000,33,0.0
MD-VF,10000,6,0.0,0.2,uniform,CHI_1.0e-5,1,200000,0.5,34856,38811,1.3062,1.549144647,12000,0,0.0
MD-VF,10000,6,0.0,0.2,uniform,CHI_1.0e-5_LS,1,200000,0.5,17597,19587,1.4574,5.597368114,12000,35,0.0
MD-VF,10000,6,0.2,0.2,uniform,CHI_1.0e-5,1,20000,0.5,2897,6475,1.2314,1.777971652,12000,0,0.0
MD-VF,10000,6,0.2,0.2,uniform,CHI_1.0e-5_LS,1,20000,0.5,1828,6044,1.2482,2.7917482160000002,12000,9,0.0
MD-VF,10000,6,0.2,0.2,uniform,CHI_1.0e-5,1,100000,0.5,18752,22930,1.3581,1.572742829,12000,0,0.0
MD-VF,10000,6,0.2,0.2,uniform,CHI_1.0e-5_LS,1,100000,0.5,9478,11983,1.5153,6.3268123759999995,12000,40,0.0
MD-VF,10000,6,0.2,0.2,uniform,CHI_1.0e-5,1,200000,0.5,39462,43388,1.318,1.735018154,12000,0,0.0
MD-VF,10000,6,0.2,0.2,uniform,CHI_1.0e-5_LS,1,200000,0.5,18097,19898,1.5042,6.7764476899999995,12000,41,0.0
MD-VF,10000,8,0.0,0.2,uniform,CHI_1.0e-5,1,20000,0.5,3639,7540,1.3422,1.75069959,12000,0,0.0
MD-VF,10000,8,0.0,0.2,uniform,CHI_1.0e-5_LS,1,20000,0.5,2403,6780,1.375,3.453977062,12000,13,0.0
MD-VF,10000,8,0.0,0.2,uniform,CHI_1.0e-5,1,100000,0.5,21959,26389,1.4372,1.760105298,12000,0,0.0
MD-VF,10000,8,0.0,0.2,uniform,CHI_1.0e-5_LS,1,100000,0.5,10559,12799,1.631,5.593598004,12000,29,0.0
MD-VF,10000,8,0.0,0.2,uniform,CHI_1.0e-5,1,200000,0.5,43094,47394,1.3815,1.784058176,12000,0,0.0
MD-VF,10000,8,0.0,0.2,uniform,CHI_1.0e-5_LS,1,200000,0.5,21342,23988,1.5555,7.510884225,12000,41,0.0
MD-VF,10000,8,0.2,0.2,uniform,CHI_1.0e-5,1,20000,0.5,3555,7367,1.299,1.560053774,12000,0,0.0
MD-VF,10000,8,0.2,0.2,uniform,CHI_1.0e-5_LS,1,20000,0.5,2391,6796,1.3217,2.994087941,12000,11,0.0
MD-VF,10000,8,0.2,0.2,uniform,CHI_1.0e-5,1,100000,0.5,20356,24956,1.5092,1.943823013,12000,0,0.0
MD-VF,10000,8,0.2,0.2,uniform,CHI_1.0e-5_LS,1,100000,0.5,10256,12592,1.6782,7.361118235999999,12000,37,0.0
MD-VF,10000,8,0.2,0.2,uniform,CHI_1.0e-5,1,200000,0.5,41176,45747,1.5298,1.636753734,12000,0,0.0
MD-VF,10000,8,0.2,0.2,uniform,CHI_1.0e-5_LS,1,200000,0.5,19824,21981,1.7112,8.534089467000001,12000,45,0.0
MD-VF,10000,10,0.0,0.2,uniform,CHI_1.0e-5,1,20000,0.5,3814,7951,1.5063,2.085761993,12000,0,0.0
MD-VF,10000,10,0.0,0.2,uniform,CHI_1.0e-5_LS,1,20000,0.5,2583,7126,1.5336,3.848717756,12000,11,0.0
MD-VF,10000,10,0.0,0.2,uniform,CHI_1.0e-5,1,100000,0.5,23931,28780,1.387,2.649127247,12000,0,0.0
MD-VF,10000,10,0.0,0.2,uniform,CHI_1.0e-5_LS,1,100000,0.5,11344,13826,1.593,8.977403319,12000,40,0.0
MD-VF,10000,10,0.0,0.2,uniform,CHI_1.0e-5,1,200000,0.5,42775,47553,1.3893,2.49342056,12000,0,0.0
MD-VF,10000,10,0.0,0.2,uniform,CHI_1.0e-5_LS,1,200000,0.5,23608,26317,1.5448,8.911174293,12000,36,0.0
MD-VF,10000,10,0.2,0.2,uniform,CHI_1.0e-5,1,20000,0.5,4114,8304,1.1383,2.513170545,12000,0,0.0
MD-VF,10000,10,0.2,0.2,uniform,CHI_1.0e-5_LS,1,20000,0.5,2577,7344,1.1696,4.348394729,12000,12,0.0
MD-VF,10000,10,0.2,0.2,uniform,CHI_1.0e-5,1,100000,0.5,21768,26704,1.3475,2.984673406,12000,0,0.0
MD-VF,10000,10,0.2,0.2,uniform,CHI_1.0e-5_LS,1,100000,0.5,12164,15476,1.499,9.641584917,12000,41,0.0
MD-VF,10000,10,0.2,0.2,uniform,CHI_1.0e-5,1,200000,0.5,41927,46436,1.5925,2.518404911,12000,0,0.0
MD-VF,10000,10,0.2,0.2,uniform,CHI_1.0e-5_LS,1,200000,0.5,23606,25875,1.7449,10.001871982,12000,44,0.0
MD-VF,10000,2,0.0,0.2,frequency,CHI_1.0e-5,1,20000,0.5,1952,3517,0.7066,7.208931372,10141,0,0.0
MD-VF,10000,2,0.0,0.2,frequency,CHI_1.0e-5,1,100000,0.5,7995,9590,0.8418,10.069198319,10226,0,0.0
MD-VF,10000,2,0.0,0.2,frequency,CHI_1.0e-5,1,200000,0.5,15586,17094,0.8625,20.500105807,10371,0,0.0
MD-VF,10000,2,0.2,0.2,frequency,CHI_1.0e-5,1,20000,0.5,1753,3680,0.6728,2.317136536,10162,0,0.0
MD-VF,10000,2,0.2,0.2,frequency,CHI_1.0e-5,1,100000,0.5,7728,9152,0.8455,9.172241862,10554,0,0.0
MD-VF,10000,2,0.2,0.2,frequency,CHI_1.0e-5,1,200000,0.5,17149,18483,0.8507,19.133052453,10338,0,0.0
MD-VF,10000,4,0.0,0.2,frequency,CHI_1.0e-5,1,20000,0.5,3560,7212,0.4164,2.514084052,10757,0,0.0
MD-VF,10000,4,0.0,0.2,frequency,CHI_1.0e-5,1,100000,0.5,20913,23043,0.6063,10.843888468,10307,0,0.0
MD-VF,10000,4,0.0,0.2,frequency,CHI_1.0e-5,1,200000,0.5,48267,50899,0.5743,22.299438893,10170,0,0.0
MD-VF,10000,4,0.2,0.2,frequency,CHI_1.0e-5,1,20000,0.5,3784,7210,0.4272,2.697592361,10249,0,0.0
MD-VF,10000,4,0.2,0.2,frequency,CHI_1.0e-5,1,100000,0.5,19607,22125,0.6224,11.517857016,10843,0,0.0
MD-VF,10000,4,0.2,0.2,frequency,CHI_1.0e-5,1,200000,0.5,42912,45326,0.6193,19.63900286,10359,0,0.0
MD-VF,10000,6,0.0,0.2,frequency,CHI_1.0e-5,1,20000,0.5,4825,8741,0.3509,3.007347652,10283,0,0.0
MD-VF,10000,6,0.0,0.2,frequency,CHI_1.0e-5,1,100000,0.5,28213,31371,0.4932,10.249003853,11876,0,0.0
MD-VF,10000,6,0.0,0.2,frequency,CHI_1.0e-5,1,200000,0.5,62012,64729,0.482,20.266426876,11294,0,0.0
MD-VF,10000,6,0.2,0.2,frequency,CHI_1.0e-5,1,20000,0.5,4620,8656,0.3515,3.103554362,10477,0,0.0
MD-VF,10000,6,0.2,0.2,frequency,CHI_1.0e-5,1,100000,0.5,29696,32482,0.484,11.339785432,10110,0,0.0
MD-VF,10000,6,0.2,0.2,frequency,CHI_1.0e-5,1,200000,0.5,69745,72464,0.425,24.215524526,10229,0,0.0
MD-VF,10000,8,0.0,0.2,frequency,CHI_1.0e-5,1,20000,0.5,6019,10760,0.2473,3.442395681,10490,0,0.0
MD-VF,10000,8,0.0,0.2,frequency,CHI_1.0e-5,1,100000,0.5,34043,37613,0.4216,12.231607996,10962,0,0.0
MD-VF,10000,8,0.0,0.2,frequency,CHI_1.0e-5,1,200000,0.5,72554,75647,0.4147,23.525109613,10319,0,0.0
MD-VF,10000,8,0.2,0.2,frequency,CHI_1.0e-5,1,20000,0.5,5360,9770,0.2902,3.64117751,11112,0,0.0
MD-VF,10000,8,0.2,0.2,frequency,CHI_1.0e-5,1,100000,0.5,30499,33447,0.4753,12.347417547,10733,0,0.0
MD-VF,10000,8,0.2,0.2,frequency,CHI_1.0e-5,1,200000,0.5,65407,68346,0.4643,23.566460958,10204,0,0.0
MD-VF,10000,10,0.0,0.2,frequency,CHI_1.0e-5,1,20000,0.5,5255,9741,0.3068,3.260434776,10443,0,0.0
MD-VF,10000,10,0.0,0.2,frequency,CHI_1.0e-5,1,100000,0.5,36291,39699,0.4005,12.085022466,10720,0,0.0
MD-VF,10000,10,0.0,0.2,frequency,CHI_1.0e-5,1,200000,0.5,73857,77282,0.4197,25.085162427,10922,0,0.0
MD-VF,10000,10,0.2,0.2,frequency,CHI_1.0e-5,1,20000,0.5,5312,9984,0.2838,3.525042638,11734,0,0.0
MD-VF,10000,10,0.2,0.2,frequency,CHI_1.0e-5,1,100000,0.5,36061,40229,0.3936,11.428119285,11257,0,0.0
MD-VF,10000,10,0.2,0.2,frequency,CHI_1.0e-5,1,200000,0.5,74252,76973,0.4117,24.455653719,10175,0,0.0
MD-VF,10000,2,0.0,0.2,random,CHI_1.0e-5,1,20000,0.5,440,1935,1.1023,8.684750924,12386,0,0.0
MD-VF,10000,2,0.0,0.2,random,CHI_1.0e-5,1,100000,0.5,4977,6704,1.2379,12.499155408,12785,0,0.0
MD-VF,10000,2,0.0,0.2,random,CHI_1.0e-5,1,200000,0.5,10613,12199,1.279,21.940870485,12869,0,0.0
MD-VF,10000,2,0.2,0.2,random,CHI_1.0e-5,1,20000,0.5,51,1469,1.1531,3.017527088,12402,0,0.0
MD-VF,10000,2,0.2,0.2,random,CHI_1.0e-5,1,100000,0.5,3177,4852,1.2498,10.595455497,12765,0,0.0
MD-VF,10000,2,0.2,0.2,random,CHI_1.0e-5,1,200000,0.5,6568,8367,1.2775,22.27736856,12902,0,0.0
MD-VF,10000,4,0.0,0.2,random,CHI_1.0e-5,1,20000,0.5,2213,4911,1.1847,3.072501044,13126,0,0.0
MD-VF,10000,4,0.0,0.2,random,CHI_1.0e-5,1,100000,0.5,16277,19537,1.3027,11.335129882,13088,0,0.0
MD-VF,10000,4,0.0,0.2,random,CHI_1.0e-5,1,200000,0.5,34637,38254,1.3905,23.855648411,13210,0,0.0
MD-VF,10000,4,0.2,0.2,random,CHI_1.0e-5,1,20000,0.5,1826,4497,1.2464,3.513949538,13086,0,0.0
MD-VF,10000,4,0.2,0.2,random,CHI_1.0e-5,1,100000,0.5,14509,18300,1.2446,12.602059897,13317,0,0.0
MD-VF,10000,4,0.2,0.2,random,CHI_1.0e-5,1,200000,0.5,28858,32037,1.4021,23.651787934,13212,0,0.0
MD-VF,10000,6,0.0,0.2,random,CHI_1.0e-5,1,20000,0.5,2968,6367,1.3396,3.534798207,13817,0,0.0
MD-VF,10000,6,0.0,0.2,random,CHI_1.0e-5,1,100000,0.5,21870,26242,1.3265,11.926879602,13395,0,0.0
MD-VF,10000,6,0.0,0.2,random,CHI_1.0e-5,1,200000,0.5,44476,49085,1.3338,25.296956594,13449,0,0.0
MD-VF,10000,6,0.2,0.2,random,CHI_1.0e-5,1,20000,0.5,2868,6051,1.2789,3.258616458,13277,0,0.0
MD-VF,10000,6,0.2,0.2,random,CHI_1.0e-5,1,100000,0.5,20243,24246,1.4124,11.386439756,13124,0,0.0
MD-VF,10000,6,0.2,0.2,random,CHI_1.0e-5,1,200000,0.5,45704,49953,1.3508,25.378544128,13139,0,0.0
MD-VF,10000,8,0.0,0.2,random,CHI_1.0e-5,1,20000,0.5,3538,7383,1.3993,3.627331406,13196,0,0.0
MD-VF,10000,8,0.0,0.2,random,CHI_1.0e-5,1,100000,0.5,25698,30718,1.4306,11.365233639,12776,0,0.0
MD-VF,10000,8,0.0,0.2,random,CHI_1.0e-5,1,200000,0.5,52472,57133,1.4432,22.900250169,13372,0,0.0
MD-VF,10000,8,0.2,0.2,random,CHI_1.0e-5,1,20000,0.5,3520,7218,1.4197,3.426763876,13198,0,0.0
MD-VF,10000,8,0.2,0.2,random,CHI_1.0e-5,1,100000,0.5,22834,27422,1.5856,12.467904508,13287,0,0.0
MD-VF,10000,8,0.2,0.2,random,CHI_1.0e-5,1,200000,0.5,47238,51915,1.5808,24.196705235,13147,0,0.0
MD-VF,10000,10,0.0,0.2,random,CHI_1.0e-5,1,20000,0.5,3778,7843,1.59,3.700323574,13236,0,0.0
MD-VF,10000,10,0.0,0.2,random,CHI_1.0e-5,1,100000,0.5,28178,34133,1.452,12.301314551,13180,0,0.0
MD-VF,10000,10,0.0,0.2,random,CHI_1.0e-5,1,200000,0.5,50513,55702,1.5076,24.57603969,13530,0,0.0
MD-VF,10000,10,0.2,0.2,random,CHI_1.0e-5,1,20000,0.5,4020,7966,1.2602,3.255657352,13707,0,0.0
MD-VF,10000,10,0.2,0.2,random,CHI_1.0e-5,1,100000,0.5,26448,32375,1.3776,11.972709868,13249,0,0.0
MD-VF,10000,10,0.2,0.2,random,CHI_1.0e-5,1,200000,0.5,48882,54325,1.6572,24.666827066,13225,0,0.0
ID-VF,10000,2,0.0,0.0,uniform,CHI_1.0e-5,1,20000,0.5,5260,6342,0.3658,5.49782159,10000,0,0.0
ID-VF,10000,2,0.0,0.0,uniform,CHI_1.0e-5_LS,1,20000,0.5,1107,3681,0.6319,6.206442353,10000,13,0.0
ID-VF,10000,2,0.0,0.0,uniform,CHI_1.0e-5,1,100000,0.5,26166,27366,0.4527,1.526573941,10000,0,0.0
ID-VF,10000,2,0.0,0.0,uniform,CHI_1.0e-5_LS,1,100000,0.5,12314,15975,0.6805,2.452592046,10000,20,0.0
ID-VF,10000,2,0.0,0.0,uniform,CHI_1.0e-5,1,200000,0.5,26383,29887,0.7011,1.318017468,10000,0,0.0
ID-VF,10000,2,0.0,0.0,uniform,CHI_1.0e-5_LS,1,200000,0.5,26178,30237,0.6976,1.520984791,10000,3,0.0
ID-VF,10000,2,0.2,0.0,uniform,CHI_1.0e-5,1,20000,0.5,314,2924,0.7076,1.508601298,10000,0,0.0
ID-VF,10000,2,0.2,0.0,uniform,CHI_1.0e-5_LS,1,20000,0.5,314,2924,0.7076,1.5522040740000003,10000,1,0.0
ID-VF,10000,2,0.2,0.0,uniform,CHI_1.0e-5,1,100000,0.5,8892,12692,0.7462,1.426149782,10000,0,0.0
ID-VF,10000,2,0.2,0.0,uniform,CHI_1.0e-5_LS,1,100000,0.5,8741,12757,0.7449,1.581334751,10000,3,0.0
ID-VF,10000,2,0.2,0.0,uniform,CHI_1.0e-5,1,200000,0.5,19427,23885,0.7612,1.236409914,10000,0,0.0
ID-VF,10000,2,0.2,0.0,uniform,CHI_1.0e-5_LS,1,200000,0.5,19304,24117,0.7588,1.363369683,10000,2,0.0
ID-VF,10000,4,0.0,0.0,uniform,CHI_1.0e-5,1,20000,0.5,5620,9249,0.2646,1.334556502,10000,0,0.0
ID-VF,10000,4,0.0,0.0,uniform,CHI_1.0e-5_LS,1,20000,0.5,3847,6765,0.4311,2.0541557530000003,10000,10,0.0
ID-VF,10000,4,0.0,0.0,uniform,CHI_1.0e-5,1,100000,0.5,31683,37365,0.3713,1.53447641,10000,0,0.0
ID-VF,10000,4,0.0,0.0,uniform,CHI_1.0e-5_LS,1,100000,0.5,23538,29977,0.4861,2.732130197,10000,15,0.0
ID-VF,10000,4,0.0,0.0,uniform,CHI_1.0e-5,1,200000,0.5,50308,56446,0.5105,1.362760632,10000,0,0.0
ID-VF,10000,4,0.0,0.0,uniform,CHI_1.0e-5_LS,1,200000,0.5,49608,56666,0.5089,1.9075842670000003,10000,6,0.0
ID-VF,10000,4,0.2,0.0,uniform,CHI_1.0e-5,1,20000,0.5,4656,7949,0.3355,1.344849725,10000,0,0.0
ID-VF,10000,4,0.2,0.0,uniform,CHI_1.0e-5_LS,1,20000,0.5,3307,6201,0.4721,2.046365605,10000,10,0.0
ID-VF,10000,4,0.2,0.0,uniform,CHI_1.0e-5,1,100000,0.5,30985,36479,0.3755,1.591893751,10000,0,0.0
ID-VF,10000,4,0.2,0.0,uniform,CHI_1.0e-5_LS,1,100000,0.5,20783,27098,0.5268,2.7817207809999998,10000,15,0.0
ID-VF,10000,4,0.2,0.0,uniform,CHI_1.0e-5,1,200000,0.5,44050,50710,0.5531,1.240286804,10000,0,0.0
ID-VF,10000,4,0.2,0.0,uniform,CHI_1.0e-5_LS,1,200000,0.5,43761,50926,0.5514,1.544989684,10000,3,0.0
ID-VF,10000,6,0.0,0.0,uniform,CHI_1.0e-5,1,20000,0.5,6883,10680,0.2188,1.51157269,10000,0,0.0
ID-VF,10000,6,0.0,0.0,uniform,CHI_1.0e-5_LS,1,20000,0.5,5007,8320,0.3502,2.750939038,10000,12,0.0
ID-VF,10000,6,0.0,0.0,uniform,CHI_1.0e-5,1,100000,0.5,34231,40645,0.3572,1.622266227,10000,0,0.0
ID-VF,10000,6,0.0,0.0,uniform,CHI_1.0e-5_LS,1,100000,0.5,29664,36725,0.4103,2.355615533,10000,7,0.0
ID-VF,10000,6,0.0,0.0,uniform,CHI_1.0e-5,1,200000,0.5,70251,78555,0.3727,1.530596484,10000,0,0.0
ID-VF,10000,6,0.0,0.0,uniform,CHI_1.0e-5_LS,1,200000,0.5,62645,72434,0.4168,2.643362606,10000,10,0.0
ID-VF,10000,6,0.2,0.0,uniform,CHI_1.0e-5,1,20000,0.5,6128,9702,0.2632,1.405305354,10000,0,0.0
ID-VF,10000,6,0.2,0.0,uniform,CHI_1.0e-5_LS,1,20000,0.5,4565,7752,0.386,2.2101659500000004,10000,8,0.0
ID-VF,10000,6,0.2,0.0,uniform,CHI_1.0e-5,1,100000,0.5,35034,41614,0.3373,1.595257138,10000,0,0.0
ID-VF,10000,6,0.2,0.0,uniform,CHI_1.0e-5_LS,1,100000,0.5,27010,33921,0.4462,3.221908027,10000,15,0.0
ID-VF,10000,6,0.2,0.0,uniform,CHI_1.0e-5,1,200000,0.5,57976,65558,0.459,1.492252751,10000,0,0.0
ID-VF,10000,6,0.2,0.0,uniform,CHI_1.0e-5_LS,1,200000,0.5,57322,65833,0.4582,2.2148973720000003,10000,6,0.0
ID-VF,10000,8,0.0,0.0,uniform,CHI_1.0e-5,1,20000,0.5,7742,12032,0.1788,1.359823635,10000,0,0.0
ID-VF,10000,8,0.0,0.0,uniform,CHI_1.0e-5_LS,1,20000,0.5,5685,9248,0.3088,2.837599788,10000,12,0.0
ID-VF,10000,8,0.0,0.0,uniform,CHI_1.0e-5,1,100000,0.5,39032,46021,0.305,1.568097188,10000,0,0.0
ID-VF,10000,8,0.0,0.0,uniform,CHI_1.0e-5_LS,1,100000,0.5,33712,41448,0.3623,3.080412331,10000,12,0.0
ID-VF,10000,8,0.0,0.0,uniform,CHI_1.0e-5,1,200000,0.5,73129,81656,0.3668,1.582637704,10000,0,0.0
ID-VF,10000,8,0.0,0.0,uniform,CHI_1.0e-5_LS,1,200000,0.5,72097,81997,0.3659,2.605809566,10000,7,0.0
ID-VF,10000,8,0.2,0.0,uniform,CHI_1.0e-5,1,20000,0.5,7128,10849,0.2146,1.35833339,10000,0,0.0
ID-VF,10000,8,0.2,0.0,uniform,CHI_1.0e-5_LS,1,20000,0.5,5266,8782,0.3334,2.468789771,10000,9,0.0
ID-VF,10000,8,0.2,0.0,uniform,CHI_1.0e-5,1,100000,0.5,38165,45095,0.3113,1.452970367,10000,0,0.0
ID-VF,10000,8,0.2,0.0,uniform,CHI_1.0e-5_LS,1,100000,0.5,31400,38908,0.3894,2.8041000890000003,10000,11,0.0
ID-VF,10000,8,0.2,0.0,uniform,CHI_1.0e-5,1,200000,0.5,69759,78381,0.384,1.559613228,10000,0,0.0
ID-VF,10000,8,0.2,0.0,uniform,CHI_1.0e-5_LS,1,200000,0.5,67014,76655,0.397,2.6334001650000003,10000,8,0.0
ID-VF,10000,10,0.0,0.0,uniform,CHI_1.0e-5,1,20000,0.5,7884,12253,0.1771,1.332209902,10000,0,0.0
ID-VF,10000,10,0.0,0.0,uniform,CHI_1.0e-5_LS,1,20000,0.5,6068,10045,0.2749,2.810541607,10000,11,0.0
ID-VF,10000,10,0.0,0.0,uniform,CHI_1.0e-5,1,100000,0.5,41314,49144,0.2794,1.434378853,10000,0,0.0
ID-VF,10000,10,0.0,0.0,uniform,CHI_1.0e-5_LS,1,100000,0.5,37057,45288,0.3241,3.41869506,10000,14,0.0
ID-VF,10000,10,0.0,0.0,uniform,CHI_1.0e-5,1,200000,0.5,80018,89142,0.3288,1.48225328,10000,0,0.0
ID-VF,10000,10,0.0,0.0,uniform,CHI_1.0e-5_LS,1,200000,0.5,78347,89134,0.3306,2.671809432,10000,8,0.0
ID-VF,10000,10,0.2,0.0,uniform,CHI_1.0e-5,1,20000,0.5,7916,11591,0.187,1.261011187,10000,0,0.0
ID-VF,10000,10,0.2,0.0,uniform,CHI_1.0e-5_LS,1,20000,0.5,5807,9436,0.3034,2.297318883,10000,8,0.0
ID-VF,10000,10,0.2,0.0,uniform,CHI_1.0e-5,1,100000,0.5,40812,48212,0.2836,1.475437398,10000,0,0.0
ID-VF,10000,10,0.2,0.0,uniform,CHI_1.0e-5_LS,1,100000,0.5,34555,42716,0.3505,3.387332819,10000,14,0.0
ID-VF,10000,10,0.2,0.0,uniform,CHI_1.0e-5,1,200000,0.5,76040,84845,0.35,1.563356838,10000,0,0.0
ID-VF,10000,10,0.2,0.0,uniform,CHI_1.0e-5_LS,1,200000,0.5,73974,84108,0.3573,2.8683344330000002,10000,9,0.0
ID-VF,10000,2,0.0,0.2,uniform,CHI_1.0e-5,1,20000,0.5,43,1073,1.2798,1.181475689,12000,0,0.0
ID-VF,10000,2,0.0,0.2,uniform,CHI_1.0e-5_LS,1,20000,0.5,1,1065,1.2806,1.289822124,12000,3,0.0
ID-VF,10000,2,0.0,0.2,uniform,CHI_1.0e-5,1,100000,0.5,2767,4275,1.3573,1.08143051,12000,0,0.0
ID-VF,10000,2,0.0,0.2,uniform,CHI_1.0e-5_LS,1,100000,0.5,950,4482,1.3532,1.373039806,12000,7,0.0
ID-VF,10000,2,0.0,0.2,uniform,CHI_1.0e-5,1,200000,0.5,6236,7991,1.3715,1.187141514,12000,0,0.0
ID-VF,10000,2,0.0,0.2,uniform,CHI_1.0e-5_LS,1,200000,0.5,3588,8472,1.3667,1.540621332,12000,7,0.0
ID-VF,10000,2,0.2,0.2,uniform,CHI_1.0e-5,1,20000,0.5,0,882,1.3071,1.377151268,12000,0,0.0
ID-VF,10000,2,0.2,0.2,uniform,CHI_1.0e-5_LS,1,20000,0.5,0,882,1.3071,1.4154614989999998,12000,1,0.0
ID-VF,10000,2,0.2,0.2,uniform,CHI_1.0e-5,1,100000,0.5,1754,3451,1.3726,1.302368112,12000,0,0.0
ID-VF,10000,2,0.2,0.2,uniform,CHI_1.0e-5_LS,1,100000,0.5,632,3716,1.3673,1.6038193349999998,12000,7,0.0
ID-VF,10000,2,0.2,0.2,uniform,CHI_1.0e-5,1,200000,0.5,4229,6286,1.3866,1.390768494,12000,0,0.0
ID-VF,10000,2,0.2,0.2,uniform,CHI_1.0e-5_LS,1,200000,0.5,2677,7020,1.3793,1.7387164000000002,12000,7,0.0
ID-VF,10000,4,0.0,0.2,uniform,CHI_1.0e-5,1,20000,0.5,1199,2994,1.4794,1.725522056,12000,0,0.0
ID-VF,10000,4,0.0,0.2,uniform,CHI_1.0e-5_LS,1,20000,0.5,300,3113,1.4704,2.187273551,12000,6,0.0
ID-VF,10000,4,0.0,0.2,uniform,CHI_1.0e-5,1,100000,0.5,10492,14064,1.5383,1.553894694,12000,0,0.0
ID-VF,10000,4,0.0,0.2,uniform,CHI_1.0e-5_LS,1,100000,0.5,7147,14318,1.536,2.2240462489999997,12000,8,0.0
ID-VF,10000,4,0.0,0.2,uniform,CHI_1.0e-5,1,200000,0.5,22100,26288,1.5609,1.491698471,12000,0,0.0
ID-VF,10000,4,0.0,0.2,uniform,CHI_1.0e-5_LS,1,200000,0.5,17937,27580,1.5511,2.338730408,12000,9,0.0
ID-VF,10000,4,0.2,0.2,uniform,CHI_1.0e-5,1,20000,0.5,919,2709,1.5323,1.810964872,12000,0,0.0
ID-VF,10000,4,0.2,0.2,uniform,CHI_1.0e-5_LS,1,20000,0.5,167,2823,1.5243,2.116216261,12000,4,0.0
ID-VF,10000,4,0.2,0.2,uniform,CHI_1.0e-5,1,100000,0.5,8706,11954,1.5854,1.517331058,12000,0,0.0
ID-VF,10000,4,0.2,0.2,uniform,CHI_1.0e-5_LS,1,100000,0.5,6505,13086,1.568,2.211572817,12000,8,0.0
ID-VF,10000,4,0.2,0.2,uniform,CHI_1.0e-5,1,200000,0.5,19616,23313,1.5828,1.627503258,12000,0,0.0
ID-VF,10000,4,0.2,0.2,uniform,CHI_1.0e-5_LS,1,200000,0.5,16815,24971,1.5691,2.4780766969999997,12000,9,0.0
ID-VF,10000,6,0.0,0.2,uniform,CHI_1.0e-5,1,20000,0.5,1961,4166,1.6422,2.149813975,12000,0,0.0
ID-VF,10000,6,0.0,0.2,uniform,CHI_1.0e-5_LS,1,20000,0.5,847,4253,1.6374,3.0641338840000003,12000,8,0.0
ID-VF,10000,6,0.0,0.2,uniform,CHI_1.0e-5,1,100000,0.5,16223,20919,1.6818,1.634613782,12000,0,0.0
ID-VF,10000,6,0.0,0.2,uniform,CHI_1.0e-5_LS,1,100000,0.5,12564,20628,1.6864,2.684661502,12000,9,0.0
ID-VF,10000,6,0.0,0.2,uniform,CHI_1.0e-5,1,200000,0.5,31272,37817,1.7038,1.860504711,12000,0,0.0
ID-VF,10000,6,0.0,0.2,uniform,CHI_1.0e-5_LS,1,200000,0.5,27906,38826,1.6964,3.128511327,12000,10,0.0
ID-VF,10000,6,0.2,0.2,uniform,CHI_1.0e-5,1,20000,0.5,1668,3866,1.6276,1.695862828,12000,0,0.0
ID-VF,10000,6,0.2,0.2,uniform,CHI_1.0e-5_LS,1,20000,0.5,727,4046,1.6164,2.451251132,12000,7,0.0
ID-VF,10000,6,0.2,0.2,uniform,CHI_1.0e-5,1,100000,0.5,13827,18175,1.7104,1.999004442,12000,0,0.0
ID-VF,10000,6,0.2,0.2,uniform,CHI_1.0e-5_LS,1,100000,0.5,11449,19152,1.6984,2.7763963670000003,12000,7,0.0
ID-VF,10000,6,0.2,0.2,uniform,CHI_1.0e-5,1,200000,0.5,31733,37189,1.7027,1.739284054,12000,0,0.0
ID-VF,10000,6,0.2,0.2,uniform,CHI_1.0e-5_LS,1,200000,0.5,26899,37691,1.7004,3.0030027290000003,12000,11,0.0
ID-VF,10000,8,0.0,0.2,uniform,CHI_1.0e-5,1,20000,0.5,2392,5189,1.7488,1.858344591,12000,0,0.0
ID-VF,10000,8,0.0,0.2,uniform,CHI_1.0e-5_LS,1,20000,0.5,1374,5266,1.744,3.006929362,12000,9,0.0
ID-VF,10000,8,0.0,0.2,uniform,CHI_1.0e-5,1,100000,0.5,19125,25811,1.7873,1.75223001,12000,0,0.0
ID-VF,10000,8,0.0,0.2,uniform,CHI_1.0e-5_LS,1,100000,0.5,15886,25403,1.791,2.643147193,12000,7,0.0
ID-VF,10000,8,0.0,0.2,uniform,CHI_1.0e-5,1,200000,0.5,39467,46634,1.8251,2.029559249,12000,0,0.0
ID-VF,10000,8,0.0,0.2,uniform,CHI_1.0e-5_LS,1,200000,0.5,35708,47168,1.8226,3.312475403,12000,9,0.0
ID-VF,10000,8,0.2,0.2,uniform,CHI_1.0e-5,1,20000,0.5,2353,4746,1.7832,1.831668917,12000,0,0.0
ID-VF,10000,8,0.2,0.2,uniform,CHI_1.0e-5_LS,1,20000,0.5,1198,4888,1.7778,2.734073362,12000,7,0.0
ID-VF,10000,8,0.2,0.2,uniform,CHI_1.0e-5,1,100000,0.5,18034,23198,1.844,1.682019289,12000,0,0.0
ID-VF,10000,8,0.2,0.2,uniform,CHI_1.0e-5_LS,1,100000,0.5,14866,23365,1.8429,2.813526927,12000,8,0.0
ID-VF,10000,8,0.2,0.2,uniform,CHI_1.0e-5,1,200000,0.5,39288,45979,1.8324,1.829855577,12000,0,0.0
ID-VF,10000,8,0.2,0.2,uniform,CHI_1.0e-5_LS,1,200000,0.5,33783,44919,1.8391,3.436403789,12000,11,0.0
ID-VF,10000,10,0.0,0.2,uniform,CHI_1.0e-5,1,20000,0.5,2603,5945,1.8551,1.605085128,12000,0,0.0
ID-VF,10000,10,0.0,0.2,uniform,CHI_1.0e-5_LS,1,20000,0.5,1566,5991,1.8601,2.7715590949999998,12000,8,0.0
ID-VF,10000,10,0.0,0.2,uniform,CHI_1.0e-5,1,100000,0.5,22071,28963,1.9277,1.73611442,12000,0,0.0
ID-VF,10000,10,0.0,0.2,uniform,CHI_1.0e-5_LS,1,100000,0.5,18702,28324,1.934,3.048229409,12000,9,0.0
ID-VF,10000,10,0.0,0.2,uniform,CHI_1.0e-5,1,200000,0.5,43895,53426,1.9443,2.01987598,12000,0,0.0
ID-VF,10000,10,0.0,0.2,uniform,CHI_1.0e-5_LS,1,200000,0.5,41007,53244,1.9451,3.7999882759999997,12000,10,0.0
ID-VF,10000,10,0.2,0.2,uniform,CHI_1.0e-5,1,20000,0.5,2814,5687,1.8588,2.734683786,12000,0,0.0
ID-VF,10000,10,0.2,0.2,uniform,CHI_1.0e-5_LS,1,20000,0.5,1718,5865,1.8514,3.9692078440000005,12000,8,0.0
ID-VF,10000,10,0.2,0.2,uniform,CHI_1.0e-5,1,100000,0.5,22034,27293,1.9383,2.309903461,12000,0,0.0
ID-VF,10000,10,0.2,0.2,uniform,CHI_1.0e-5_LS,1,100000,0.5,18223,27183,1.9393,3.5595351500000003,12000,8,0.0
ID-VF,10000,10,0.2,0.2,uniform,CHI_1.0e-5,1,200000,0.5,44362,51661,1.9346,2.768066737,12000,0,0.0
ID-VF,10000,10,0.2,0.2,uniform,CHI_1.0e-5_LS,1,200000,0.5,39433,50700,1.9411,4.9173097210000005,12000,11,0.0
ID-VF,10000,2,0.0,0.2,frequency,CHI_1.0e-5,1,20000,0.5,5490,5422,0.4745,7.5901697,12449,0,0.0
ID-VF,10000,2,0.0,0.2,frequency,CHI_1.0e-5,1,100000,0.5,27206,26306,0.4947,10.165134534,13531,0,0.0
ID-VF,10000,2,0.0,0.2,frequency,CHI_1.0e-5,1,200000,0.5,54339,52672,0.4946,19.942105349,13795,0,0.0
ID-VF,10000,2,0.2,0.2,frequency,CHI_1.0e-5,1,20000,0.5,4796,4758,0.5423,2.63219641,12481,0,0.0
ID-VF,10000,2,0.2,0.2,frequency,CHI_1.0e-5,1,100000,0.5,25124,24333,0.5336,9.406459129,13702,0,0.0
ID-VF,10000,2,0.2,0.2,frequency,CHI_1.0e-5,1,200000,0.5,49380,48039,0.5399,18.67083861,13748,0,0.0
ID-VF,10000,4,0.0,0.2,frequency,CHI_1.0e-5,1,20000,0.5,11235,11353,0.1872,2.575454701,13478,0,0.0
ID-VF,10000,4,0.0,0.2,frequency,CHI_1.0e-5,1,100000,0.5,56807,56446,0.1959,10.718287868,15533,0,0.0
ID-VF,10000,4,0.0,0.2,frequency,CHI_1.0e-5,1,200000,0.5,113620,112701,0.1943,21.176228331,15961,0,0.0
ID-VF,10000,4,0.2,0.2,frequency,CHI_1.0e-5,1,20000,0.5,10851,11041,0.2023,3.369730789,13473,0,0.0
ID-VF,10000,4,0.2,0.2,frequency,CHI_1.0e-5,1,100000,0.5,55731,54927,0.2024,12.220840636,15795,0,0.0
ID-VF,10000,4,0.2,0.2,frequency,CHI_1.0e-5,1,200000,0.5,111967,110977,0.1996,21.125354686,16230,0,0.0
ID-VF,10000,6,0.0,0.2,frequency,CHI_1.0e-5,1,20000,0.5,13708,13807,0.1224,2.950601962,14520,0,0.0
ID-VF,10000,6,0.0,0.2,frequency,CHI_1.0e-5,1,100000,0.5,69387,68939,0.1237,10.805564533,16942,0,0.0
ID-VF,10000,6,0.0,0.2,frequency,CHI_1.0e-5,1,200000,0.5,138992,138322,0.1196,22.532132783,16749,0,0.0
ID-VF,10000,6,0.2,0.2,frequency,CHI_1.0e-5,1,20000,0.5,13159,13857,0.1165,3.197584259,14345,0,0.0
ID-VF,10000,6,0.2,0.2,frequency,CHI_1.0e-5,1,100000,0.5,68937,68208,0.128,11.56623642,16982,0,0.0
ID-VF,10000,6,0.2,0.2,frequency,CHI_1.0e-5,1,200000,0.5,137650,137391,0.123,23.368110121,16475,0,0.0
ID-VF,10000,8,0.0,0.2,frequency,CHI_1.0e-5,1,20000,0.5,15134,15300,0.0821,3.63632829,13865,0,0.0
ID-VF,10000,8,0.0,0.2,frequency,CHI_1.0e-5,1,100000,0.5,76277,75927,0.0894,12.485339267,17763,0,0.0
ID-VF,10000,8,0.0,0.2,frequency,CHI_1.0e-5,1,200000,0.5,153090,152417,0.0877,24.805574379,18119,0,0.0
ID-VF,10000,8,0.2,0.2,frequency,CHI_1.0e-5,1,20000,0.5,14160,15193,0.0876,3.343373808,14025,0,0.0
ID-VF,10000,8,0.2,0.2,frequency,CHI_1.0e-5,1,100000,0.5,75759,74967,0.0932,12.643067064,17612,0,0.0
ID-VF,10000,8,0.2,0.2,frequency,CHI_1.0e-5,1,200000,0.5,151701,151657,0.088,23.914632723,17550,0,0.0
ID-VF,10000,10,0.0,0.2,frequency,CHI_1.0e-5,1,20000,0.5,15716,16380,0.0608,3.394285586,14038,0,0.0
ID-VF,10000,10,0.0,0.2,frequency,CHI_1.0e-5,1,100000,0.5,80899,80357,0.0708,12.447268227,18493,0,0.0
ID-VF,10000,10,0.0,0.2,frequency,CHI_1.0e-5,1,200000,0.5,160837,161140,0.0688,25.440040072,18036,0,0.0
ID-VF,10000,10,0.2,0.2,frequency,CHI_1.0e-5,1,20000,0.5,15605,16420,0.0627,3.650284742,14327,0,0.0
ID-VF,10000,10,0.2,0.2,frequency,CHI_1.0e-5,1,100000,0.5,80169,80174,0.072,11.922081645,18252,0,0.0
ID-VF,10000,10,0.2,0.2,frequency,CHI_1.0e-5,1,200000,0.5,160055,160635,0.0699,25.173824044,18292,0,0.0
ID-VF,10000,2,0.0,0.2,random,CHI_1.0e-5,1,20000,0.5,56,903,1.3408,9.165049049,12777,0,0.0
ID-VF,10000,2,0.0,0.2,random,CHI_1.0e-5,1,100000,0.5,2153,3254,1.4261,12.09453848,13034,0,0.0
ID-VF,10000,2,0.0,0.2,random,CHI_1.0e-5,1,200000,0.5,4613,5876,1.4431,24.099708479,13126,0,0.0
ID-VF,10000,2,0.2,0.2,random,CHI_1.0e-5,1,20000,0.5,0,772,1.3541,2.732811083,12717,0,0.0
ID-VF,10000,2,0.2,0.2,random,CHI_1.0e-5,1,100000,0.5,1253,2525,1.4383,10.974858396,13095,0,0.0
ID-VF,10000,2,0.2,0.2,random,CHI_1.0e-5,1,200000,0.5,3027,4442,1.4574,21.77946324,13162,0,0.0
ID-VF,10000,4,0.0,0.2,random,CHI_1.0e-5,1,20000,0.5,1295,2668,1.5743,2.977330708,13391,0,0.0
ID-VF,10000,4,0.0,0.2,random,CHI_1.0e-5,1,100000,0.5,9373,11135,1.665,11.412781511,13406,0,0.0
ID-VF,10000,4,0.0,0.2,random,CHI_1.0e-5,1,200000,0.5,18868,20657,1.7136,23.727556083,13624,0,0.0
ID-VF,10000,4,0.2,0.2,random,CHI_1.0e-5,1,20000,0.5,983,2345,1.6343,2.898524533,13496,0,0.0
ID-VF,10000,4,0.2,0.2,random,CHI_1.0e-5,1,100000,0.5,7846,9739,1.7136,12.722658604,13624,0,0.0
ID-VF,10000,4,0.2,0.2,random,CHI_1.0e-5,1,200000,0.5,17018,18486,1.7203,22.410786145,13553,0,0.0
ID-VF,10000,6,0.0,0.2,random,CHI_1.0e-5,1,20000,0.5,2373,3388,1.841,3.269156764,13792,0,0.0
ID-VF,10000,6,0.0,0.2,random,CHI_1.0e-5,1,100000,0.5,14983,16051,1.8593,12.00256045,13555,0,0.0
ID-VF,10000,6,0.0,0.2,random,CHI_1.0e-5,1,200000,0.5,29336,30998,1.8933,24.821521168,13609,0,0.0
ID-VF,10000,6,0.2,0.2,random,CHI_1.0e-5,1,20000,0.5,1940,3303,1.7988,3.705830419,13731,0,0.0
ID-VF,10000,6,0.2,0.2,random,CHI_1.0e-5,1,100000,0.5,13335,15024,1.8488,12.350011174,13513,0,0.0
ID-VF,10000,6,0.2,0.2,random,CHI_1.0e-5,1,200000,0.5,26710,28418,1.9087,25.656711395,13588,0,0.0
ID-VF,10000,8,0.0,0.2,random,CHI_1.0e-5,1,20000,0.5,3288,4311,1.9349,3.218226478,13723,0,0.0
ID-VF,10000,8,0.0,0.2,random,CHI_1.0e-5,1,100000,0.5,18390,19723,2.0146,11.434586099,13606,0,0.0
ID-VF,10000,8,0.0,0.2,random,CHI_1.0e-5,1,200000,0.5,38181,39503,1.9989,24.968983834,13440,0,0.0
ID-VF,10000,8,0.2,0.2,random,CHI_1.0e-5,1,20000,0.5,2804,4086,1.9524,3.505132147,13618,0,0.0
ID-VF,10000,8,0.2,0.2,random,CHI_1.0e-5,1,100000,0.5,17114,18536,2.037,12.345523941,13462,0,0.0
ID-VF,10000,8,0.2,0.2,random,CHI_1.0e-5,1,200000,0.5,35181,36433,2.0425,25.680076794,13540,0,0.0
ID-VF,10000,10,0.0,0.2,random,CHI_1.0e-5,1,20000,0.5,3752,4932,2.1347,3.636368728,13849,0,0.0
ID-VF,10000,10,0.0,0.2,random,CHI_1.0e-5,1,100000,0.5,21339,22597,2.2003,11.775494649,13635,0,0.0
ID-VF,10000,10,0.0,0.2,random,CHI_1.0e-5,1,200000,0.5,43024,44922,2.202,22.34680427,13578,0,0.0
ID-VF,10000,10,0.2,0.2,random,CHI_1.0e-5,1,20000,0.5,3529,4860,2.0679,3.0474216,13671,0,0.0
ID-VF,10000,10,0.2,0.2,random,CHI_1.0e-5,1,100000,0.5,20233,21709,2.1734,11.525013304,13600,0,0.0
ID-VF,10000,10,0.2,0.2,random,CHI_1.0e-5,1,200000,0.5,40487,42319,2.2035,23.482031023,13597,0,0.0
HD-SF,10000,2,0.0,0.0,uniform,CHI_1.0e-5,1,20000,0.5,2806,4828,0.5172,5.976952024,10000,0,0.0
HD-SF,10000,2,0.0,0.0,uniform,CHI_1.0e-5_LS,1,20000,0.5,2334,4585,0.5415,6.654390053,10000,10,0.0
HD-SF,10000,2,0.0,0.0,uniform,CHI_1.0e-5,1,100000,0.5,10546,11755,0.7649,1.204098283,10000,0,0.0
HD-SF,10000,2,0.0,0.0,uniform,CHI_1.0e-5_LS,1,100000,0.5,9116,10617,0.7877,1.510848733,10000,6,0.0
HD-SF,10000,2,0.0,0.0,uniform,CHI_1.0e-5,1,200000,0.5,19952,21267,0.7873,1.102148141,10000,0,0.0
HD-SF,10000,2,0.0,0.0,uniform,CHI_1.0e-5_LS,1,200000,0.5,18451,20293,0.7971,1.92979072,10000,16,0.0
HD-SF,10000,2,0.2,0.0,uniform,CHI_1.0e-5,1,20000,0.5,2597,4978,0.5022,1.510862228,10000,0,0.0
HD-SF,10000,2,0.2,0.0,uniform,CHI_1.0e-5_LS,1,20000,0.5,2314,4952,0.5048,1.743477437,10000,5,0.0
HD-SF,10000,2,0.2,0.0,uniform,CHI_1.0e-5,1,100000,0.5,10143,11314,0.7737,1.386602692,10000,0,0.0
HD-SF,10000,2,0.2,0.0,uniform,CHI_1.0e-5_LS,1,100000,0.5,8931,10326,0.7935,1.889180706,10000,10,0.0
HD-SF,10000,2,0.2,0.0,uniform,CHI_1.0e-5,1,200000,0.5,19293,21102,0.789,1.216378741,10000,0,0.0
HD-SF,10000,2,0.2,0.0,uniform,CHI_1.0e-5_LS,1,200000,0.5,18183,20728,0.7927,1.731479077,10000,10,0.0
HD-SF,10000,4,0.0,0.0,uniform,CHI_1.0e-5,1,20000,0.5,3565,6654,0.4202,1.319165,10000,0,0.0
HD-SF,10000,4,0.0,0.0,uniform,CHI_1.0e-5_LS,1,20000,0.5,3049,6207,0.4514,2.290261578,10000,11,0.0
HD-SF,10000,4,0.0,0.0,uniform,CHI_1.0e-5,1,100000,0.5,17654,19168,0.6558,1.48330957,10000,0,0.0
HD-SF,10000,4,0.0,0.0,uniform,CHI_1.0e-5_LS,1,100000,0.5,14968,16428,0.7024,3.1529568980000002,10000,19,0.0
HD-SF,10000,4,0.0,0.0,uniform,CHI_1.0e-5,1,200000,0.5,34446,36651,0.6708,1.40555419,10000,0,0.0
HD-SF,10000,4,0.0,0.0,uniform,CHI_1.0e-5_LS,1,200000,0.5,29868,32177,0.7097,3.924325369,10000,28,0.0
HD-SF,10000,4,0.2,0.0,uniform,CHI_1.0e-5,1,20000,0.5,3373,6943,0.4086,1.416032028,10000,0,0.0
HD-SF,10000,4,0.2,0.0,uniform,CHI_1.0e-5_LS,1,20000,0.5,3000,6675,0.4269,2.1206521990000002,10000,8,0.0
HD-SF,10000,4,0.2,0.0,uniform,CHI_1.0e-5,1,100000,0.5,17632,19694,0.6483,1.309535091,10000,0,0.0
HD-SF,10000,4,0.2,0.0,uniform,CHI_1.0e-5_LS,1,100000,0.5,14476,16687,0.7002,3.491464391,10000,24,0.0
HD-SF,10000,4,0.2,0.0,uniform,CHI_1.0e-5,1,200000,0.5,32134,34621,0.6895,1.328565959,10000,0,0.0
HD-SF,10000,4,0.2,0.0,uniform,CHI_1.0e-5_LS,1,200000,0.5,29841,32915,0.7044,2.954518038,10000,18,0.0
HD-SF,10000,6,0.0,0.0,uniform,CHI_1.0e-5,1,20000,0.5,3796,7323,0.3988,1.258459583,10000,0,0.0
HD-SF,10000,6,0.0,0.0,uniform,CHI_1.0e-5_LS,1,20000,0.5,3237,6865,0.428,2.300647685,10000,9,0.0
HD-SF,10000,6,0.0,0.0,uniform,CHI_1.0e-5,1,100000,0.5,19580,21150,0.634,1.515045443,10000,0,0.0
HD-SF,10000,6,0.0,0.0,uniform,CHI_1.0e-5_LS,1,100000,0.5,16703,18609,0.6758,4.555428959,10000,26,0.0
HD-SF,10000,6,0.0,0.0,uniform,CHI_1.0e-5,1,200000,0.5,40778,43614,0.6215,1.416699641,10000,0,0.0
HD-SF,10000,6,0.0,0.0,uniform,CHI_1.0e-5_LS,1,200000,0.5,34581,37371,0.6738,4.651610032,10000,28,0.0
HD-SF,10000,6,0.2,0.0,uniform,CHI_1.0e-5,1,20000,0.5,3928,7783,0.3705,1.32616123,10000,0,0.0
HD-SF,10000,6,0.2,0.0,uniform,CHI_1.0e-5_LS,1,20000,0.5,3346,7232,0.4031,2.497167708,10000,10,0.0
HD-SF,10000,6,0.2,0.0,uniform,CHI_1.0e-5,1,100000,0.5,19360,21641,0.6267,1.532723373,10000,0,0.0
HD-SF,10000,6,0.2,0.0,uniform,CHI_1.0e-5_LS,1,100000,0.5,16497,18618,0.6768,4.968137376,10000,29,0.0
HD-SF,10000,6,0.2,0.0,uniform,CHI_1.0e-5,1,200000,0.5,37998,40509,0.649,1.38105593,10000,0,0.0
HD-SF,10000,6,0.2,0.0,uniform,CHI_1.0e-5_LS,1,200000,0.5,34546,37404,0.6751,4.94343868,10000,30,0.0
HD-SF,10000,8,0.0,0.0,uniform,CHI_1.0e-5,1,20000,0.5,4056,7881,0.3696,1.233889408,10000,0,0.0
HD-SF,10000,8,0.0,0.0,uniform,CHI_1.0e-5_LS,1,20000,0.5,3524,7450,0.3906,2.727028511,10000,11,0.0
HD-SF,10000,8,0.0,0.0,uniform,CHI_1.0e-5,1,100000,0.5,21959,24049,0.5912,1.345776342,10000,0,0.0
HD-SF,10000,8,0.0,0.0,uniform,CHI_1.0e-5_LS,1,100000,0.5,18034,19771,0.6597,4.569553856000001,10000,24,0.0
HD-SF,10000,8,0.0,0.0,uniform,CHI_1.0e-5,1,200000,0.5,45436,48276,0.5899,1.38391393,10000,0,0.0
HD-SF,10000,8,0.0,0.0,uniform,CHI_1.0e-5_LS,1,200000,0.5,36663,39116,0.664,6.8921255839999995,10000,41,0.0
HD-SF,10000,8,0.2,0.0,uniform,CHI_1.0e-5,1,20000,0.5,4110,8217,0.3592,1.339192827,10000,0,0.0
HD-SF,10000,8,0.2,0.0,uniform,CHI_1.0e-5_LS,1,20000,0.5,3554,7700,0.3879,3.485252884,10000,16,0.0
HD-SF,10000,8,0.2,0.0,uniform,CHI_1.0e-5,1,100000,0.5,21965,24240,0.5904,1.672475692,10000,0,0.0
HD-SF,10000,8,0.2,0.0,uniform,CHI_1.0e-5_LS,1,100000,0.5,18013,20335,0.6524,6.027275714,10000,32,0.0
HD-SF,10000,8,0.2,0.0,uniform,CHI_1.0e-5,1,200000,0.5,45269,48290,0.596,1.715278988,10000,0,0.0
HD-SF,10000,8,0.2,0.0,uniform,CHI_1.0e-5_LS,1,200000,0.5,36261,38894,0.6683,7.056392112999999,10000,40,0.0
HD-SF,10000,10,0.0,0.0,uniform,CHI_1.0e-5,1,20000,0.5,4477,8704,0.3364,1.692438808,10000,0,0.0
HD-SF,10000,10,0.0,0.0,uniform,CHI_1.0e-5_LS,1,20000,0.5,3834,8086,0.3681,3.590822601,10000,13,0.0
HD-SF,10000,10,0.0,0.0,uniform,CHI_1.0e-5,1,100000,0.5,22012,24292,0.5926,1.937377727,10000,0,0.0
HD-SF,10000,10,0.0,0.0,uniform,CHI_1.0e-5_LS,1,100000,0.5,18181,20158,0.6588,7.645587405000001,10000,38,0.0
HD-SF,10000,10,0.0,0.0,uniform,CHI_1.0e-5,1,200000,0.5,44473,47772,0.6018,1.826254544,10000,0,0.0
HD-SF,10000,10,0.0,0.0,uniform,CHI_1.0e-5_LS,1,200000,0.5,38555,41510,0.6494,4.625140054,10000,19,0.0
HD-SF,10000,10,0.2,0.0,uniform,CHI_1.0e-5,1,20000,0.5,4309,8655,0.3402,1.934548752,10000,0,0.0
HD-SF,10000,10,0.2,0.0,uniform,CHI_1.0e-5_LS,1,20000,0.5,3666,8029,0.375,4.4678727,10000,17,0.0
HD-SF,10000,10,0.2,0.0,uniform,CHI_1.0e-5,1,100000,0.5,23194,25624,0.5735,1.885274881,10000,0,0.0
HD-SF,10000,10,0.2,0.0,uniform,CHI_1.0e-5_LS,1,100000,0.5,18298,20351,0.656,6.915481881,10000,34,0.0
HD-SF,10000,10,0.2,0.0,uniform,CHI_1.0e-5,1,200000,0.5,44895,48278,0.5945,1.952082962,10000,0,0.0
HD-SF,10000,10,0.2,0.0,uniform,CHI_1.0e-5_LS,1,200000,0.5,37751,40571,0.6571,9.700581399,10000,53,0.0
HD-SF,10000,2,0.0,0.2,uniform,CHI_1.0e-5,1,20000,0.5,1938,4555,0.5794,1.304995148,12000,0,0.0
HD-SF,10000,2,0.0,0.2,uniform,CHI_1.0e-5_LS,1,20000,0.5,970,4408,0.5941,1.584152945,12000,7,0.0
HD-SF,10000,2,0.0,0.2,uniform,CHI_1.0e-5,1,100000,0.5,10489,13062,0.7774,1.362488863,12000,0,0.0
HD-SF,10000,2,0.0,0.2,uniform,CHI_1.0e-5_LS,1,100000,0.5,6705,9142,0.8558,1.964285596,12000,14,0.0
HD-SF,10000,2,0.0,0.2,uniform,CHI_1.0e-5,1,200000,0.5,18782,20352,0.8336,1.475046866,12000,0,0.0
HD-SF,10000,2,0.0,0.2,uniform,CHI_1.0e-5_LS,1,200000,0.5,14881,16609,0.8711,2.506080801,12000,23,0.0
HD-SF,10000,2,0.2,0.2,uniform,CHI_1.0e-5,1,20000,0.5,1428,3985,0.635,1.426189366,12000,0,0.0
HD-SF,10000,2,0.2,0.2,uniform,CHI_1.0e-5_LS,1,20000,0.5,768,3941,0.6394,1.656538135,12000,6,0.0
HD-SF,10000,2,0.2,0.2,uniform,CHI_1.0e-5,1,100000,0.5,9770,12028,0.796,1.384457689,12000,0,0.0
HD-SF,10000,2,0.2,0.2,uniform,CHI_1.0e-5_LS,1,100000,0.5,6382,8458,0.8674,2.3151448,12000,22,0.0
HD-SF,10000,2,0.2,0.2,uniform,CHI_1.0e-5,1,200000,0.5,18307,19681,0.8402,1.756148338,12000,0,0.0
HD-SF,10000,2,0.2,0.2,uniform,CHI_1.0e-5_LS,1,200000,0.5,16146,18055,0.8564,2.8949429,12000,25,0.0
HD-SF,10000,4,0.0,0.2,uniform,CHI_1.0e-5,1,20000,0.5,4447,8960,0.3053,1.80056477,12000,0,0.0
HD-SF,10000,4,0.0,0.2,uniform,CHI_1.0e-5_LS,1,20000,0.5,2666,7487,0.3931,2.776575113,12000,11,0.0
HD-SF,10000,4,0.0,0.2,uniform,CHI_1.0e-5,1,100000,0.5,15637,17245,0.699,1.428356239,12000,0,0.0
HD-SF,10000,4,0.0,0.2,uniform,CHI_1.0e-5_LS,1,100000,0.5,14538,16380,0.7144,2.909266911,12000,16,0.0
HD-SF,10000,4,0.0,0.2,uniform,CHI_1.0e-5,1,200000,0.5,30951,32822,0.7161,1.875308893,12000,0,0.0
HD-SF,10000,4,0.0,0.2,uniform,CHI_1.0e-5_LS,1,200000,0.5,29503,32168,0.7212,3.996432608,12000,23,0.0
HD-SF,10000,4,0.2,0.2,uniform,CHI_1.0e-5,1,20000,0.5,4138,8848,0.3107,1.632012314,12000,0,0.0
HD-SF,10000,4,0.2,0.2,uniform,CHI_1.0e-5_LS,1,20000,0.5,2945,7784,0.3713,2.60320383,12000,11,0.0
HD-SF,10000,4,0.2,0.2,uniform,CHI_1.0e-5,1,100000,0.5,16002,18028,0.6872,1.353364913,12000,0,0.0
HD-SF,10000,4,0.2,0.2,uniform,CHI_1.0e-5_LS,1,100000,0.5,13882,15904,0.724,4.013830092,12000,29,0.0
HD-SF,10000,4,0.2,0.2,uniform,CHI_1.0e-5,1,200000,0.5,31311,32930,0.7156,1.65321335,12000,0,0.0
HD-SF,10000,4,0.2,0.2,uniform,CHI_1.0e-5_LS,1,200000,0.5,28908,31053,0.7321,3.7828420730000003,12000,22,0.0
HD-SF,10000,6,0.0,0.2,uniform,CHI_1.0e-5,1,20000,0.5,4976,9775,0.2723,1.664901108,12000,0,0.0
HD-SF,10000,6,0.0,0.2,uniform,CHI_1.0e-5_LS,1,20000,0.5,3551,8480,0.3428,3.9828616180000003,12000,19,0.0
HD-SF,10000,6,0.0,0.2,uniform,CHI_1.0e-5,1,100000,0.5,19414,21256,0.6397,1.608469926,12000,0,0.0
HD-SF,10000,6,0.0,0.2,uniform,CHI_1.0e-5_LS,1,100000,0.5,16839,18861,0.6776,5.601078461,12000,33,0.0
HD-SF,10000,6,0.0,0.2,uniform,CHI_1.0e-5,1,200000,0.5,34462,36293,0.6914,1.669280641,12000,0,0.0
HD-SF,10000,6,0.0,0.2,uniform,CHI_1.0e-5_LS,1,200000,0.5,32702,35008,0.7021,3.848656773,12000,17,0.0
HD-SF,10000,6,0.2,0.2,uniform,CHI_1.0e-5,1,20000,0.5,4863,9908,0.2721,1.881116944,12000,0,0.0
HD-SF,10000,6,0.2,0.2,uniform,CHI_1.0e-5_LS,1,20000,0.5,3615,8844,0.3255,3.194593056,12000,11,0.0
HD-SF,10000,6,0.2,0.2,uniform,CHI_1.0e-5,1,100000,0.5,18265,20072,0.6612,1.747561556,12000,0,0.0
HD-SF,10000,6,0.2,0.2,uniform,CHI_1.0e-5_LS,1,100000,0.5,16270,18451,0.6898,4.507545606,12000,22,0.0
HD-SF,10000,6,0.2,0.2,uniform,CHI_1.0e-5,1,200000,0.5,38001,39957,0.6611,1.575310243,12000,0,0.0
HD-SF,10000,6,0.2,0.2,uniform,CHI_1.0e-5_LS,1,200000,0.5,33726,35894,0.6962,4.513102647,12000,23,0.0
HD-SF,10000,8,0.0,0.2,uniform,CHI_1.0e-5,1,20000,0.5,4801,9728,0.2819,1.545000355,12000,0,0.0
HD-SF,10000,8,0.0,0.2,uniform,CHI_1.0e-5_LS,1,20000,0.5,3698,8569,0.3408,3.848945113,12000,16,0.0
HD-SF,10000,8,0.0,0.2,uniform,CHI_1.0e-5,1,100000,0.5,20908,22813,0.6189,1.966395983,12000,0,0.0
HD-SF,10000,8,0.0,0.2,uniform,CHI_1.0e-5_LS,1,100000,0.5,18778,21243,0.6402,4.808919734,12000,18,0.0
HD-SF,10000,8,0.0,0.2,uniform,CHI_1.0e-5,1,200000,0.5,40380,42605,0.6416,1.538102099,12000,0,0.0
HD-SF,10000,8,0.0,0.2,uniform,CHI_1.0e-5_LS,1,200000,0.5,36773,39731,0.6657,4.426092842,12000,18,0.0
HD-SF,10000,8,0.2,0.2,uniform,CHI_1.0e-5,1,20000,0.5,4972,10075,0.2716,2.070505794,12000,0,0.0
HD-SF,10000,8,0.2,0.2,uniform,CHI_1.0e-5_LS,1,20000,0.5,3911,9125,0.3182,3.4265307459999996,12000,9,0.0
HD-SF,10000,8,0.2,0.2,uniform,CHI_1.0e-5,1,100000,0.5,19594,21494,0.6399,2.356532823,12000,0,0.0
HD-SF,10000,8,0.2,0.2,uniform,CHI_1.0e-5_LS,1,100000,0.5,17725,19945,0.6633,4.909258554000001,12000,16,0.0
HD-SF,10000,8,0.2,0.2,uniform,CHI_1.0e-5,1,200000,0.5,39752,42709,0.6429,2.275953046,12000,0,0.0
HD-SF,10000,8,0.2,0.2,uniform,CHI_1.0e-5_LS,1,200000,0.5,37142,40873,0.6565,4.758102109,12000,15,0.0
HD-SF,10000,10,0.0,0.2,uniform,CHI_1.0e-5,1,20000,0.5,4951,9990,0.2801,2.460716592,12000,0,0.0
HD-SF,10000,10,0.0,0.2,uniform,CHI_1.0e-5_LS,1,20000,0.5,4050,9243,0.3152,4.834264522,12000,14,0.0
HD-SF,10000,10,0.0,0.2,uniform,CHI_1.0e-5,1,100000,0.5,23026,25505,0.5869,2.406953724,12000,0,0.0
HD-SF,10000,10,0.0,0.2,uniform,CHI_1.0e-5_LS,1,100000,0.5,19503,22175,0.6348,8.384124489,12000,34,0.0
HD-SF,10000,10,0.0,0.2,uniform,CHI_1.0e-5,1,200000,0.5,44915,47670,0.6032,2.505497827,12000,0,0.0
HD-SF,10000,10,0.0,0.2,uniform,CHI_1.0e-5_LS,1,200000,0.5,37469,40343,0.663,8.746995387,12000,35,0.0
HD-SF,10000,10,0.2,0.2,uniform,CHI_1.0e-5,1,20000,0.5,5056,10206,0.2804,3.11620508,12000,0,0.0
HD-SF,10000,10,0.2,0.2,uniform,CHI_1.0e-5_LS,1,20000,0.5,3867,8947,0.3406,5.84740331,12000,17,0.0
HD-SF,10000,10,0.2,0.2,uniform,CHI_1.0e-5,1,100000,0.5,21212,23967,0.6031,2.657178285,12000,0,0.0
HD-SF,10000,10,0.2,0.2,uniform,CHI_1.0e-5_LS,1,100000,0.5,18234,21021,0.6487,7.2375435150000005,12000,27,0.0
HD-SF,10000,10,0.2,0.2,uniform,CHI_1.0e-5,1,200000,0.5,42706,45628,0.6269,2.119958219,12000,0,0.0
HD-SF,10000,10,0.2,0.2,uniform,CHI_1.0e-5_LS,1,200000,0.5,39581,42899,0.6486,3.839787831,12000,10,0.0
HD-SF,10000,2,0.0,0.2,frequency,CHI_1.0e-5,1,20000,0.5,2157,4662,0.5427,7.448319967,10994,0,0.0
HD-SF,10000,2,0.0,0.2,frequency,CHI_1.0e-5,1,100000,0.5,7638,9311,0.8326,10.856155251,11287,0,0.0
HD-SF,10000,2,0.0,0.2,frequency,CHI_1.0e-5,1,200000,0.5,16101,18230,0.835,21.597290296,11310,0,0.0
HD-SF,10000,2,0.2,0.2,frequency,CHI_1.0e-5,1,20000,0.5,2025,4601,0.548,2.561019557,10986,0,0.0
HD-SF,10000,2,0.2,0.2,frequency,CHI_1.0e-5,1,100000,0.5,7185,8686,0.8431,9.904721479,11269,0,0.0
HD-SF,10000,2,0.2,0.2,frequency,CHI_1.0e-5,1,200000,0.5,13426,14641,0.8707,19.804724132,11312,0,0.0
HD-SF,10000,4,0.0,0.2,frequency,CHI_1.0e-5,1,20000,0.5,3301,7093,0.4035,2.537854601,10835,0,0.0
HD-SF,10000,4,0.0,0.2,frequency,CHI_1.0e-5,1,100000,0.5,15286,18219,0.6794,11.103585161,11116,0,0.0
HD-SF,10000,4,0.0,0.2,frequency,CHI_1.0e-5,1,200000,0.5,28242,31633,0.721,22.198662607,11211,0,0.0
HD-SF,10000,4,0.2,0.2,frequency,CHI_1.0e-5,1,20000,0.5,3122,6679,0.4356,2.855338946,10846,0,0.0
HD-SF,10000,4,0.2,0.2,frequency,CHI_1.0e-5,1,100000,0.5,13811,16767,0.7012,12.626899507,11133,0,0.0
HD-SF,10000,4,0.2,0.2,frequency,CHI_1.0e-5,1,200000,0.5,28670,31861,0.7164,22.346457858,11205,0,0.0
HD-SF,10000,6,0.0,0.2,frequency,CHI_1.0e-5,1,20000,0.5,3727,7657,0.3795,3.033738436,10821,0,0.0
HD-SF,10000,6,0.0,0.2,frequency,CHI_1.0e-5,1,100000,0.5,18346,21572,0.6318,11.110056444,11081,0,0.0
HD-SF,10000,6,0.0,0.2,frequency,CHI_1.0e-5,1,200000,0.5,39229,43816,0.6235,23.344478066,11175,0,0.0
HD-SF,10000,6,0.2,0.2,frequency,CHI_1.0e-5,1,20000,0.5,3766,7699,0.3831,2.786594455,10795,0,0.0
HD-SF,10000,6,0.2,0.2,frequency,CHI_1.0e-5,1,100000,0.5,17244,20328,0.6525,11.47985966,11051,0,0.0
HD-SF,10000,6,0.2,0.2,frequency,CHI_1.0e-5,1,200000,0.5,37670,41306,0.6425,25.198943159,11184,0,0.0
HD-SF,10000,8,0.0,0.2,frequency,CHI_1.0e-5,1,20000,0.5,3664,7637,0.3926,3.390753014,10782,0,0.0
HD-SF,10000,8,0.0,0.2,frequency,CHI_1.0e-5,1,100000,0.5,19845,23013,0.6127,12.273154198,11029,0,0.0
HD-SF,10000,8,0.0,0.2,frequency,CHI_1.0e-5,1,200000,0.5,37494,41103,0.6522,24.937027609,11153,0,0.0
HD-SF,10000,8,0.2,0.2,frequency,CHI_1.0e-5,1,20000,0.5,3426,7452,0.4006,3.349681244,10785,0,0.0
HD-SF,10000,8,0.2,0.2,frequency,CHI_1.0e-5,1,100000,0.5,18910,22128,0.6255,12.910479613,11041,0,0.0
HD-SF,10000,8,0.2,0.2,frequency,CHI_1.0e-5,1,200000,0.5,38750,42321,0.6401,25.736092154,11147,0,0.0
HD-SF,10000,10,0.0,0.2,frequency,CHI_1.0e-5,1,20000,0.5,4234,8847,0.3316,3.11014228,10743,0,0.0
HD-SF,10000,10,0.0,0.2,frequency,CHI_1.0e-5,1,100000,0.5,20507,23961,0.6004,12.373187373,11053,0,0.0
HD-SF,10000,10,0.0,0.2,frequency,CHI_1.0e-5,1,200000,0.5,41706,45968,0.616,26.435188199,11132,0,0.0
HD-SF,10000,10,0.2,0.2,frequency,CHI_1.0e-5,1,20000,0.5,3671,7730,0.3929,3.366830211,10766,0,0.0
HD-SF,10000,10,0.2,0.2,frequency,CHI_1.0e-5,1,100000,0.5,19222,22714,0.6183,12.662100489,11023,0,0.0
HD-SF,10000,10,0.2,0.2,frequency,CHI_1.0e-5,1,200000,0.5,45246,49803,0.5877,29.657919439,11146,0,0.0
HD-SF,10000,2,0.0,0.2,random,CHI_1.0e-5,1,20000,0.5,1603,3885,0.676,8.741480969,12893,0,0.0
HD-SF,10000,2,0.0,0.2,random,CHI_1.0e-5,1,100000,0.5,12488,15582,0.7772,13.184434264,13309,0,0.0
HD-SF,10000,2,0.0,0.2,random,CHI_1.0e-5,1,200000,0.5,30525,34277,0.7103,24.198642912,12433,0,0.0
HD-SF,10000,2,0.2,0.2,random,CHI_1.0e-5,1,20000,0.5,1027,3182,0.7465,3.175754949,12889,0,0.0
HD-SF,10000,2,0.2,0.2,random,CHI_1.0e-5,1,100000,0.5,9234,11887,0.8518,11.339360937,13276,0,0.0
HD-SF,10000,2,0.2,0.2,random,CHI_1.0e-5,1,200000,0.5,21830,25000,0.8041,21.072652248,12465,0,0.0
HD-SF,10000,4,0.0,0.2,random,CHI_1.0e-5,1,20000,0.5,4394,8705,0.367,3.290858894,14024,0,0.0
HD-SF,10000,4,0.0,0.2,random,CHI_1.0e-5,1,100000,0.5,26158,30738,0.5226,11.953434863,14792,0,0.0
HD-SF,10000,4,0.0,0.2,random,CHI_1.0e-5,1,200000,0.5,59149,64455,0.4649,23.131077341,13239,0,0.0
HD-SF,10000,4,0.2,0.2,random,CHI_1.0e-5,1,20000,0.5,4149,8442,0.3655,3.313428732,13917,0,0.0
HD-SF,10000,4,0.2,0.2,random,CHI_1.0e-5,1,100000,0.5,24059,28655,0.5554,13.650389643,15025,0,0.0
HD-SF,10000,4,0.2,0.2,random,CHI_1.0e-5,1,200000,0.5,56238,60778,0.4868,24.803560365,13218,0,0.0
HD-SF,10000,6,0.0,0.2,random,CHI_1.0e-5,1,20000,0.5,5814,10808,0.2675,3.218396961,14846,0,0.0
HD-SF,10000,6,0.0,0.2,random,CHI_1.0e-5,1,100000,0.5,30870,35494,0.4542,13.589581076,15330,0,0.0
HD-SF,10000,6,0.0,0.2,random,CHI_1.0e-5,1,200000,0.5,62364,66853,0.4475,25.589056287,13689,0,0.0
HD-SF,10000,6,0.2,0.2,random,CHI_1.0e-5,1,20000,0.5,5643,10620,0.2672,3.406463182,14663,0,0.0
HD-SF,10000,6,0.2,0.2,random,CHI_1.0e-5,1,100000,0.5,28891,33102,0.4888,12.187931984,15306,0,0.0
HD-SF,10000,6,0.2,0.2,random,CHI_1.0e-5,1,200000,0.5,65974,70556,0.4253,23.390032878,13724,0,0.0
HD-SF,10000,8,0.0,0.2,random,CHI_1.0e-5,1,20000,0.5,6331,11923,0.235,3.345632964,15327,0,0.0
HD-SF,10000,8,0.0,0.2,random,CHI_1.0e-5,1,100000,0.5,33951,38791,0.4045,12.134822441,15661,0,0.0
HD-SF,10000,8,0.0,0.2,random,CHI_1.0e-5,1,200000,0.5,66471,70937,0.4329,25.138050294,14207,0,0.0
HD-SF,10000,8,0.2,0.2,random,CHI_1.0e-5,1,20000,0.5,6178,11713,0.225,3.695502222,15234,0,0.0
HD-SF,10000,8,0.2,0.2,random,CHI_1.0e-5,1,100000,0.5,31736,36821,0.4324,12.40775294,15562,0,0.0
HD-SF,10000,8,0.2,0.2,random,CHI_1.0e-5,1,200000,0.5,68871,73755,0.4063,26.655792563,14182,0,0.0
HD-SF,10000,10,0.0,0.2,random,CHI_1.0e-5,1,20000,0.5,6737,12641,0.1878,3.687194321,15670,0,0.0
HD-SF,10000,10,0.0,0.2,random,CHI_1.0e-5,1,100000,0.5,34143,39091,0.4053,13.345787452,15834,0,0.0
HD-SF,10000,10,0.0,0.2,random,CHI_1.0e-5,1,200000,0.5,66262,71100,0.4374,23.612425948,14460,0,0.0
HD-SF,10000,10,0.2,0.2,random,CHI_1.0e-5,1,20000,0.5,6493,12155,0.2163,3.306788223,15504,0,0.0
HD-SF,10000,10,0.2,0.2,random,CHI_1.0e-5,1,100000,0.5,31357,35952,0.4401,11.952272075,15540,0,0.0
HD-SF,10000,10,0.2,0.2,random,CHI_1.0e-5,1,200000,0.5,64573,68821,0.4574,23.0224708,14287,0,0.0
MD-SF,10000,2,0.0,0.0,uniform,CHI_1.0e-5,1,20000,0.5,3868,6215,0.3785,5.270540323,10000,0,0.0
MD-SF,10000,2,0.0,0.0,uniform,CHI_1.0e-5_LS,1,20000,0.5,3211,6015,0.3985,5.849140115999999,10000,8,0.0
MD-SF,10000,2,0.0,0.0,uniform,CHI_1.0e-5,1,100000,0.5,16263,17567,0.6487,1.313119453,10000,0,0.0
MD-SF,10000,2,0.0,0.0,uniform,CHI_1.0e-5_LS,1,100000,0.5,14805,16181,0.6764,1.8203195450000003,10000,10,0.0
MD-SF,10000,2,0.0,0.0,uniform,CHI_1.0e-5,1,200000,0.5,32224,33942,0.6606,1.110228013,10000,0,0.0
MD-SF,10000,2,0.0,0.0,uniform,CHI_1.0e-5_LS,1,200000,0.5,29968,31946,0.6805,1.582454842,10000,9,0.0
MD-SF,10000,2,0.2,0.0,uniform,CHI_1.0e-5,1,20000,0.5,3292,6048,0.3952,1.320906014,10000,0,0.0
MD-SF,10000,2,0.2,0.0,uniform,CHI_1.0e-5_LS,1,20000,0.5,2860,6001,0.3999,1.501778884,10000,4,0.0
MD-SF,10000,2,0.2,0.0,uniform,CHI_1.0e-5,1,100000,0.5,15761,17476,0.6505,1.441108984,10000,0,0.0
MD-SF,10000,2,0.2,0.0,uniform,CHI_1.0e-5_LS,1,100000,0.5,14315,16379,0.6724,1.8325133710000001,10000,8,0.0
MD-SF,10000,2,0.2,0.0,uniform,CHI_1.0e-5,1,200000,0.5,30903,32122,0.6788,1.154244214,10000,0,0.0
MD-SF,10000,2,0.2,0.0,uniform,CHI_1.0e-5_LS,1,200000,0.5,29184,30630,0.6937,2.036399095,10000,18,0.0
MD-SF,10000,4,0.0,0.0,uniform,CHI_1.0e-5,1,20000,0.5,5507,9707,0.2402,1.288646831,10000,0,0.0
MD-SF,10000,4,0.0,0.0,uniform,CHI_1.0e-5_LS,1,20000,0.5,4756,9281,0.265,2.13759413,10000,10,0.0
MD-SF,10000,4,0.0,0.0,uniform,CHI_1.0e-5,1,100000,0.5,27484,29928,0.4907,1.300615815,10000,0,0.0
MD-SF,10000,4,0.0,0.0,uniform,CHI_1.0e-5_LS,1,100000,0.5,23915,26283,0.5515,3.440407115,10000,25,0.0
MD-SF,10000,4,0.0,0.0,uniform,CHI_1.0e-5,1,200000,0.5,53947,56663,0.5235,1.253364688,10000,0,0.0
MD-SF,10000,4,0.0,0.0,uniform,CHI_1.0e-5_LS,1,200000,0.5,48186,50814,0.5676,3.8930683430000004,10000,30,0.0
MD-SF,10000,4,0.2,0.0,uniform,CHI_1.0e-5,1,20000,0.5,5262,9902,0.2328,1.427538927,10000,0,0.0
MD-SF,10000,4,0.2,0.0,uniform,CHI_1.0e-5_LS,1,20000,0.5,4717,9627,0.2493,1.7672078469999999,10000,4,0.0
MD-SF,10000,4,0.2,0.0,uniform,CHI_1.0e-5,1,100000,0.5,26590,28730,0.511,1.373187676,10000,0,0.0
MD-SF,10000,4,0.2,0.0,uniform,CHI_1.0e-5_LS,1,100000,0.5,24269,26027,0.5559,3.056343986,10000,19,0.0
MD-SF,10000,4,0.2,0.0,uniform,CHI_1.0e-5,1,200000,0.5,51839,54025,0.5421,1.224559932,10000,0,0.0
MD-SF,10000,4,0.2,0.0,uniform,CHI_1.0e-5_LS,1,200000,0.5,48029,50636,0.5704,3.9181893820000004,10000,30,0.0
MD-SF,10000,6,0.0,0.0,uniform,CHI_1.0e-5,1,20000,0.5,5884,10991,0.2059,1.505139687,10000,0,0.0
MD-SF,10000,6,0.0,0.0,uniform,CHI_1.0e-5_LS,1,20000,0.5,5154,10379,0.2312,2.9135926029999997,10000,12,0.0
MD-SF,10000,6,0.0,0.0,uniform,CHI_1.0e-5,1,100000,0.5,30515,32780,0.4721,1.310971465,10000,0,0.0
MD-SF,10000,6,0.0,0.0,uniform,CHI_1.0e-5_LS,1,100000,0.5,27224,29469,0.5226,4.477805447,10000,27,0.0
MD-SF,10000,6,0.0,0.0,uniform,CHI_1.0e-5,1,200000,0.5,59848,62304,0.4963,1.432213984,10000,0,0.0
MD-SF,10000,6,0.0,0.0,uniform,CHI_1.0e-5_LS,1,200000,0.5,55399,57762,0.5315,4.820977326,10000,28,0.0
MD-SF,10000,6,0.2,0.0,uniform,CHI_1.0e-5,1,20000,0.5,5723,10868,0.2135,1.460539481,10000,0,0.0
MD-SF,10000,6,0.2,0.0,uniform,CHI_1.0e-5_LS,1,20000,0.5,5062,10247,0.2421,2.511484654,10000,9,0.0
MD-SF,10000,6,0.2,0.0,uniform,CHI_1.0e-5,1,100000,0.5,30796,33485,0.4644,1.450278629,10000,0,0.0
MD-SF,10000,6,0.2,0.0,uniform,CHI_1.0e-5_LS,1,100000,0.5,27214,30321,0.5105,5.060243127,10000,31,0.0
MD-SF,10000,6,0.2,0.0,uniform,CHI_1.0e-5,1,200000,0.5,60648,63301,0.4901,1.413267425,10000,0,0.0
MD-SF,10000,6,0.2,0.0,uniform,CHI_1.0e-5_LS,1,200000,0.5,56120,58755,0.5256,4.030386619,10000,22,0.0
MD-SF,10000,8,0.0,0.0,uniform,CHI_1.0e-5,1,20000,0.5,6470,11707,0.187,1.325161464,10000,0,0.0
MD-SF,10000,8,0.0,0.0,uniform,CHI_1.0e-5_LS,1,20000,0.5,5667,10978,0.2172,3.33407057,10000,15,0.0
MD-SF,10000,8,0.0,0.0,uniform,CHI_1.0e-5,1,100000,0.5,31739,34419,0.4606,1.509385098,10000,0,0.0
MD-SF,10000,8,0.0,0.0,uniform,CHI_1.0e-5_LS,1,100000,0.5,28950,31499,0.5041,5.416796829000001,10000,29,0.0
MD-SF,10000,8,0.0,0.0,uniform,CHI_1.0e-5,1,200000,0.5,67208,70907,0.4497,1.323052179,10000,0,0.0
MD-SF,10000,8,0.0,0.0,uniform,CHI_1.0e-5_LS,1,200000,0.5,59247,62004,0.5128,6.121826298,10000,35,0.0
MD-SF,10000,8,0.2,0.0,uniform,CHI_1.0e-5,1,20000,0.5,6161,11305,0.202,1.329230374,10000,0,0.0
MD-SF,10000,8,0.2,0.0,uniform,CHI_1.0e-5_LS,1,20000,0.5,5471,10901,0.2183,3.083546266,10000,13,0.0
MD-SF,10000,8,0.2,0.0,uniform,CHI_1.0e-5,1,100000,0.5,32935,35793,0.4428,1.591637491,10000,0,0.0
MD-SF,10000,8,0.2,0.0,uniform,CHI_1.0e-5_LS,1,100000,0.5,29111,31270,0.5095,5.194383471,10000,27,0.0
MD-SF,10000,8,0.2,0.0,uniform,CHI_1.0e-5,1,200000,0.5,65517,68176,0.4669,1.698451493,10000,0,0.0
MD-SF,10000,8,0.2,0.0,uniform,CHI_1.0e-5_LS,1,200000,0.5,58974,61679,0.5158,8.226567612,10000,48,0.0
MD-SF,10000,10,0.0,0.0,uniform,CHI_1.0e-5,1,20000,0.5,6732,12014,0.1761,1.533547709,10000,0,0.0
MD-SF,10000,10,0.0,0.0,uniform,CHI_1.0e-5_LS,1,20000,0.5,6031,11575,0.1943,3.3083166449999997,10000,12,0.0
MD-SF,10000,10,0.0,0.0,uniform,CHI_1.0e-5,1,100000,0.5,37259,40362,0.3876,1.74136729,10000,0,0.0
MD-SF,10000,10,0.0,0.0,uniform,CHI_1.0e-5_LS,1,100000,0.5,30966,33300,0.484,6.795268003,10000,35,0.0
MD-SF,10000,10,0.0,0.0,uniform,CHI_1.0e-5,1,200000,0.5,68289,71669,0.4496,1.669342637,10000,0,0.0
MD-SF,10000,10,0.0,0.0,uniform,CHI_1.0e-5_LS,1,200000,0.5,61437,64548,0.5025,5.986043234,10000,30,0.0
MD-SF,10000,10,0.2,0.0,uniform,CHI_1.0e-5,1,20000,0.5,6333,11908,0.1817,1.589494512,10000,0,0.0
MD-SF,10000,10,0.2,0.0,uniform,CHI_1.0e-5_LS,1,20000,0.5,5698,11536,0.1968,3.388194674,10000,12,0.0
MD-SF,10000,10,0.2,0.0,uniform,CHI_1.0e-5,1,100000,0.5,33995,36730,0.4366,2.006937858,10000,0,0.0
MD-SF,10000,10,0.2,0.0,uniform,CHI_1.0e-5_LS,1,100000,0.5,30176,32479,0.4961,6.443221811,10000,29,0.0
MD-SF,10000,10,0.2,0.0,uniform,CHI_1.0e-5,1,200000,0.5,70568,73365,0.4368,1.86148028,10000,0,0.0
MD-SF,10000,10,0.2,0.0,uniform,CHI_1.0e-5_LS,1,200000,0.5,62226,64790,0.4978,6.449461262,10000,31,0.0
MD-SF,10000,2,0.0,0.2,uniform,CHI_1.0e-5,1,20000,0.5,2102,4813,0.548,1.569654317,12000,0,0.0
MD-SF,10000,2,0.0,0.2,uniform,CHI_1.0e-5_LS,1,20000,0.5,1094,4749,0.5544,1.928869672,12000,9,0.0
MD-SF,10000,2,0.0,0.2,uniform,CHI_1.0e-5,1,100000,0.5,15114,18430,0.6647,1.390585069,12000,0,0.0
MD-SF,10000,2,0.0,0.2,uniform,CHI_1.0e-5_LS,1,100000,0.5,9780,12627,0.7808,2.051110262,12000,15,0.0
MD-SF,10000,2,0.0,0.2,uniform,CHI_1.0e-5,1,200000,0.5,27237,30395,0.7286,1.461609167,12000,0,0.0
MD-SF,10000,2,0.0,0.2,uniform,CHI_1.0e-5_LS,1,200000,0.5,21472,24257,0.79,2.445494527,12000,21,0.0
MD-SF,10000,2,0.2,0.2,uniform,CHI_1.0e-5,1,20000,0.5,1524,4284,0.5973,1.611552236,12000,0,0.0
MD-SF,10000,2,0.2,0.2,uniform,CHI_1.0e-5_LS,1,20000,0.5,845,4341,0.5916,1.831484281,12000,6,0.0
MD-SF,10000,2,0.2,0.2,uniform,CHI_1.0e-5,1,100000,0.5,12649,16091,0.7103,1.376328966,12000,0,0.0
MD-SF,10000,2,0.2,0.2,uniform,CHI_1.0e-5_LS,1,100000,0.5,8917,11759,0.7969,1.981036768,12000,16,0.0
MD-SF,10000,2,0.2,0.2,uniform,CHI_1.0e-5,1,200000,0.5,25242,27621,0.7562,1.55751878,12000,0,0.0
MD-SF,10000,2,0.2,0.2,uniform,CHI_1.0e-5_LS,1,200000,0.5,25242,27621,0.7562,1.6857314900000002,12000,1,0.0
MD-SF,10000,4,0.0,0.2,uniform,CHI_1.0e-5,1,20000,0.5,5109,10087,0.2521,1.596189086,12000,0,0.0
MD-SF,10000,4,0.0,0.2,uniform,CHI_1.0e-5_LS,1,20000,0.5,3671,9457,0.2825,2.683852365,12000,13,0.0
MD-SF,10000,4,0.0,0.2,uniform,CHI_1.0e-5,1,100000,0.5,24620,27734,0.5368,1.704293708,12000,0,0.0
MD-SF,10000,4,0.0,0.2,uniform,CHI_1.0e-5_LS,1,100000,0.5,21684,24578,0.5893,4.267037935,12000,29,0.0
MD-SF,10000,4,0.0,0.2,uniform,CHI_1.0e-5,1,200000,0.5,48195,50241,0.5808,1.522705457,12000,0,0.0
MD-SF,10000,4,0.0,0.2,uniform,CHI_1.0e-5_LS,1,200000,0.5,44985,47091,0.6078,4.156079904,12000,29,0.0
MD-SF,10000,4,0.2,0.2,uniform,CHI_1.0e-5,1,20000,0.5,4569,9926,0.2573,1.733914515,12000,0,0.0
MD-SF,10000,4,0.2,0.2,uniform,CHI_1.0e-5_LS,1,20000,0.5,3572,9625,0.2727,2.56050499,12000,10,0.0
MD-SF,10000,4,0.2,0.2,uniform,CHI_1.0e-5,1,100000,0.5,24056,27627,0.5392,1.447000643,12000,0,0.0
MD-SF,10000,4,0.2,0.2,uniform,CHI_1.0e-5_LS,1,100000,0.5,21934,25669,0.5699,3.186273064,12000,20,0.0
MD-SF,10000,4,0.2,0.2,uniform,CHI_1.0e-5,1,200000,0.5,47801,50697,0.5783,1.782312331,12000,0,0.0
MD-SF,10000,4,0.2,0.2,uniform,CHI_1.0e-5_LS,1,200000,0.5,45006,47939,0.6013,3.6209894699999996,12000,20,0.0
MD-SF,10000,6,0.0,0.2,uniform,CHI_1.0e-5,1,20000,0.5,6053,12034,0.1849,1.596819558,12000,0,0.0
MD-SF,10000,6,0.0,0.2,uniform,CHI_1.0e-5_LS,1,20000,0.5,4803,11262,0.2129,2.666560629,12000,9,0.0
MD-SF,10000,6,0.0,0.2,uniform,CHI_1.0e-5,1,100000,0.5,28784,31508,0.4965,1.68466029,12000,0,0.0
MD-SF,10000,6,0.0,0.2,uniform,CHI_1.0e-5_LS,1,100000,0.5,26535,29520,0.5254,3.678812091,12000,16,0.0
MD-SF,10000,6,0.0,0.2,uniform,CHI_1.0e-5,1,200000,0.5,57704,60086,0.5166,1.69341594,12000,0,0.0
MD-SF,10000,6,0.0,0.2,uniform,CHI_1.0e-5_LS,1,200000,0.5,52941,56134,0.5472,5.104199725,12000,28,0.0
MD-SF,10000,6,0.2,0.2,uniform,CHI_1.0e-5,1,20000,0.5,5915,11749,0.1871,1.739661321,12000,0,0.0
MD-SF,10000,6,0.2,0.2,uniform,CHI_1.0e-5_LS,1,20000,0.5,4732,11086,0.2163,2.81500611,12000,9,0.0
MD-SF,10000,6,0.2,0.2,uniform,CHI_1.0e-5,1,100000,0.5,29051,32371,0.4871,1.644619685,12000,0,0.0
MD-SF,10000,6,0.2,0.2,uniform,CHI_1.0e-5_LS,1,100000,0.5,25995,29367,0.5315,4.283681878,12000,21,0.0
MD-SF,10000,6,0.2,0.2,uniform,CHI_1.0e-5,1,200000,0.5,58207,61238,0.5101,1.321971312,12000,0,0.0
MD-SF,10000,6,0.2,0.2,uniform,CHI_1.0e-5_LS,1,200000,0.5,53490,57096,0.5431,3.5679360520000003,12000,19,0.0
MD-SF,10000,8,0.0,0.2,uniform,CHI_1.0e-5,1,20000,0.5,6548,12749,0.1643,1.721324274,12000,0,0.0
MD-SF,10000,8,0.0,0.2,uniform,CHI_1.0e-5_LS,1,20000,0.5,5276,11664,0.201,3.024005182,12000,9,0.0
MD-SF,10000,8,0.0,0.2,uniform,CHI_1.0e-5,1,100000,0.5,31292,34778,0.4629,1.613337534,12000,0,0.0
MD-SF,10000,8,0.0,0.2,uniform,CHI_1.0e-5_LS,1,100000,0.5,27699,31264,0.5131,7.025269311,12000,38,0.0
MD-SF,10000,8,0.0,0.2,uniform,CHI_1.0e-5,1,200000,0.5,63238,66170,0.485,2.032857714,12000,0,0.0
MD-SF,10000,8,0.0,0.2,uniform,CHI_1.0e-5_LS,1,200000,0.5,58940,63150,0.5054,5.871785833000001,12000,24,0.0
MD-SF,10000,8,0.2,0.2,uniform,CHI_1.0e-5,1,20000,0.5,6250,12604,0.1667,1.822112236,12000,0,0.0
MD-SF,10000,8,0.2,0.2,uniform,CHI_1.0e-5_LS,1,20000,0.5,5372,12180,0.1804,3.37297245,12000,10,0.0
MD-SF,10000,8,0.2,0.2,uniform,CHI_1.0e-5,1,100000,0.5,30731,33582,0.4784,1.746652541,12000,0,0.0
MD-SF,10000,8,0.2,0.2,uniform,CHI_1.0e-5_LS,1,100000,0.5,27616,30553,0.5233,6.1477417050000005,12000,28,0.0
MD-SF,10000,8,0.2,0.2,uniform,CHI_1.0e-5,1,200000,0.5,63039,66535,0.4837,2.214913873,12000,0,0.0
MD-SF,10000,8,0.2,0.2,uniform,CHI_1.0e-5_LS,1,200000,0.5,57991,62289,0.5139,6.683161266,12000,28,0.0
MD-SF,10000,10,0.0,0.2,uniform,CHI_1.0e-5,1,20000,0.5,6915,12971,0.162,2.32776181,12000,0,0.0
MD-SF,10000,10,0.0,0.2,uniform,CHI_1.0e-5_LS,1,20000,0.5,5738,12202,0.1887,3.942327316,12000,10,0.0
MD-SF,10000,10,0.0,0.2,uniform,CHI_1.0e-5,1,100000,0.5,34024,36864,0.4405,2.352004591,12000,0,0.0
MD-SF,10000,10,0.0,0.2,uniform,CHI_1.0e-5_LS,1,100000,0.5,30099,33257,0.4869,7.250199768,12000,28,0.0
MD-SF,10000,10,0.0,0.2,uniform,CHI_1.0e-5,1,200000,0.5,67034,70062,0.4623,2.263442646,12000,0,0.0
MD-SF,10000,10,0.0,0.2,uniform,CHI_1.0e-5_LS,1,200000,0.5,61635,65262,0.4986,8.440788627,12000,35,0.0
MD-SF,10000,10,0.2,0.2,uniform,CHI_1.0e-5,1,20000,0.5,6625,12914,0.1565,2.291343527,12000,0,0.0
MD-SF,10000,10,0.2,0.2,uniform,CHI_1.0e-5_LS,1,20000,0.5,5589,12291,0.1798,4.319591126000001,12000,13,0.0
MD-SF,10000,10,0.2,0.2,uniform,CHI_1.0e-5,1,100000,0.5,32793,35988,0.4524,2.191325179,12000,0,0.0
MD-SF,10000,10,0.2,0.2,uniform,CHI_1.0e-5_LS,1,100000,0.5,28923,31913,0.5092,7.967677511000001,12000,34,0.0
MD-SF,10000,10,0.2,0.2,uniform,CHI_1.0e-5,1,200000,0.5,65140,67963,0.4783,1.918210974,12000,0,0.0
MD-SF,10000,10,0.2,0.2,uniform,CHI_1.0e-5_LS,1,200000,0.5,60195,63235,0.5137,6.390019383,12000,26,0.0
MD-SF,10000,2,0.0,0.2,frequency,CHI_1.0e-5,1,20000,0.5,2694,5310,0.4783,7.467549715,11032,0,0.0
MD-SF,10000,2,0.0,0.2,frequency,CHI_1.0e-5,1,100000,0.5,12311,14452,0.7267,10.804266044,11311,0,0.0
MD-SF,10000,2,0.0,0.2,frequency,CHI_1.0e-5,1,200000,0.5,24633,27518,0.7399,21.613121358,11351,0,0.0
MD-SF,10000,2,0.2,0.2,frequency,CHI_1.0e-5,1,20000,0.5,2456,5407,0.4664,2.458234915,11033,0,0.0
MD-SF,10000,2,0.2,0.2,frequency,CHI_1.0e-5,1,100000,0.5,10845,13083,0.7531,9.835710334,11318,0,0.0
MD-SF,10000,2,0.2,0.2,frequency,CHI_1.0e-5,1,200000,0.5,21705,24326,0.7719,19.527923518,11345,0,0.0
MD-SF,10000,4,0.0,0.2,frequency,CHI_1.0e-5,1,20000,0.5,4946,9624,0.2546,2.503425295,10868,0,0.0
MD-SF,10000,4,0.0,0.2,frequency,CHI_1.0e-5,1,100000,0.5,22959,26672,0.5516,11.329506333,11196,0,0.0
MD-SF,10000,4,0.0,0.2,frequency,CHI_1.0e-5,1,200000,0.5,46363,50690,0.5732,24.383875811,11233,0,0.0
MD-SF,10000,4,0.2,0.2,frequency,CHI_1.0e-5,1,20000,0.5,4852,9822,0.2519,3.317491818,10868,0,0.0
MD-SF,10000,4,0.2,0.2,frequency,CHI_1.0e-5,1,100000,0.5,23737,27454,0.5369,12.696268169,11179,0,0.0
MD-SF,10000,4,0.2,0.2,frequency,CHI_1.0e-5,1,200000,0.5,45369,49595,0.5775,21.383717481,11243,0,0.0
MD-SF,10000,6,0.0,0.2,frequency,CHI_1.0e-5,1,20000,0.5,5511,11058,0.206,3.009180496,10814,0,0.0
MD-SF,10000,6,0.0,0.2,frequency,CHI_1.0e-5,1,100000,0.5,28867,32869,0.4744,10.423396408,11137,0,0.0
MD-SF,10000,6,0.0,0.2,frequency,CHI_1.0e-5,1,200000,0.5,56761,61323,0.5079,22.982680268,11187,0,0.0
MD-SF,10000,6,0.2,0.2,frequency,CHI_1.0e-5,1,20000,0.5,5614,11040,0.212,3.010388052,10835,0,0.0
MD-SF,10000,6,0.2,0.2,frequency,CHI_1.0e-5,1,100000,0.5,27668,31813,0.4906,12.36629369,11124,0,0.0
MD-SF,10000,6,0.2,0.2,frequency,CHI_1.0e-5,1,200000,0.5,57389,62515,0.4962,26.055667547,11198,0,0.0
MD-SF,10000,8,0.0,0.2,frequency,CHI_1.0e-5,1,20000,0.5,5795,11632,0.194,3.454849429,10811,0,0.0
MD-SF,10000,8,0.0,0.2,frequency,CHI_1.0e-5,1,100000,0.5,31876,36778,0.4313,12.822228173,11081,0,0.0
MD-SF,10000,8,0.0,0.2,frequency,CHI_1.0e-5,1,200000,0.5,62144,66656,0.4784,25.752789876,11170,0,0.0
MD-SF,10000,8,0.2,0.2,frequency,CHI_1.0e-5,1,20000,0.5,5874,11921,0.1847,3.270102485,10795,0,0.0
MD-SF,10000,8,0.2,0.2,frequency,CHI_1.0e-5,1,100000,0.5,31045,35571,0.4497,12.526587107,11093,0,0.0
MD-SF,10000,8,0.2,0.2,frequency,CHI_1.0e-5,1,200000,0.5,62871,68080,0.4687,25.818495993,11170,0,0.0
MD-SF,10000,10,0.0,0.2,frequency,CHI_1.0e-5,1,20000,0.5,6036,11946,0.1876,2.848661073,10826,0,0.0
MD-SF,10000,10,0.0,0.2,frequency,CHI_1.0e-5,1,100000,0.5,32939,37415,0.4278,13.337627966,11058,0,0.0
MD-SF,10000,10,0.0,0.2,frequency,CHI_1.0e-5,1,200000,0.5,66494,72722,0.4454,28.835857557,11145,0,0.0
MD-SF,10000,10,0.2,0.2,frequency,CHI_1.0e-5,1,20000,0.5,6333,12615,0.1608,3.479570937,10772,0,0.0
MD-SF,10000,10,0.2,0.2,frequency,CHI_1.0e-5,1,100000,0.5,32097,36876,0.4362,11.80523551,11035,0,0.0
MD-SF,10000,10,0.2,0.2,frequency,CHI_1.0e-5,1,200000,0.5,65129,70109,0.4613,26.858363629,11155,0,0.0
MD-SF,10000,2,0.0,0.2,random,CHI_1.0e-5,1,20000,0.5,1742,3989,0.6596,8.168680446,12874,0,0.0
MD-SF,10000,2,0.0,0.2,random,CHI_1.0e-5,1,100000,0.5,13674,16669,0.7516,13.256371199,13368,0,0.0
MD-SF,10000,2,0.0,0.2,random,CHI_1.0e-5,1,200000,0.5,33262,37368,0.674,23.690897234,12443,0,0.0
MD-SF,10000,2,0.2,0.2,random,CHI_1.0e-5,1,20000,0.5,1117,3436,0.7129,2.888399223,12909,0,0.0
MD-SF,10000,2,0.2,0.2,random,CHI_1.0e-5,1,100000,0.5,10272,13334,0.8156,10.734524778,13374,0,0.0
MD-SF,10000,2,0.2,0.2,random,CHI_1.0e-5,1,200000,0.5,23805,27367,0.7771,23.398572861,12505,0,0.0
MD-SF,10000,4,0.0,0.2,random,CHI_1.0e-5,1,20000,0.5,4797,9238,0.3377,3.211288865,14141,0,0.0
MD-SF,10000,4,0.0,0.2,random,CHI_1.0e-5,1,100000,0.5,31681,37443,0.4449,11.351751548,15079,0,0.0
MD-SF,10000,4,0.0,0.2,random,CHI_1.0e-5,1,200000,0.5,72009,77900,0.3745,24.001924195,13076,0,0.0
MD-SF,10000,4,0.2,0.2,random,CHI_1.0e-5,1,20000,0.5,4191,8919,0.3485,3.475154942,14143,0,0.0
MD-SF,10000,4,0.2,0.2,random,CHI_1.0e-5,1,100000,0.5,30080,35721,0.4676,13.573972598,15154,0,0.0
MD-SF,10000,4,0.2,0.2,random,CHI_1.0e-5,1,200000,0.5,67963,74580,0.3912,25.219110596,13053,0,0.0
MD-SF,10000,6,0.0,0.2,random,CHI_1.0e-5,1,20000,0.5,6009,11646,0.2347,3.382826657,14783,0,0.0
MD-SF,10000,6,0.0,0.2,random,CHI_1.0e-5,1,100000,0.5,39213,45886,0.3448,13.965981778,15836,0,0.0
MD-SF,10000,6,0.0,0.2,random,CHI_1.0e-5,1,200000,0.5,82255,88420,0.3164,25.694151978,13649,0,0.0
MD-SF,10000,6,0.2,0.2,random,CHI_1.0e-5,1,20000,0.5,5797,11249,0.2464,3.443957332,14838,0,0.0
MD-SF,10000,6,0.2,0.2,random,CHI_1.0e-5,1,100000,0.5,38105,44911,0.3581,14.221969341,16079,0,0.0
MD-SF,10000,6,0.2,0.2,random,CHI_1.0e-5,1,200000,0.5,80871,87279,0.3137,24.152730652,13426,0,0.0
MD-SF,10000,8,0.0,0.2,random,CHI_1.0e-5,1,20000,0.5,6816,12738,0.2022,3.296383548,15523,0,0.0
MD-SF,10000,8,0.0,0.2,random,CHI_1.0e-5,1,100000,0.5,41931,48587,0.3165,12.1603488,16361,0,0.0
MD-SF,10000,8,0.0,0.2,random,CHI_1.0e-5,1,200000,0.5,88869,94633,0.2846,25.819895682,13900,0,0.0
MD-SF,10000,8,0.2,0.2,random,CHI_1.0e-5,1,20000,0.5,6579,12654,0.1926,3.695250164,15493,0,0.0
MD-SF,10000,8,0.2,0.2,random,CHI_1.0e-5,1,100000,0.5,41123,47756,0.3182,13.282764497,16241,0,0.0
MD-SF,10000,8,0.2,0.2,random,CHI_1.0e-5,1,200000,0.5,85320,90994,0.3033,24.550951864,13906,0,0.0
MD-SF,10000,10,0.0,0.2,random,CHI_1.0e-5,1,20000,0.5,7327,13391,0.1788,3.724294219,15784,0,0.0
MD-SF,10000,10,0.0,0.2,random,CHI_1.0e-5,1,100000,0.5,44809,51473,0.2891,12.873955487,16690,0,0.0
MD-SF,10000,10,0.0,0.2,random,CHI_1.0e-5,1,200000,0.5,88869,95450,0.2948,25.691032238,14497,0,0.0
MD-SF,10000,10,0.2,0.2,random,CHI_1.0e-5,1,20000,0.5,7279,13607,0.1551,3.016415633,15526,0,0.0
MD-SF,10000,10,0.2,0.2,random,CHI_1.0e-5,1,100000,0.5,43999,50947,0.2875,11.314684546,16459,0,0.0
MD-SF,10000,10,0.2,0.2,random,CHI_1.0e-5,1,200000,0.5,89122,94621,0.2934,21.885219208,14130,0,0.0
ID-SF,10000,2,0.0,0.0,uniform,CHI_1.0e-5,1,20000,0.5,4470,6771,0.3229,5.849202754,10000,0,0.0
ID-SF,10000,2,0.0,0.0,uniform,CHI_1.0e-5_LS,1,20000,0.5,3785,6784,0.3216,6.523503399,10000,10,0.0
ID-SF,10000,2,0.0,0.0,uniform,CHI_1.0e-5,1,100000,0.5,29762,33885,0.3223,1.205649962,10000,0,0.0
ID-SF,10000,2,0.0,0.0,uniform,CHI_1.0e-5_LS,1,100000,0.5,26796,33993,0.3201,1.731694622,10000,11,0.0
ID-SF,10000,2,0.0,0.0,uniform,CHI_1.0e-5,1,200000,0.5,62523,67892,0.3211,1.328611233,10000,0,0.0
ID-SF,10000,2,0.0,0.0,uniform,CHI_1.0e-5_LS,1,200000,0.5,58062,67907,0.3209,2.062894891,10000,15,0.0
ID-SF,10000,2,0.2,0.0,uniform,CHI_1.0e-5,1,20000,0.5,3797,6532,0.3468,1.351179725,10000,0,0.0
ID-SF,10000,2,0.2,0.0,uniform,CHI_1.0e-5_LS,1,20000,0.5,3252,6482,0.3518,1.670977223,10000,7,0.0
ID-SF,10000,2,0.2,0.0,uniform,CHI_1.0e-5,1,100000,0.5,27590,32543,0.3491,1.381511945,10000,0,0.0
ID-SF,10000,2,0.2,0.0,uniform,CHI_1.0e-5_LS,1,100000,0.5,25565,32711,0.3458,1.7149333900000001,10000,7,0.0
ID-SF,10000,2,0.2,0.0,uniform,CHI_1.0e-5,1,200000,0.5,58413,65511,0.3449,1.252308308,10000,0,0.0
ID-SF,10000,2,0.2,0.0,uniform,CHI_1.0e-5_LS,1,200000,0.5,55116,65544,0.3446,1.912174936,10000,13,0.0
ID-SF,10000,4,0.0,0.0,uniform,CHI_1.0e-5,1,20000,0.5,6889,12079,0.1344,1.377993858,10000,0,0.0
ID-SF,10000,4,0.0,0.0,uniform,CHI_1.0e-5_LS,1,20000,0.5,6184,12057,0.1385,2.071021821,10000,8,0.0
ID-SF,10000,4,0.0,0.0,uniform,CHI_1.0e-5,1,100000,0.5,51086,60967,0.1332,1.255782323,10000,0,0.0
ID-SF,10000,4,0.0,0.0,uniform,CHI_1.0e-5_LS,1,100000,0.5,47326,60953,0.1329,2.20314262,10000,12,0.0
ID-SF,10000,4,0.0,0.0,uniform,CHI_1.0e-5,1,200000,0.5,107610,122279,0.1322,1.388880463,10000,0,0.0
ID-SF,10000,4,0.0,0.0,uniform,CHI_1.0e-5_LS,1,200000,0.5,101804,121997,0.1328,2.288265374,10000,11,0.0
ID-SF,10000,4,0.2,0.0,uniform,CHI_1.0e-5,1,20000,0.5,6446,12211,0.1358,1.384916029,10000,0,0.0
ID-SF,10000,4,0.2,0.0,uniform,CHI_1.0e-5_LS,1,20000,0.5,5891,12218,0.1381,2.057911717,10000,8,0.0
ID-SF,10000,4,0.2,0.0,uniform,CHI_1.0e-5,1,100000,0.5,49547,60421,0.1363,1.291748637,10000,0,0.0
ID-SF,10000,4,0.2,0.0,uniform,CHI_1.0e-5_LS,1,100000,0.5,46649,60459,0.1366,2.274287984,10000,12,0.0
ID-SF,10000,4,0.2,0.0,uniform,CHI_1.0e-5,1,200000,0.5,105544,120846,0.1366,1.303934088,10000,0,0.0
ID-SF,10000,4,0.2,0.0,uniform,CHI_1.0e-5_LS,1,200000,0.5,100297,120846,0.1369,2.565071181,10000,15,0.0
ID-SF,10000,6,0.0,0.0,uniform,CHI_1.0e-5,1,20000,0.5,8121,14500,0.0815,1.606639904,10000,0,0.0
ID-SF,10000,6,0.0,0.0,uniform,CHI_1.0e-5_LS,1,20000,0.5,7497,14571,0.0759,2.0741811959999996,10000,4,0.0
ID-SF,10000,6,0.0,0.0,uniform,CHI_1.0e-5,1,100000,0.5,59634,72629,0.0837,1.403994445,10000,0,0.0
ID-SF,10000,6,0.0,0.0,uniform,CHI_1.0e-5_LS,1,100000,0.5,56134,72588,0.0838,2.497233449,10000,10,0.0
ID-SF,10000,6,0.0,0.0,uniform,CHI_1.0e-5,1,200000,0.5,126566,144779,0.0836,1.272385337,10000,0,0.0
ID-SF,10000,6,0.0,0.0,uniform,CHI_1.0e-5_LS,1,200000,0.5,121134,144688,0.0819,2.972219933,10000,15,0.0
ID-SF,10000,6,0.2,0.0,uniform,CHI_1.0e-5,1,20000,0.5,7872,14460,0.089,1.358263028,10000,0,0.0
ID-SF,10000,6,0.2,0.0,uniform,CHI_1.0e-5_LS,1,20000,0.5,7281,14488,0.0872,2.062358606,10000,6,0.0
ID-SF,10000,6,0.2,0.0,uniform,CHI_1.0e-5,1,100000,0.5,58403,72165,0.0834,1.315682108,10000,0,0.0
ID-SF,10000,6,0.2,0.0,uniform,CHI_1.0e-5_LS,1,100000,0.5,55492,72319,0.081,2.417394923,10000,10,0.0
ID-SF,10000,6,0.2,0.0,uniform,CHI_1.0e-5,1,200000,0.5,125017,144316,0.0831,1.319407183,10000,0,0.0
ID-SF,10000,6,0.2,0.0,uniform,CHI_1.0e-5_LS,1,200000,0.5,120289,144017,0.0859,2.6702291970000003,10000,12,0.0
ID-SF,10000,8,0.0,0.0,uniform,CHI_1.0e-5,1,20000,0.5,8514,15743,0.0623,1.31061711,10000,0,0.0
ID-SF,10000,8,0.0,0.0,uniform,CHI_1.0e-5_LS,1,20000,0.5,7901,15665,0.063,3.1922084440000003,10000,14,0.0
ID-SF,10000,8,0.0,0.0,uniform,CHI_1.0e-5,1,100000,0.5,64705,78597,0.061,1.371596422,10000,0,0.0
ID-SF,10000,8,0.0,0.0,uniform,CHI_1.0e-5_LS,1,100000,0.5,61694,78521,0.0618,2.904305238,10000,12,0.0
ID-SF,10000,8,0.0,0.0,uniform,CHI_1.0e-5,1,200000,0.5,137210,157706,0.0606,1.28568135,10000,0,0.0
ID-SF,10000,8,0.0,0.0,uniform,CHI_1.0e-5_LS,1,200000,0.5,132371,157706,0.06,2.98812555,10000,13,0.0
ID-SF,10000,8,0.2,0.0,uniform,CHI_1.0e-5,1,20000,0.5,8398,15662,0.0607,1.342945815,10000,0,0.0
ID-SF,10000,8,0.2,0.0,uniform,CHI_1.0e-5_LS,1,20000,0.5,7813,15651,0.0603,2.134129904,10000,6,0.0
ID-SF,10000,8,0.2,0.0,uniform,CHI_1.0e-5,1,100000,0.5,63685,78551,0.0614,1.35863773,10000,0,0.0
ID-SF,10000,8,0.2,0.0,uniform,CHI_1.0e-5_LS,1,100000,0.5,61043,78535,0.0611,2.924852888,10000,12,0.0
ID-SF,10000,8,0.2,0.0,uniform,CHI_1.0e-5,1,200000,0.5,135964,157332,0.0608,1.452389337,10000,0,0.0
ID-SF,10000,8,0.2,0.0,uniform,CHI_1.0e-5_LS,1,200000,0.5,131659,157075,0.0609,3.1927981489999997,10000,13,0.0
ID-SF,10000,10,0.0,0.0,uniform,CHI_1.0e-5,1,20000,0.5,8964,16520,0.0512,1.391933368,10000,0,0.0
ID-SF,10000,10,0.0,0.0,uniform,CHI_1.0e-5_LS,1,20000,0.5,8269,16459,0.0494,2.709490883,10000,9,0.0
ID-SF,10000,10,0.0,0.0,uniform,CHI_1.0e-5,1,100000,0.5,67942,82369,0.0471,1.22227575,10000,0,0.0
ID-SF,10000,10,0.0,0.0,uniform,CHI_1.0e-5_LS,1,100000,0.5,65159,82208,0.0478,2.4667079679999997,10000,9,0.0
ID-SF,10000,10,0.0,0.0,uniform,CHI_1.0e-5,1,200000,0.5,144309,166164,0.0471,1.333450909,10000,0,0.0
ID-SF,10000,10,0.0,0.0,uniform,CHI_1.0e-5_LS,1,200000,0.5,140080,166184,0.0478,3.03119736,10000,12,0.0
ID-SF,10000,10,0.2,0.0,uniform,CHI_1.0e-5,1,20000,0.5,8806,16498,0.0493,1.38846259,10000,0,0.0
ID-SF,10000,10,0.2,0.0,uniform,CHI_1.0e-5_LS,1,20000,0.5,8301,16599,0.0468,3.1466322890000002,10000,12,0.0
ID-SF,10000,10,0.2,0.0,uniform,CHI_1.0e-5,1,100000,0.5,67086,82383,0.0486,1.330430976,10000,0,0.0
ID-SF,10000,10,0.2,0.0,uniform,CHI_1.0e-5_LS,1,100000,0.5,64904,82305,0.0474,2.845016156,10000,10,0.0
ID-SF,10000,10,0.2,0.0,uniform,CHI_1.0e-5,1,200000,0.5,143262,164396,0.0497,1.526747496,10000,0,0.0
ID-SF,10000,10,0.2,0.0,uniform,CHI_1.0e-5_LS,1,200000,0.5,139512,164565,0.0488,3.04700959,10000,11,0.0
ID-SF,10000,2,0.0,0.2,uniform,CHI_1.0e-5,1,20000,0.5,2399,5237,0.4952,1.233180759,12000,0,0.0
ID-SF,10000,2,0.0,0.2,uniform,CHI_1.0e-5_LS,1,20000,0.5,1331,5297,0.4892,1.5440717139999998,12000,8,0.0
ID-SF,10000,2,0.0,0.2,uniform,CHI_1.0e-5,1,100000,0.5,20097,25875,0.5022,1.094609505,12000,0,0.0
ID-SF,10000,2,0.0,0.2,uniform,CHI_1.0e-5_LS,1,100000,0.5,16947,25887,0.5019,1.5230102989999998,12000,10,0.0
ID-SF,10000,2,0.0,0.2,uniform,CHI_1.0e-5,1,200000,0.5,44019,52220,0.4982,1.339332789,12000,0,0.0
ID-SF,10000,2,0.0,0.2,uniform,CHI_1.0e-5_LS,1,200000,0.5,39087,52248,0.4979,1.993695245,12000,12,0.0
ID-SF,10000,2,0.2,0.2,uniform,CHI_1.0e-5,1,20000,0.5,1702,4736,0.5455,1.393830265,12000,0,0.0
ID-SF,10000,2,0.2,0.2,uniform,CHI_1.0e-5_LS,1,20000,0.5,1042,4770,0.5421,1.6342182490000001,12000,6,0.0
ID-SF,10000,2,0.2,0.2,uniform,CHI_1.0e-5,1,100000,0.5,17396,23966,0.5417,1.285244902,12000,0,0.0
ID-SF,10000,2,0.2,0.2,uniform,CHI_1.0e-5_LS,1,100000,0.5,15272,23966,0.5417,1.640427985,12000,8,0.0
ID-SF,10000,2,0.2,0.2,uniform,CHI_1.0e-5,1,200000,0.5,38859,47549,0.5451,1.472843755,12000,0,0.0
ID-SF,10000,2,0.2,0.2,uniform,CHI_1.0e-5_LS,1,200000,0.5,35637,47564,0.545,2.117510751,12000,12,0.0
ID-SF,10000,4,0.0,0.2,uniform,CHI_1.0e-5,1,20000,0.5,5550,11186,0.1916,1.429224898,12000,0,0.0
ID-SF,10000,4,0.0,0.2,uniform,CHI_1.0e-5_LS,1,20000,0.5,4263,11197,0.192,2.2837125769999997,12000,10,0.0
ID-SF,10000,4,0.0,0.2,uniform,CHI_1.0e-5,1,100000,0.5,44656,55806,0.2002,1.497139694,12000,0,0.0
ID-SF,10000,4,0.0,0.2,uniform,CHI_1.0e-5_LS,1,100000,0.5,40239,55502,0.2014,2.493300273,12000,11,0.0
ID-SF,10000,4,0.0,0.2,uniform,CHI_1.0e-5,1,200000,0.5,96513,111536,0.198,1.522622752,12000,0,0.0
ID-SF,10000,4,0.0,0.2,uniform,CHI_1.0e-5_LS,1,200000,0.5,89721,111692,0.1991,3.2844169169999997,12000,17,0.0
ID-SF,10000,4,0.2,0.2,uniform,CHI_1.0e-5,1,20000,0.5,5233,10973,0.2052,1.626801852,12000,0,0.0
ID-SF,10000,4,0.2,0.2,uniform,CHI_1.0e-5_LS,1,20000,0.5,4148,10914,0.2071,2.315632314,12000,8,0.0
ID-SF,10000,4,0.2,0.2,uniform,CHI_1.0e-5,1,100000,0.5,43203,54776,0.2024,1.575411463,12000,0,0.0
ID-SF,10000,4,0.2,0.2,uniform,CHI_1.0e-5_LS,1,100000,0.5,39551,54687,0.206,2.531276989,12000,11,0.0
ID-SF,10000,4,0.2,0.2,uniform,CHI_1.0e-5,1,200000,0.5,92686,109676,0.2042,1.722633339,12000,0,0.0
ID-SF,10000,4,0.2,0.2,uniform,CHI_1.0e-5_LS,1,200000,0.5,87529,109681,0.2043,3.69302311,12000,18,0.0
ID-SF,10000,6,0.0,0.2,uniform,CHI_1.0e-5,1,20000,0.5,7047,13601,0.1281,1.887841764,12000,0,0.0
ID-SF,10000,6,0.0,0.2,uniform,CHI_1.0e-5_LS,1,20000,0.5,5942,13684,0.1248,3.090253413,12000,10,0.0
ID-SF,10000,6,0.0,0.2,uniform,CHI_1.0e-5,1,100000,0.5,54782,68649,0.1214,1.542237274,12000,0,0.0
ID-SF,10000,6,0.0,0.2,uniform,CHI_1.0e-5_LS,1,100000,0.5,50753,68679,0.123,3.429556379,12000,15,0.0
ID-SF,10000,6,0.0,0.2,uniform,CHI_1.0e-5,1,200000,0.5,117738,137573,0.1213,1.417204256,12000,0,0.0
ID-SF,10000,6,0.0,0.2,uniform,CHI_1.0e-5_LS,1,200000,0.5,111211,137298,0.1207,3.4256910190000003,12000,16,0.0
ID-SF,10000,6,0.2,0.2,uniform,CHI_1.0e-5,1,20000,0.5,6813,13524,0.1248,1.790191597,12000,0,0.0
ID-SF,10000,6,0.2,0.2,uniform,CHI_1.0e-5_LS,1,20000,0.5,5838,13553,0.1251,2.617806974,12000,7,0.0
ID-SF,10000,6,0.2,0.2,uniform,CHI_1.0e-5,1,100000,0.5,53730,67724,0.1268,1.643588531,12000,0,0.0
ID-SF,10000,6,0.2,0.2,uniform,CHI_1.0e-5_LS,1,100000,0.5,50340,67772,0.1252,2.761532333,12000,9,0.0
ID-SF,10000,6,0.2,0.2,uniform,CHI_1.0e-5,1,200000,0.5,115912,135352,0.1266,1.494058336,12000,0,0.0
ID-SF,10000,6,0.2,0.2,uniform,CHI_1.0e-5_LS,1,200000,0.5,110383,135553,0.1262,3.109073927,12000,13,0.0
ID-SF,10000,8,0.0,0.2,uniform,CHI_1.0e-5,1,20000,0.5,7869,14927,0.0906,1.882118623,12000,0,0.0
ID-SF,10000,8,0.0,0.2,uniform,CHI_1.0e-5_LS,1,20000,0.5,6882,14892,0.0923,3.124193139,12000,9,0.0
ID-SF,10000,8,0.0,0.2,uniform,CHI_1.0e-5,1,100000,0.5,60635,75594,0.0884,1.693065032,12000,0,0.0
ID-SF,10000,8,0.0,0.2,uniform,CHI_1.0e-5_LS,1,100000,0.5,57143,75679,0.087,2.9220779539999997,12000,9,0.0
ID-SF,10000,8,0.0,0.2,uniform,CHI_1.0e-5,1,200000,0.5,130807,151620,0.0882,1.636709261,12000,0,0.0
ID-SF,10000,8,0.0,0.2,uniform,CHI_1.0e-5_LS,1,200000,0.5,124389,151718,0.0869,3.8077734249999997,12000,13,0.0
ID-SF,10000,8,0.2,0.2,uniform,CHI_1.0e-5,1,20000,0.5,7501,15049,0.0913,1.869698913,12000,0,0.0
ID-SF,10000,8,0.2,0.2,uniform,CHI_1.0e-5_LS,1,20000,0.5,6729,15046,0.0928,3.137751975,12000,9,0.0
ID-SF,10000,8,0.2,0.2,uniform,CHI_1.0e-5,1,100000,0.5,59977,75582,0.0897,1.426969789,12000,0,0.0
ID-SF,10000,8,0.2,0.2,uniform,CHI_1.0e-5_LS,1,100000,0.5,56635,75626,0.0884,3.262028804,12000,13,0.0
ID-SF,10000,8,0.2,0.2,uniform,CHI_1.0e-5,1,200000,0.5,128516,150595,0.0903,1.369384012,12000,0,0.0
ID-SF,10000,8,0.2,0.2,uniform,CHI_1.0e-5_LS,1,200000,0.5,123427,150380,0.0903,2.746996546,12000,9,0.0
ID-SF,10000,10,0.0,0.2,uniform,CHI_1.0e-5,1,20000,0.5,8364,15964,0.0705,1.748013503,12000,0,0.0
ID-SF,10000,10,0.0,0.2,uniform,CHI_1.0e-5_LS,1,20000,0.5,7434,15987,0.0709,2.986130118,12000,8,0.0
ID-SF,10000,10,0.0,0.2,uniform,CHI_1.0e-5,1,100000,0.5,64835,80322,0.0681,1.524544255,12000,0,0.0
ID-SF,10000,10,0.0,0.2,uniform,CHI_1.0e-5_LS,1,100000,0.5,61560,80301,0.0673,3.964162022,12000,14,0.0
ID-SF,10000,10,0.0,0.2,uniform,CHI_1.0e-5,1,200000,0.5,138573,159920,0.0682,1.906111986,12000,0,0.0
ID-SF,10000,10,0.0,0.2,uniform,CHI_1.0e-5_LS,1,200000,0.5,132989,159788,0.0682,5.232741682,12000,13,0.0
ID-SF,10000,10,0.2,0.2,uniform,CHI_1.0e-5,1,20000,0.5,8071,15927,0.0742,2.566749339,12000,0,0.0
ID-SF,10000,10,0.2,0.2,uniform,CHI_1.0e-5_LS,1,20000,0.5,7285,15886,0.0759,4.065725838,12000,9,0.0
ID-SF,10000,10,0.2,0.2,uniform,CHI_1.0e-5,1,100000,0.5,63761,79469,0.0707,2.453537439,12000,0,0.0
ID-SF,10000,10,0.2,0.2,uniform,CHI_1.0e-5_LS,1,100000,0.5,60831,79604,0.0708,4.532052823,12000,11,0.0
ID-SF,10000,10,0.2,0.2,uniform,CHI_1.0e-5,1,200000,0.5,137224,159505,0.0703,2.303918539,12000,0,0.0
ID-SF,10000,10,0.2,0.2,uniform,CHI_1.0e-5_LS,1,200000,0.5,132277,159437,0.0713,5.187253461,12000,12,0.0
ID-SF,10000,2,0.0,0.2,frequency,CHI_1.0e-5,1,20000,0.5,4886,5105,0.5093,7.584891166,11984,0,0.0
ID-SF,10000,2,0.0,0.2,frequency,CHI_1.0e-5,1,100000,0.5,26565,25528,0.5113,11.44710843,12086,0,0.0
ID-SF,10000,2,0.0,0.2,frequency,CHI_1.0e-5,1,200000,0.5,53429,51854,0.5029,21.56008431,12031,0,0.0
ID-SF,10000,2,0.2,0.2,frequency,CHI_1.0e-5,1,20000,0.5,4436,5208,0.4972,2.604283994,11971,0,0.0
ID-SF,10000,2,0.2,0.2,frequency,CHI_1.0e-5,1,100000,0.5,24153,23872,0.5453,10.373471906,12079,0,0.0
ID-SF,10000,2,0.2,0.2,frequency,CHI_1.0e-5,1,200000,0.5,48729,47773,0.5438,20.435423006,12031,0,0.0
ID-SF,10000,4,0.0,0.2,frequency,CHI_1.0e-5,1,20000,0.5,10245,10729,0.2245,2.538899008,12677,0,0.0
ID-SF,10000,4,0.0,0.2,frequency,CHI_1.0e-5,1,100000,0.5,55606,55347,0.2039,10.276003094,12215,0,0.0
ID-SF,10000,4,0.0,0.2,frequency,CHI_1.0e-5,1,200000,0.5,112109,111235,0.2007,23.12858722,12095,0,0.0
ID-SF,10000,4,0.2,0.2,frequency,CHI_1.0e-5,1,20000,0.5,9916,10741,0.2285,3.604028235,12789,0,0.0
ID-SF,10000,4,0.2,0.2,frequency,CHI_1.0e-5,1,100000,0.5,54493,54568,0.2078,12.610911861,12170,0,0.0
ID-SF,10000,4,0.2,0.2,frequency,CHI_1.0e-5,1,200000,0.5,109255,109428,0.2072,24.85228234,12093,0,0.0
ID-SF,10000,6,0.0,0.2,frequency,CHI_1.0e-5,1,20000,0.5,12590,13295,0.1391,2.934485947,12450,0,0.0
ID-SF,10000,6,0.0,0.2,frequency,CHI_1.0e-5,1,100000,0.5,67732,68211,0.1282,12.089802683,12218,0,0.0
ID-SF,10000,6,0.0,0.2,frequency,CHI_1.0e-5,1,200000,0.5,136581,136526,0.1255,21.851529871,12162,0,0.0
ID-SF,10000,6,0.2,0.2,frequency,CHI_1.0e-5,1,20000,0.5,12353,13372,0.1368,3.011685563,12566,0,0.0
ID-SF,10000,6,0.2,0.2,frequency,CHI_1.0e-5,1,100000,0.5,66816,67437,0.1313,12.827116922,12287,0,0.0
ID-SF,10000,6,0.2,0.2,frequency,CHI_1.0e-5,1,200000,0.5,134764,135191,0.1287,25.467199879,12121,0,0.0
ID-SF,10000,8,0.0,0.2,frequency,CHI_1.0e-5,1,20000,0.5,14140,14392,0.1111,3.236538233,13008,0,0.0
ID-SF,10000,8,0.0,0.2,frequency,CHI_1.0e-5,1,100000,0.5,74603,75118,0.0935,14.422968141,12262,0,0.0
ID-SF,10000,8,0.0,0.2,frequency,CHI_1.0e-5,1,200000,0.5,150850,150981,0.0901,26.664967402,12105,0,0.0
ID-SF,10000,8,0.2,0.2,frequency,CHI_1.0e-5,1,20000,0.5,13740,14611,0.1115,3.512420433,13006,0,0.0
ID-SF,10000,8,0.2,0.2,frequency,CHI_1.0e-5,1,100000,0.5,74200,75292,0.0938,13.766140737,12295,0,0.0
ID-SF,10000,8,0.2,0.2,frequency,CHI_1.0e-5,1,200000,0.5,149257,150323,0.0919,25.785331373,12106,0,0.0
ID-SF,10000,10,0.0,0.2,frequency,CHI_1.0e-5,1,20000,0.5,15017,15499,0.0871,3.543990786,13146,0,0.0
ID-SF,10000,10,0.0,0.2,frequency,CHI_1.0e-5,1,100000,0.5,79358,79784,0.0722,13.039882651,12358,0,0.0
ID-SF,10000,10,0.0,0.2,frequency,CHI_1.0e-5,1,200000,0.5,159768,159305,0.0722,27.063296938,12178,0,0.0
ID-SF,10000,10,0.2,0.2,frequency,CHI_1.0e-5,1,20000,0.5,14925,15369,0.092,3.750211409,13114,0,0.0
ID-SF,10000,10,0.2,0.2,frequency,CHI_1.0e-5,1,100000,0.5,78431,79275,0.0722,14.160488413,12317,0,0.0
ID-SF,10000,10,0.2,0.2,frequency,CHI_1.0e-5,1,200000,0.5,158623,159020,0.0721,26.407029382,12191,0,0.0
ID-SF,10000,2,0.0,0.2,random,CHI_1.0e-5,1,20000,0.5,2383,3946,0.6767,8.074693989,13557,0,0.0
ID-SF,10000,2,0.0,0.2,random,CHI_1.0e-5,1,100000,0.5,15701,17499,0.7437,13.541054867,13962,0,0.0
ID-SF,10000,2,0.0,0.2,random,CHI_1.0e-5,1,200000,0.5,31841,33863,0.7612,27.390404573,14105,0,0.0
ID-SF,10000,2,0.2,0.2,random,CHI_1.0e-5,1,20000,0.5,1566,3601,0.6977,2.997913631,13376,0,0.0
ID-SF,10000,2,0.2,0.2,random,CHI_1.0e-5,1,100000,0.5,12298,15110,0.7932,10.712762165,13982,0,0.0
ID-SF,10000,2,0.2,0.2,random,CHI_1.0e-5,1,200000,0.5,25803,28572,0.816,22.028908699,14129,0,0.0
ID-SF,10000,4,0.0,0.2,random,CHI_1.0e-5,1,20000,0.5,6959,9389,0.3398,3.225714232,15344,0,0.0
ID-SF,10000,4,0.0,0.2,random,CHI_1.0e-5,1,100000,0.5,40533,43161,0.4041,11.812681708,16232,0,0.0
ID-SF,10000,4,0.0,0.2,random,CHI_1.0e-5,1,200000,0.5,82257,84128,0.4267,23.725113035,16554,0,0.0
ID-SF,10000,4,0.2,0.2,random,CHI_1.0e-5,1,20000,0.5,6448,9017,0.3533,3.42960055,15250,0,0.0
ID-SF,10000,4,0.2,0.2,random,CHI_1.0e-5,1,100000,0.5,37601,40353,0.4384,14.360426463,16395,0,0.0
ID-SF,10000,4,0.2,0.2,random,CHI_1.0e-5,1,200000,0.5,76399,79943,0.4444,26.160408931,16517,0,0.0
ID-SF,10000,6,0.0,0.2,random,CHI_1.0e-5,1,20000,0.5,9557,11785,0.241,3.109343086,16319,0,0.0
ID-SF,10000,6,0.0,0.2,random,CHI_1.0e-5,1,100000,0.5,53009,55856,0.2905,13.165950629,17579,0,0.0
ID-SF,10000,6,0.0,0.2,random,CHI_1.0e-5,1,200000,0.5,106738,109446,0.3168,26.507502627,17968,0,0.0
ID-SF,10000,6,0.2,0.2,random,CHI_1.0e-5,1,20000,0.5,8981,11483,0.2558,3.759122039,16229,0,0.0
ID-SF,10000,6,0.2,0.2,random,CHI_1.0e-5,1,100000,0.5,50273,53178,0.3191,13.685537895,17803,0,0.0
ID-SF,10000,6,0.2,0.2,random,CHI_1.0e-5,1,200000,0.5,102652,105171,0.3219,24.029949753,17917,0,0.0
ID-SF,10000,8,0.0,0.2,random,CHI_1.0e-5,1,20000,0.5,11204,13179,0.1917,3.65549134,17126,0,0.0
ID-SF,10000,8,0.0,0.2,random,CHI_1.0e-5,1,100000,0.5,60350,62986,0.2418,12.706949765,18768,0,0.0
ID-SF,10000,8,0.0,0.2,random,CHI_1.0e-5,1,200000,0.5,122100,124512,0.2476,26.773803022,19056,0,0.0
ID-SF,10000,8,0.2,0.2,random,CHI_1.0e-5,1,20000,0.5,10499,13071,0.1968,3.249642621,17309,0,0.0
ID-SF,10000,8,0.2,0.2,random,CHI_1.0e-5,1,100000,0.5,58350,61647,0.2452,14.039405007,18592,0,0.0
ID-SF,10000,8,0.2,0.2,random,CHI_1.0e-5,1,200000,0.5,117525,121233,0.2588,22.667842698,18931,0,0.0
ID-SF,10000,10,0.0,0.2,random,CHI_1.0e-5,1,20000,0.5,12229,14135,0.1769,3.500600775,17933,0,0.0
ID-SF,10000,10,0.0,0.2,random,CHI_1.0e-5,1,100000,0.5,66265,68206,0.2058,13.532055749,19480,0,0.0
ID-SF,10000,10,0.0,0.2,random,CHI_1.0e-5,1,200000,0.5,132820,134772,0.2158,25.125976902,19852,0,0.0
ID-SF,10000,10,0.2,0.2,random,CHI_1.0e-5,1,20000,0.5,11816,14141,0.1544,3.843679573,17695,0,0.0
ID-SF,10000,10,0.2,0.2,random,CHI_1.0e-5,1,100000,0.5,63735,66347,0.2123,12.932085431,19528,0,0.0
ID-SF,10000,10,0.2,0.2,random,CHI_1.0e-5,1,200000,0.5,129549,132328,0.216,24.523017099,19683,0,0.0
HD-VF,100000,2,0.0,0.0,uniform,CHI_1.0e-5,1,200000,0.5,37452,56451,0.4355,94.789610746,100000,0,0.0
HD-VF,100000,2,0.0,0.0,uniform,CHI_1.0e-5_LS,1,200000,0.5,19954,40336,0.5966,167.97762163699997,100000,10,0.0
HD-VF,100000,2,0.0,0.0,uniform,CHI_1.0e-5,1,1000000,0.5,193187,210321,0.5794,81.790093322,100000,0,0.0
HD-VF,100000,2,0.0,0.0,uniform,CHI_1.0e-5_LS,1,1000000,0.5,86891,97173,0.8057,244.619851954,100000,22,0.0
HD-VF,100000,2,0.0,0.0,uniform,CHI_1.0e-5,1,2000000,0.5,389279,402494,0.5975,79.47902156,100000,0,0.0
HD-VF,100000,2,0.0,0.0,uniform,CHI_1.0e-5_LS,1,2000000,0.5,191273,200394,0.7996,339.80622704900003,100000,34,0.0
HD-VF,100000,2,0.2,0.0,uniform,CHI_1.0e-5,1,200000,0.5,16109,39373,0.6063,68.202438811,100000,0,0.0
HD-VF,100000,2,0.2,0.0,uniform,CHI_1.0e-5_LS,1,200000,0.5,15853,39514,0.6049,99.099901672,100000,6,0.0
HD-VF,100000,2,0.2,0.0,uniform,CHI_1.0e-5,1,1000000,0.5,117626,145558,0.7089,45.726046561,100000,0,0.0
HD-VF,100000,2,0.2,0.0,uniform,CHI_1.0e-5_LS,1,1000000,0.5,92270,114719,0.7706,209.64904535099998,100000,25,0.0
HD-VF,100000,2,0.2,0.0,uniform,CHI_1.0e-5,1,2000000,0.5,225110,249060,0.7509,42.393668115,100000,0,0.0
HD-VF,100000,2,0.2,0.0,uniform,CHI_1.0e-5_LS,1,2000000,0.5,156225,171345,0.8287,384.543488191,100000,52,0.0
HD-VF,100000,4,0.0,0.0,uniform,CHI_1.0e-5,1,200000,0.5,58888,94675,0.2664,75.805888087,100000,0,0.0
HD-VF,100000,4,0.0,0.0,uniform,CHI_1.0e-5_LS,1,200000,0.5,32182,64062,0.462,280.91061808999996,100000,18,0.0
HD-VF,100000,4,0.0,0.0,uniform,CHI_1.0e-5,1,1000000,0.5,241483,264024,0.53,85.76637453,100000,0,0.0
HD-VF,100000,4,0.0,0.0,uniform,CHI_1.0e-5_LS,1,1000000,0.5,144565,162348,0.7028,685.027625078,100000,50,0.0
HD-VF,100000,4,0.0,0.0,uniform,CHI_1.0e-5,1,2000000,0.5,501925,515345,0.5447,89.150726149,100000,0,0.0
HD-VF,100000,4,0.0,0.0,uniform,CHI_1.0e-5_LS,1,2000000,0.5,312770,322901,0.7063,996.871184911,100000,75,0.0
HD-VF,100000,4,0.2,0.0,uniform,CHI_1.0e-5,1,200000,0.5,42913,77459,0.386,75.022870862,100000,0,0.0
HD-VF,100000,4,0.2,0.0,uniform,CHI_1.0e-5_LS,1,200000,0.5,30127,62962,0.4719,190.204053521,100000,11,0.0
HD-VF,100000,4,0.2,0.0,uniform,CHI_1.0e-5,1,1000000,0.5,205365,231610,0.5799,68.461880998,100000,0,0.0
HD-VF,100000,4,0.2,0.0,uniform,CHI_1.0e-5_LS,1,1000000,0.5,137819,158692,0.707,920.3681832799999,100000,72,0.0
HD-VF,100000,4,0.2,0.0,uniform,CHI_1.0e-5,1,2000000,0.5,460485,480998,0.5609,66.680844428,100000,0,0.0
HD-VF,100000,4,0.2,0.0,uniform,CHI_1.0e-5_LS,1,2000000,0.5,283620,294497,0.7281,1170.167721846,100000,92,0.0
HD-VF,100000,6,0.0,0.0,uniform,CHI_1.0e-5,1,200000,0.5,55241,94568,0.2974,69.209971486,100000,0,0.0
HD-VF,100000,6,0.0,0.0,uniform,CHI_1.0e-5_LS,1,200000,0.5,34634,69576,0.4424,411.554408716,100000,23,0.0
HD-VF,100000,6,0.0,0.0,uniform,CHI_1.0e-5,1,1000000,0.5,288465,311722,0.4678,84.206089353,100000,0,0.0
HD-VF,100000,6,0.0,0.0,uniform,CHI_1.0e-5_LS,1,1000000,0.5,174456,191142,0.6644,750.392709162,100000,43,0.0
HD-VF,100000,6,0.0,0.0,uniform,CHI_1.0e-5,1,2000000,0.5,520844,541630,0.5316,86.921613049,100000,0,0.0
HD-VF,100000,6,0.0,0.0,uniform,CHI_1.0e-5_LS,1,2000000,0.5,304360,322005,0.7155,1104.4336375780001,100000,63,0.0
HD-VF,100000,6,0.2,0.0,uniform,CHI_1.0e-5,1,200000,0.5,52205,91518,0.3075,66.247531853,100000,0,0.0
HD-VF,100000,6,0.2,0.0,uniform,CHI_1.0e-5_LS,1,200000,0.5,34836,70099,0.4369,290.63144271,100000,16,0.0
HD-VF,100000,6,0.2,0.0,uniform,CHI_1.0e-5,1,1000000,0.5,284346,307495,0.4656,83.973785478,100000,0,0.0
HD-VF,100000,6,0.2,0.0,uniform,CHI_1.0e-5_LS,1,1000000,0.5,166427,182854,0.6748,1232.793301552,100000,72,0.0
HD-VF,100000,6,0.2,0.0,uniform,CHI_1.0e-5,1,2000000,0.5,529169,551765,0.5153,79.040329157,100000,0,0.0
HD-VF,100000,6,0.2,0.0,uniform,CHI_1.0e-5_LS,1,2000000,0.5,302401,319626,0.713,1110.7211620819999,100000,61,0.0
HD-VF,100000,8,0.0,0.0,uniform,CHI_1.0e-5,1,200000,0.5,64912,108064,0.2352,70.298864811,100000,0,0.0
HD-VF,100000,8,0.0,0.0,uniform,CHI_1.0e-5_LS,1,200000,0.5,42366,81883,0.3799,416.16356330300005,100000,20,0.0
HD-VF,100000,8,0.0,0.0,uniform,CHI_1.0e-5,1,1000000,0.5,300907,327881,0.4563,81.614222743,100000,0,0.0
HD-VF,100000,8,0.0,0.0,uniform,CHI_1.0e-5_LS,1,1000000,0.5,170691,188108,0.6709,852.658378986,100000,43,0.0
HD-VF,100000,8,0.0,0.0,uniform,CHI_1.0e-5,1,2000000,0.5,554850,573424,0.5068,83.767303254,100000,0,0.0
HD-VF,100000,8,0.0,0.0,uniform,CHI_1.0e-5_LS,1,2000000,0.5,323013,338393,0.7025,1235.767507389,100000,62,0.0
HD-VF,100000,8,0.2,0.0,uniform,CHI_1.0e-5,1,200000,0.5,57779,98312,0.2712,62.813149855,100000,0,0.0
HD-VF,100000,8,0.2,0.0,uniform,CHI_1.0e-5_LS,1,200000,0.5,37410,74429,0.4236,464.807825626,100000,22,0.0
HD-VF,100000,8,0.2,0.0,uniform,CHI_1.0e-5,1,1000000,0.5,311284,332868,0.4245,71.225596675,100000,0,0.0
HD-VF,100000,8,0.2,0.0,uniform,CHI_1.0e-5_LS,1,1000000,0.5,172474,186297,0.6732,1463.645270886,100000,72,0.0
HD-VF,100000,8,0.2,0.0,uniform,CHI_1.0e-5,1,2000000,0.5,607884,631550,0.4578,77.508788562,100000,0,0.0
HD-VF,100000,8,0.2,0.0,uniform,CHI_1.0e-5_LS,1,2000000,0.5,366053,383221,0.6641,1950.55854385,100000,94,0.0
HD-VF,100000,10,0.0,0.0,uniform,CHI_1.0e-5,1,200000,0.5,57629,101450,0.2829,61.285259326,100000,0,0.0
HD-VF,100000,10,0.0,0.0,uniform,CHI_1.0e-5_LS,1,200000,0.5,38229,77205,0.4148,537.056126157,100000,24,0.0
HD-VF,100000,10,0.0,0.0,uniform,CHI_1.0e-5,1,1000000,0.5,326565,349500,0.4279,73.336128236,100000,0,0.0
HD-VF,100000,10,0.0,0.0,uniform,CHI_1.0e-5_LS,1,1000000,0.5,191395,208772,0.643,1440.464021658,100000,68,0.0
HD-VF,100000,10,0.0,0.0,uniform,CHI_1.0e-5,1,2000000,0.5,629059,647995,0.4595,81.322292614,100000,0,0.0
HD-VF,100000,10,0.0,0.0,uniform,CHI_1.0e-5_LS,1,2000000,0.5,414939,431372,0.6263,1364.909113961,100000,61,0.0
HD-VF,100000,10,0.2,0.0,uniform,CHI_1.0e-5,1,200000,0.5,62574,103977,0.2414,62.467479872,100000,0,0.0
HD-VF,100000,10,0.2,0.0,uniform,CHI_1.0e-5_LS,1,200000,0.5,38848,76539,0.4147,545.297944136,100000,24,0.0
HD-VF,100000,10,0.2,0.0,uniform,CHI_1.0e-5,1,1000000,0.5,330692,352917,0.399,72.553158391,100000,0,0.0
HD-VF,100000,10,0.2,0.0,uniform,CHI_1.0e-5_LS,1,1000000,0.5,173332,186846,0.676,1722.5068908209998,100000,74,0.0
HD-VF,100000,10,0.2,0.0,uniform,CHI_1.0e-5,1,2000000,0.5,623180,645599,0.4579,80.273875702,100000,0,0.0
HD-VF,100000,10,0.2,0.0,uniform,CHI_1.0e-5_LS,1,2000000,0.5,352857,367654,0.6802,2230.71425529,100000,100,0.0
HD-VF,100000,2,0.0,0.2,uniform,CHI_1.0e-5,1,200000,0.5,7641,24651,1.0147,42.532094858,120000,0,0.0
HD-VF,100000,2,0.0,0.2,uniform,CHI_1.0e-5_LS,1,200000,0.5,3587,24474,1.0165,80.39060387399999,120000,7,0.0
HD-VF,100000,2,0.0,0.2,uniform,CHI_1.0e-5,1,1000000,0.5,72307,95271,1.0509,28.341508626,120000,0,0.0
HD-VF,100000,2,0.0,0.2,uniform,CHI_1.0e-5_LS,1,1000000,0.5,18577,28767,1.1839,311.281902901,120000,35,0.0
HD-VF,100000,2,0.0,0.2,uniform,CHI_1.0e-5,1,2000000,0.5,122289,144934,1.1498,26.818757232,120000,0,0.0
HD-VF,100000,2,0.0,0.2,uniform,CHI_1.0e-5_LS,1,2000000,0.5,25704,30159,1.2646,508.757380842,120000,59,0.0
HD-VF,100000,2,0.2,0.2,uniform,CHI_1.0e-5,1,200000,0.5,1867,18893,1.0582,57.706553176,120000,0,0.0
HD-VF,100000,2,0.2,0.2,uniform,CHI_1.0e-5_LS,1,200000,0.5,264,19116,1.056,70.89855853099999,120000,3,0.0
HD-VF,100000,2,0.2,0.2,uniform,CHI_1.0e-5,1,1000000,0.5,43758,66076,1.122,35.785098657,120000,0,0.0
HD-VF,100000,2,0.2,0.2,uniform,CHI_1.0e-5_LS,1,1000000,0.5,20578,35426,1.1833,302.86364693800004,120000,38,0.0
HD-VF,100000,2,0.2,0.2,uniform,CHI_1.0e-5,1,2000000,0.5,82341,104337,1.1828,33.941951285,120000,0,0.0
HD-VF,100000,2,0.2,0.2,uniform,CHI_1.0e-5_LS,1,2000000,0.5,30579,37488,1.2496,344.117791463,120000,39,0.0
HD-VF,100000,4,0.0,0.2,uniform,CHI_1.0e-5,1,200000,0.5,28809,59573,0.8512,72.154296068,120000,0,0.0
HD-VF,100000,4,0.0,0.2,uniform,CHI_1.0e-5_LS,1,200000,0.5,15725,52448,0.8884,369.30522075600004,120000,24,0.0
HD-VF,100000,4,0.0,0.2,uniform,CHI_1.0e-5,1,1000000,0.5,128891,161336,1.2272,48.41236442,120000,0,0.0
HD-VF,100000,4,0.0,0.2,uniform,CHI_1.0e-5_LS,1,1000000,0.5,49357,69211,1.3861,928.5049090150001,120000,68,0.0
HD-VF,100000,4,0.0,0.2,uniform,CHI_1.0e-5,1,2000000,0.5,239321,269721,1.1197,42.807493717,120000,0,0.0
HD-VF,100000,4,0.0,0.2,uniform,CHI_1.0e-5_LS,1,2000000,0.5,91225,106629,1.2668,1368.382556387,120000,100,0.0
HD-VF,100000,4,0.2,0.2,uniform,CHI_1.0e-5,1,200000,0.5,25132,56730,0.9478,71.946215608,120000,0,0.0
HD-VF,100000,4,0.2,0.2,uniform,CHI_1.0e-5_LS,1,200000,0.5,15358,52929,0.9686,319.142235645,120000,22,0.0
HD-VF,100000,4,0.2,0.2,uniform,CHI_1.0e-5,1,1000000,0.5,116406,145944,1.129,49.508468256,120000,0,0.0
HD-VF,100000,4,0.2,0.2,uniform,CHI_1.0e-5_LS,1,1000000,0.5,40423,56533,1.2898,760.1748932950001,120000,52,0.0
HD-VF,100000,4,0.2,0.2,uniform,CHI_1.0e-5,1,2000000,0.5,185813,215979,1.2539,46.527107442,120000,0,0.0
HD-VF,100000,4,0.2,0.2,uniform,CHI_1.0e-5_LS,1,2000000,0.5,86020,103774,1.3561,907.228418599,120000,62,0.0
HD-VF,100000,6,0.0,0.2,uniform,CHI_1.0e-5,1,200000,0.5,36390,72611,0.9588,74.698710073,120000,0,0.0
HD-VF,100000,6,0.0,0.2,uniform,CHI_1.0e-5_LS,1,200000,0.5,20920,64054,0.9952,545.467273388,120000,28,0.0
HD-VF,100000,6,0.0,0.2,uniform,CHI_1.0e-5,1,1000000,0.5,157374,195151,1.1521,60.541059794,120000,0,0.0
HD-VF,100000,6,0.0,0.2,uniform,CHI_1.0e-5_LS,1,1000000,0.5,73612,98851,1.3032,1193.1999509729999,120000,63,0.0
HD-VF,100000,6,0.0,0.2,uniform,CHI_1.0e-5,1,2000000,0.5,261944,290883,1.4296,66.807547326,120000,0,0.0
HD-VF,100000,6,0.0,0.2,uniform,CHI_1.0e-5_LS,1,2000000,0.5,108336,120893,1.5811,1620.400885895,120000,76,0.0
HD-VF,100000,6,0.2,0.2,uniform,CHI_1.0e-5,1,200000,0.5,34785,71656,0.9178,76.160101922,120000,0,0.0
HD-VF,100000,6,0.2,0.2,uniform,CHI_1.0e-5_LS,1,200000,0.5,20958,63872,0.9491,332.260278652,120000,15,0.0
HD-VF,100000,6,0.2,0.2,uniform,CHI_1.0e-5,1,1000000,0.5,138984,179135,1.3818,62.406505611,120000,0,0.0
HD-VF,100000,6,0.2,0.2,uniform,CHI_1.0e-5_LS,1,1000000,0.5,57566,80223,1.5431,1384.317967313,120000,71,0.0
HD-VF,100000,6,0.2,0.2,uniform,CHI_1.0e-5,1,2000000,0.5,249917,283004,1.5663,61.096701014,120000,0,0.0
HD-VF,100000,6,0.2,0.2,uniform,CHI_1.0e-5_LS,1,2000000,0.5,96993,112486,1.7144,1753.055670567,120000,87,0.0
HD-VF,100000,8,0.0,0.2,uniform,CHI_1.0e-5,1,200000,0.5,41201,81363,0.985,92.688753787,120000,0,0.0
HD-VF,100000,8,0.0,0.2,uniform,CHI_1.0e-5_LS,1,200000,0.5,24038,68962,1.0344,546.854826633,120000,21,0.0
HD-VF,100000,8,0.0,0.2,uniform,CHI_1.0e-5,1,1000000,0.5,180165,221650,1.2115,68.118164226,120000,0,0.0
HD-VF,100000,8,0.0,0.2,uniform,CHI_1.0e-5_LS,1,1000000,0.5,72372,93201,1.4069,1569.2094477990001,120000,71,0.0
HD-VF,100000,8,0.0,0.2,uniform,CHI_1.0e-5,1,2000000,0.5,324291,359768,1.3245,55.26818396,120000,0,0.0
HD-VF,100000,8,0.0,0.2,uniform,CHI_1.0e-5_LS,1,2000000,0.5,120813,134389,1.5146,2641.632790309,120000,100,0.0
HD-VF,100000,8,0.2,0.2,uniform,CHI_1.0e-5,1,200000,0.5,39488,79589,1.0724,83.597022677,120000,0,0.0
HD-VF,100000,8,0.2,0.2,uniform,CHI_1.0e-5_LS,1,200000,0.5,24168,70836,1.1048,419.05548596999995,120000,19,0.0
HD-VF,100000,8,0.2,0.2,uniform,CHI_1.0e-5,1,1000000,0.5,182408,225990,1.1865,65.985791117,120000,0,0.0
HD-VF,100000,8,0.2,0.2,uniform,CHI_1.0e-5_LS,1,1000000,0.5,68105,88757,1.3955,1693.560067546,120000,77,0.0
HD-VF,100000,8,0.2,0.2,uniform,CHI_1.0e-5,1,2000000,0.5,317423,354403,1.3775,59.569565329,120000,0,0.0
HD-VF,100000,8,0.2,0.2,uniform,CHI_1.0e-5_LS,1,2000000,0.5,128872,149688,1.5496,1704.982734918,120000,79,0.0
HD-VF,100000,10,0.0,0.2,uniform,CHI_1.0e-5,1,200000,0.5,45518,88391,1.042,81.533842511,120000,0,0.0
HD-VF,100000,10,0.0,0.2,uniform,CHI_1.0e-5_LS,1,200000,0.5,27864,76076,1.0879,538.99810507,120000,22,0.0
HD-VF,100000,10,0.0,0.2,uniform,CHI_1.0e-5,1,1000000,0.5,206666,248208,1.269,67.679445714,120000,0,0.0
HD-VF,100000,10,0.0,0.2,uniform,CHI_1.0e-5_LS,1,1000000,0.5,79731,106955,1.4752,1937.0482020700001,120000,83,0.0
HD-VF,100000,10,0.0,0.2,uniform,CHI_1.0e-5,1,2000000,0.5,356325,389499,1.6002,59.282019412,120000,0,0.0
HD-VF,100000,10,0.0,0.2,uniform,CHI_1.0e-5_LS,1,2000000,0.5,138154,157365,1.7915,2256.794238345,120000,98,0.0
HD-VF,100000,10,0.2,0.2,uniform,CHI_1.0e-5,1,200000,0.5,42432,84027,1.0707,76.475901451,120000,0,0.0
HD-VF,100000,10,0.2,0.2,uniform,CHI_1.0e-5_LS,1,200000,0.5,23922,69288,1.1274,639.022697388,120000,29,0.0
HD-VF,100000,10,0.2,0.2,uniform,CHI_1.0e-5,1,1000000,0.5,202189,247413,1.3041,65.245774378,120000,0,0.0
HD-VF,100000,10,0.2,0.2,uniform,CHI_1.0e-5_LS,1,1000000,0.5,82427,112337,1.4991,1815.816815621,120000,82,0.0
HD-VF,100000,10,0.2,0.2,uniform,CHI_1.0e-5,1,2000000,0.5,341033,378626,1.6793,63.205280985,120000,0,0.0
HD-VF,100000,10,0.2,0.2,uniform,CHI_1.0e-5_LS,1,2000000,0.5,152658,174645,1.8431,2253.2737355189997,120000,100,0.0
HD-VF,100000,2,0.0,0.2,frequency,CHI_1.0e-5,1,200000,0.5,14282,28347,0.7608,66.089541261,106014,0,0.0
HD-VF,100000,2,0.0,0.2,frequency,CHI_1.0e-5,1,1000000,0.5,48666,58045,0.9289,191.078480484,104033,0,0.0
HD-VF,100000,2,0.0,0.2,frequency,CHI_1.0e-5,1,2000000,0.5,103032,111457,0.9522,299.179794953,102179,0,0.0
HD-VF,100000,2,0.2,0.2,frequency,CHI_1.0e-5,1,200000,0.5,13614,31838,0.7492,72.968251474,105716,0,0.0
HD-VF,100000,2,0.2,0.2,frequency,CHI_1.0e-5,1,1000000,0.5,42439,51964,0.9448,181.49119914,103515,0,0.0
HD-VF,100000,2,0.2,0.2,frequency,CHI_1.0e-5,1,2000000,0.5,90791,98519,0.983,323.680377916,102212,0,0.0
HD-VF,100000,4,0.0,0.2,frequency,CHI_1.0e-5,1,200000,0.5,27714,55027,0.5413,87.13753402,105947,0,0.0
HD-VF,100000,4,0.0,0.2,frequency,CHI_1.0e-5,1,1000000,0.5,116860,136358,0.7601,212.804482459,103874,0,0.0
HD-VF,100000,4,0.0,0.2,frequency,CHI_1.0e-5,1,2000000,0.5,302760,324577,0.7251,349.488939337,100621,0,0.0
HD-VF,100000,4,0.2,0.2,frequency,CHI_1.0e-5,1,200000,0.5,23587,51620,0.5644,73.920178394,105865,0,0.0
HD-VF,100000,4,0.2,0.2,frequency,CHI_1.0e-5,1,1000000,0.5,102791,121014,0.7951,219.945341631,108533,0,0.0
HD-VF,100000,4,0.2,0.2,frequency,CHI_1.0e-5,1,2000000,0.5,285544,306932,0.7321,336.724925685,100792,0,0.0
HD-VF,100000,6,0.0,0.2,frequency,CHI_1.0e-5,1,200000,0.5,30879,63433,0.4938,85.102520423,101012,0,0.0
HD-VF,100000,6,0.0,0.2,frequency,CHI_1.0e-5,1,1000000,0.5,145627,167134,0.7169,219.665580097,104935,0,0.0
HD-VF,100000,6,0.0,0.2,frequency,CHI_1.0e-5,1,2000000,0.5,423639,450307,0.6133,351.561990939,100946,0,0.0
HD-VF,100000,6,0.2,0.2,frequency,CHI_1.0e-5,1,200000,0.5,31689,64373,0.4897,82.36862659,101012,0,0.0
HD-VF,100000,6,0.2,0.2,frequency,CHI_1.0e-5,1,1000000,0.5,145982,166463,0.7158,201.87564751,100983,0,0.0
HD-VF,100000,6,0.2,0.2,frequency,CHI_1.0e-5,1,2000000,0.5,345717,370643,0.6867,349.901798862,100594,0,0.0
HD-VF,100000,8,0.0,0.2,frequency,CHI_1.0e-5,1,200000,0.5,31901,65338,0.4749,83.383659227,103694,0,0.0
HD-VF,100000,8,0.0,0.2,frequency,CHI_1.0e-5,1,1000000,0.5,174355,200345,0.6655,195.671725504,100739,0,0.0
HD-VF,100000,8,0.0,0.2,frequency,CHI_1.0e-5,1,2000000,0.5,434117,454432,0.6134,340.448212792,102993,0,0.0
HD-VF,100000,8,0.2,0.2,frequency,CHI_1.0e-5,1,200000,0.5,36543,72148,0.4377,79.980980534,101850,0,0.0
HD-VF,100000,8,0.2,0.2,frequency,CHI_1.0e-5,1,1000000,0.5,171666,197859,0.6681,194.422945562,101044,0,0.0
HD-VF,100000,8,0.2,0.2,frequency,CHI_1.0e-5,1,2000000,0.5,394817,417864,0.6499,348.713599593,100958,0,0.0
HD-VF,100000,10,0.0,0.2,frequency,CHI_1.0e-5,1,200000,0.5,39532,75662,0.4204,83.369181897,100442,0,0.0
HD-VF,100000,10,0.0,0.2,frequency,CHI_1.0e-5,1,1000000,0.5,199222,226877,0.627,200.164260449,107603,0,0.0
HD-VF,100000,10,0.0,0.2,frequency,CHI_1.0e-5,1,2000000,0.5,499234,528544,0.5643,340.245346646,100558,0,0.0
HD-VF,100000,10,0.2,0.2,frequency,CHI_1.0e-5,1,200000,0.5,33689,68116,0.4682,84.894516891,115535,0,0.0
HD-VF,100000,10,0.2,0.2,frequency,CHI_1.0e-5,1,1000000,0.5,172362,196690,0.6694,196.835333309,100707,0,0.0
HD-VF,100000,10,0.2,0.2,frequency,CHI_1.0e-5,1,2000000,0.5,474151,502867,0.5851,328.457213309,100220,0,0.0
HD-VF,100000,2,0.0,0.2,random,CHI_1.0e-5,1,200000,0.5,6393,22322,1.0505,105.992697453,122353,0,0.0
HD-VF,100000,2,0.0,0.2,random,CHI_1.0e-5,1,1000000,0.5,61815,79798,1.1259,205.043627658,129294,0,0.0
HD-VF,100000,2,0.0,0.2,random,CHI_1.0e-5,1,2000000,0.5,123972,142937,1.1982,327.40670298,130179,0,0.0
HD-VF,100000,2,0.2,0.2,random,CHI_1.0e-5,1,200000,0.5,1281,17209,1.0882,95.766542594,122250,0,0.0
HD-VF,100000,2,0.2,0.2,random,CHI_1.0e-5,1,1000000,0.5,33459,50412,1.1941,183.430196624,129149,0,0.0
HD-VF,100000,2,0.2,0.2,random,CHI_1.0e-5,1,2000000,0.5,70986,88668,1.2377,332.649038317,129504,0,0.0
HD-VF,100000,4,0.0,0.2,random,CHI_1.0e-5,1,200000,0.5,28429,56270,0.9156,102.684993681,130374,0,0.0
HD-VF,100000,4,0.0,0.2,random,CHI_1.0e-5,1,1000000,0.5,181499,216023,1.2135,180.723394363,135478,0,0.0
HD-VF,100000,4,0.0,0.2,random,CHI_1.0e-5,1,2000000,0.5,377798,410226,1.1049,324.476776271,139227,0,0.0
HD-VF,100000,4,0.2,0.2,random,CHI_1.0e-5,1,200000,0.5,23659,51903,0.9825,105.844753162,128596,0,0.0
HD-VF,100000,4,0.2,0.2,random,CHI_1.0e-5,1,1000000,0.5,168502,202722,1.1276,193.608270862,134527,0,0.0
HD-VF,100000,4,0.2,0.2,random,CHI_1.0e-5,1,2000000,0.5,328227,366477,1.2142,317.62930746,137184,0,0.0
HD-VF,100000,6,0.0,0.2,random,CHI_1.0e-5,1,200000,0.5,38270,71960,1.0197,106.313508269,134402,0,0.0
HD-VF,100000,6,0.0,0.2,random,CHI_1.0e-5,1,1000000,0.5,235988,274661,1.1538,199.048603501,137402,0,0.0
HD-VF,100000,6,0.0,0.2,random,CHI_1.0e-5,1,2000000,0.5,482672,522387,1.3434,329.080278252,132230,0,0.0
HD-VF,100000,6,0.2,0.2,random,CHI_1.0e-5,1,200000,0.5,35838,68713,0.9915,107.922994251,135296,0,0.0
HD-VF,100000,6,0.2,0.2,random,CHI_1.0e-5,1,1000000,0.5,218882,259781,1.3604,196.50343966,136919,0,0.0
HD-VF,100000,6,0.2,0.2,random,CHI_1.0e-5,1,2000000,0.5,429378,466817,1.492,332.397715035,134485,0,0.0
HD-VF,100000,8,0.0,0.2,random,CHI_1.0e-5,1,200000,0.5,43271,81314,1.0387,107.925064207,136643,0,0.0
HD-VF,100000,8,0.0,0.2,random,CHI_1.0e-5,1,1000000,0.5,277306,322313,1.1924,195.712254468,135578,0,0.0
HD-VF,100000,8,0.0,0.2,random,CHI_1.0e-5,1,2000000,0.5,569313,611695,1.2615,335.553334673,136768,0,0.0
HD-VF,100000,8,0.2,0.2,random,CHI_1.0e-5,1,200000,0.5,41236,78502,1.1108,108.769867247,137504,0,0.0
HD-VF,100000,8,0.2,0.2,random,CHI_1.0e-5,1,1000000,0.5,267688,313468,1.2041,198.550467215,137300,0,0.0
HD-VF,100000,8,0.2,0.2,random,CHI_1.0e-5,1,2000000,0.5,538838,580338,1.3296,345.56716981,135381,0,0.0
HD-VF,100000,10,0.0,0.2,random,CHI_1.0e-5,1,200000,0.5,47729,87903,1.1674,108.034621846,137226,0,0.0
HD-VF,100000,10,0.0,0.2,random,CHI_1.0e-5,1,1000000,0.5,304591,349323,1.28,201.40699982,135931,0,0.0
HD-VF,100000,10,0.0,0.2,random,CHI_1.0e-5,1,2000000,0.5,591096,636662,1.5186,322.043055225,134243,0,0.0
HD-VF,100000,10,0.2,0.2,random,CHI_1.0e-5,1,200000,0.5,44368,83827,1.1077,104.521959343,138948,0,0.0
HD-VF,100000,10,0.2,0.2,random,CHI_1.0e-5,1,1000000,0.5,288018,335493,1.3133,191.832173061,135829,0,0.0
HD-VF,100000,10,0.2,0.2,random,CHI_1.0e-5,1,2000000,0.5,571784,619754,1.5969,327.653610547,132521,0,0.0
MD-VF,100000,2,0.0,0.0,uniform,CHI_1.0e-5,1,200000,0.5,46377,64339,0.3566,95.235416038,100000,0,0.0
MD-VF,100000,2,0.0,0.0,uniform,CHI_1.0e-5_LS,1,200000,0.5,25749,48808,0.5119,160.490516215,100000,9,0.0
MD-VF,100000,2,0.0,0.0,uniform,CHI_1.0e-5,1,1000000,0.5,251438,273959,0.4521,75.545086141,100000,0,0.0
MD-VF,100000,2,0.0,0.0,uniform,CHI_1.0e-5_LS,1,1000000,0.5,140304,151583,0.6968,264.777478735,100000,24,0.0
MD-VF,100000,2,0.0,0.0,uniform,CHI_1.0e-5,1,2000000,0.5,490605,508189,0.4918,74.348761306,100000,0,0.0
MD-VF,100000,2,0.0,0.0,uniform,CHI_1.0e-5_LS,1,2000000,0.5,278330,286915,0.7131,274.906565506,100000,25,0.0
MD-VF,100000,2,0.2,0.0,uniform,CHI_1.0e-5,1,200000,0.5,14326,37968,0.6203,68.611732885,100000,0,0.0
MD-VF,100000,2,0.2,0.0,uniform,CHI_1.0e-5_LS,1,200000,0.5,14031,38057,0.6194,88.74796716899999,100000,4,0.0
MD-VF,100000,2,0.2,0.0,uniform,CHI_1.0e-5,1,1000000,0.5,129253,161952,0.6761,41.102842198,100000,0,0.0
MD-VF,100000,2,0.2,0.0,uniform,CHI_1.0e-5_LS,1,1000000,0.5,109451,136891,0.7262,260.028637753,100000,34,0.0
MD-VF,100000,2,0.2,0.0,uniform,CHI_1.0e-5,1,2000000,0.5,272638,308254,0.6917,41.442966983,100000,0,0.0
MD-VF,100000,2,0.2,0.0,uniform,CHI_1.0e-5_LS,1,2000000,0.5,217930,237837,0.7622,303.44537879499995,100000,42,0.0
MD-VF,100000,4,0.0,0.0,uniform,CHI_1.0e-5,1,200000,0.5,68163,104906,0.2159,78.819730592,100000,0,0.0
MD-VF,100000,4,0.0,0.0,uniform,CHI_1.0e-5_LS,1,200000,0.5,41709,77827,0.3711,283.023502903,100000,18,0.0
MD-VF,100000,4,0.0,0.0,uniform,CHI_1.0e-5,1,1000000,0.5,384529,412336,0.3105,84.736303521,100000,0,0.0
MD-VF,100000,4,0.0,0.0,uniform,CHI_1.0e-5_LS,1,1000000,0.5,229650,247717,0.5704,533.619853012,100000,39,0.0
MD-VF,100000,4,0.0,0.0,uniform,CHI_1.0e-5,1,2000000,0.5,698419,723185,0.3869,67.907182124,100000,0,0.0
MD-VF,100000,4,0.0,0.0,uniform,CHI_1.0e-5_LS,1,2000000,0.5,455747,469373,0.5915,800.018483935,100000,62,0.0
MD-VF,100000,4,0.2,0.0,uniform,CHI_1.0e-5,1,200000,0.5,43422,82191,0.3628,79.115652306,100000,0,0.0
MD-VF,100000,4,0.2,0.0,uniform,CHI_1.0e-5_LS,1,200000,0.5,41584,81422,0.3636,161.715163049,100000,8,0.0
MD-VF,100000,4,0.2,0.0,uniform,CHI_1.0e-5,1,1000000,0.5,261495,298961,0.4639,59.896192363,100000,0,0.0
MD-VF,100000,4,0.2,0.0,uniform,CHI_1.0e-5_LS,1,1000000,0.5,205604,227990,0.5954,770.713028529,100000,61,0.0
MD-VF,100000,4,0.2,0.0,uniform,CHI_1.0e-5,1,2000000,0.5,562669,595429,0.4712,64.112813926,100000,0,0.0
MD-VF,100000,4,0.2,0.0,uniform,CHI_1.0e-5_LS,1,2000000,0.5,417076,437492,0.6103,929.132299692,100000,73,0.0
MD-VF,100000,6,0.0,0.0,uniform,CHI_1.0e-5,1,200000,0.5,78433,124849,0.1453,71.981626071,100000,0,0.0
MD-VF,100000,6,0.0,0.0,uniform,CHI_1.0e-5_LS,1,200000,0.5,48393,88388,0.329,400.915476083,100000,22,0.0
MD-VF,100000,6,0.0,0.0,uniform,CHI_1.0e-5,1,1000000,0.5,401083,433077,0.3158,87.947725145,100000,0,0.0
MD-VF,100000,6,0.0,0.0,uniform,CHI_1.0e-5_LS,1,1000000,0.5,253187,272891,0.5481,946.902694122,100000,55,0.0
MD-VF,100000,6,0.0,0.0,uniform,CHI_1.0e-5,1,2000000,0.5,801756,820469,0.3338,84.032043855,100000,0,0.0
MD-VF,100000,6,0.0,0.0,uniform,CHI_1.0e-5_LS,1,2000000,0.5,501663,520034,0.5682,1364.7891957749998,100000,81,0.0
MD-VF,100000,6,0.2,0.0,uniform,CHI_1.0e-5,1,200000,0.5,63631,106884,0.2298,71.118483773,100000,0,0.0
MD-VF,100000,6,0.2,0.0,uniform,CHI_1.0e-5_LS,1,200000,0.5,46958,88972,0.3313,263.722472386,100000,14,0.0
MD-VF,100000,6,0.2,0.0,uniform,CHI_1.0e-5,1,1000000,0.5,353524,387075,0.3613,77.582251072,100000,0,0.0
MD-VF,100000,6,0.2,0.0,uniform,CHI_1.0e-5_LS,1,1000000,0.5,247807,271763,0.5447,933.96685964,100000,55,0.0
MD-VF,100000,6,0.2,0.0,uniform,CHI_1.0e-5,1,2000000,0.5,707354,739074,0.376,70.577403838,100000,0,0.0
MD-VF,100000,6,0.2,0.0,uniform,CHI_1.0e-5_LS,1,2000000,0.5,495494,514848,0.5676,1514.23744064,100000,88,0.0
MD-VF,100000,8,0.0,0.0,uniform,CHI_1.0e-5,1,200000,0.5,79347,126339,0.1533,72.086539048,100000,0,0.0
MD-VF,100000,8,0.0,0.0,uniform,CHI_1.0e-5_LS,1,200000,0.5,54905,99669,0.2867,398.45427251800004,100000,20,0.0
MD-VF,100000,8,0.0,0.0,uniform,CHI_1.0e-5,1,1000000,0.5,432326,463104,0.2881,82.061701703,100000,0,0.0
MD-VF,100000,8,0.0,0.0,uniform,CHI_1.0e-5_LS,1,1000000,0.5,276399,294676,0.5244,1354.284961866,100000,70,0.0
MD-VF,100000,8,0.0,0.0,uniform,CHI_1.0e-5,1,2000000,0.5,813406,844775,0.3396,82.981026798,100000,0,0.0
MD-VF,100000,8,0.0,0.0,uniform,CHI_1.0e-5_LS,1,2000000,0.5,540829,560735,0.5448,1488.404425361,100000,78,0.0
MD-VF,100000,8,0.2,0.0,uniform,CHI_1.0e-5,1,200000,0.5,74777,120109,0.1756,72.260654917,100000,0,0.0
MD-VF,100000,8,0.2,0.0,uniform,CHI_1.0e-5_LS,1,200000,0.5,55227,100048,0.2853,283.489224063,100000,13,0.0
MD-VF,100000,8,0.2,0.0,uniform,CHI_1.0e-5,1,1000000,0.5,406918,440274,0.2981,75.343718368,100000,0,0.0
MD-VF,100000,8,0.2,0.0,uniform,CHI_1.0e-5_LS,1,1000000,0.5,263119,281232,0.5422,1252.651405114,100000,64,0.0
MD-VF,100000,8,0.2,0.0,uniform,CHI_1.0e-5,1,2000000,0.5,780335,810630,0.3466,78.914239007,100000,0,0.0
MD-VF,100000,8,0.2,0.0,uniform,CHI_1.0e-5_LS,1,2000000,0.5,553718,572765,0.5317,1899.765692949,100000,100,0.0
MD-VF,100000,10,0.0,0.0,uniform,CHI_1.0e-5,1,200000,0.5,75784,127103,0.1749,65.329227463,100000,0,0.0
MD-VF,100000,10,0.0,0.0,uniform,CHI_1.0e-5_LS,1,200000,0.5,54521,103148,0.2785,386.52584803999997,100000,18,0.0
MD-VF,100000,10,0.0,0.0,uniform,CHI_1.0e-5,1,1000000,0.5,444617,476531,0.2752,79.594304033,100000,0,0.0
MD-VF,100000,10,0.0,0.0,uniform,CHI_1.0e-5_LS,1,1000000,0.5,286189,306515,0.5146,1280.559570098,100000,59,0.0
MD-VF,100000,10,0.0,0.0,uniform,CHI_1.0e-5,1,2000000,0.5,843855,870469,0.3255,81.409206067,100000,0,0.0
MD-VF,100000,10,0.0,0.0,uniform,CHI_1.0e-5_LS,1,2000000,0.5,561843,581935,0.5339,1677.602250953,100000,77,0.0
MD-VF,100000,10,0.2,0.0,uniform,CHI_1.0e-5,1,200000,0.5,78398,126171,0.166,65.970281482,100000,0,0.0
MD-VF,100000,10,0.2,0.0,uniform,CHI_1.0e-5_LS,1,200000,0.5,59747,107008,0.2571,423.43520511900005,100000,19,0.0
MD-VF,100000,10,0.2,0.0,uniform,CHI_1.0e-5,1,1000000,0.5,426920,459917,0.2727,75.614693602,100000,0,0.0
MD-VF,100000,10,0.2,0.0,uniform,CHI_1.0e-5_LS,1,1000000,0.5,277524,300076,0.5208,1581.3911485410001,100000,71,0.0
MD-VF,100000,10,0.2,0.0,uniform,CHI_1.0e-5,1,2000000,0.5,825411,853957,0.3228,76.861727838,100000,0,0.0
MD-VF,100000,10,0.2,0.0,uniform,CHI_1.0e-5_LS,1,2000000,0.5,557454,572500,0.5399,2299.77409338,100000,100,0.0
MD-VF,100000,2,0.0,0.2,uniform,CHI_1.0e-5,1,200000,0.5,5876,22387,1.0108,42.8536016,120000,0,0.0
MD-VF,100000,2,0.0,0.2,uniform,CHI_1.0e-5_LS,1,200000,0.5,1218,22915,1.0056,78.85679392399999,120000,7,0.0
MD-VF,100000,2,0.0,0.2,uniform,CHI_1.0e-5,1,1000000,0.5,65875,87648,1.1267,28.313820303,120000,0,0.0
MD-VF,100000,2,0.0,0.2,uniform,CHI_1.0e-5_LS,1,1000000,0.5,22562,36736,1.2286,295.09155821300004,120000,33,0.0
MD-VF,100000,2,0.0,0.2,uniform,CHI_1.0e-5,1,2000000,0.5,142084,166258,1.1201,27.051673246,120000,0,0.0
MD-VF,100000,2,0.0,0.2,uniform,CHI_1.0e-5_LS,1,2000000,0.5,41077,48627,1.2377,388.407359414,120000,46,0.0
MD-VF,100000,2,0.2,0.2,uniform,CHI_1.0e-5,1,200000,0.5,1161,17179,1.0986,52.42674838,120000,0,0.0
MD-VF,100000,2,0.2,0.2,uniform,CHI_1.0e-5_LS,1,200000,0.5,121,17257,1.0978,65.98674979500001,120000,3,0.0
MD-VF,100000,2,0.2,0.2,uniform,CHI_1.0e-5,1,1000000,0.5,39600,61533,1.1819,35.398532393,120000,0,0.0
MD-VF,100000,2,0.2,0.2,uniform,CHI_1.0e-5_LS,1,1000000,0.5,22080,39311,1.2263,225.10075416,120000,26,0.0
MD-VF,100000,2,0.2,0.2,uniform,CHI_1.0e-5,1,2000000,0.5,87269,111620,1.1968,33.797208047,120000,0,0.0
MD-VF,100000,2,0.2,0.2,uniform,CHI_1.0e-5_LS,1,2000000,0.5,42005,53928,1.2545,304.59663563699996,120000,38,0.0
MD-VF,100000,4,0.0,0.2,uniform,CHI_1.0e-5,1,200000,0.5,25027,54147,1.0546,72.986357332,120000,0,0.0
MD-VF,100000,4,0.0,0.2,uniform,CHI_1.0e-5_LS,1,200000,0.5,15311,52839,1.0616,203.745407489,120000,11,0.0
MD-VF,100000,4,0.0,0.2,uniform,CHI_1.0e-5,1,1000000,0.5,166101,201358,1.1707,46.761560357,120000,0,0.0
MD-VF,100000,4,0.0,0.2,uniform,CHI_1.0e-5_LS,1,1000000,0.5,60289,79795,1.3597,1001.349144896,120000,72,0.0
MD-VF,100000,4,0.0,0.2,uniform,CHI_1.0e-5,1,2000000,0.5,280061,313196,1.2467,43.213772797,120000,0,0.0
MD-VF,100000,4,0.0,0.2,uniform,CHI_1.0e-5_LS,1,2000000,0.5,117033,133909,1.4026,1014.449729975,120000,76,0.0
MD-VF,100000,4,0.2,0.2,uniform,CHI_1.0e-5,1,200000,0.5,21942,51780,1.0708,74.797951494,120000,0,0.0
MD-VF,100000,4,0.2,0.2,uniform,CHI_1.0e-5_LS,1,200000,0.5,14103,51524,1.0701,177.30458909100003,120000,9,0.0
MD-VF,100000,4,0.2,0.2,uniform,CHI_1.0e-5,1,1000000,0.5,139681,174648,1.2353,50.048819083,120000,0,0.0
MD-VF,100000,4,0.2,0.2,uniform,CHI_1.0e-5_LS,1,1000000,0.5,60160,84571,1.38,721.36050165,120000,50,0.0
MD-VF,100000,4,0.2,0.2,uniform,CHI_1.0e-5,1,2000000,0.5,254760,289292,1.2887,45.990264332,120000,0,0.0
MD-VF,100000,4,0.2,0.2,uniform,CHI_1.0e-5_LS,1,2000000,0.5,108705,122461,1.4362,1047.811842263,120000,78,0.0
MD-VF,100000,6,0.0,0.2,uniform,CHI_1.0e-5,1,200000,0.5,35334,69925,1.0886,76.874466697,120000,0,0.0
MD-VF,100000,6,0.0,0.2,uniform,CHI_1.0e-5_LS,1,200000,0.5,21652,66517,1.1016,324.491878914,120000,15,0.0
MD-VF,100000,6,0.0,0.2,uniform,CHI_1.0e-5,1,1000000,0.5,197256,243179,1.4121,60.978318147,120000,0,0.0
MD-VF,100000,6,0.0,0.2,uniform,CHI_1.0e-5_LS,1,1000000,0.5,71439,91417,1.6283,1401.1887137350002,120000,73,0.0
MD-VF,100000,6,0.0,0.2,uniform,CHI_1.0e-5,1,2000000,0.5,384964,422495,1.3483,48.72217074,120000,0,0.0
MD-VF,100000,6,0.0,0.2,uniform,CHI_1.0e-5_LS,1,2000000,0.5,149958,163080,1.555,1497.3077897859998,120000,82,0.0
MD-VF,100000,6,0.2,0.2,uniform,CHI_1.0e-5,1,200000,0.5,32840,68110,1.0783,126.125781569,120000,0,0.0
MD-VF,100000,6,0.2,0.2,uniform,CHI_1.0e-5_LS,1,200000,0.5,20955,65743,1.0854,483.111961748,120000,12,0.0
MD-VF,100000,6,0.2,0.2,uniform,CHI_1.0e-5,1,1000000,0.5,197364,245817,1.3442,59.617865984,120000,0,0.0
MD-VF,100000,6,0.2,0.2,uniform,CHI_1.0e-5_LS,1,1000000,0.5,72708,90783,1.5672,1341.401619507,120000,68,0.0
MD-VF,100000,6,0.2,0.2,uniform,CHI_1.0e-5,1,2000000,0.5,366219,407763,1.3536,51.915798015,120000,0,0.0
MD-VF,100000,6,0.2,0.2,uniform,CHI_1.0e-5_LS,1,2000000,0.5,144448,159677,1.5491,1651.9928369590002,120000,88,0.0
MD-VF,100000,8,0.0,0.2,uniform,CHI_1.0e-5,1,200000,0.5,40544,79233,1.1519,76.763454422,120000,0,0.0
MD-VF,100000,8,0.0,0.2,uniform,CHI_1.0e-5_LS,1,200000,0.5,26384,74421,1.1679,312.287202999,120000,13,0.0
MD-VF,100000,8,0.0,0.2,uniform,CHI_1.0e-5,1,1000000,0.5,242290,295353,1.3577,61.818229583,120000,0,0.0
MD-VF,100000,8,0.0,0.2,uniform,CHI_1.0e-5_LS,1,1000000,0.5,88872,111011,1.601,1587.0409561019999,120000,69,0.0
MD-VF,100000,8,0.0,0.2,uniform,CHI_1.0e-5,1,2000000,0.5,458056,503445,1.5296,54.360852637,120000,0,0.0
MD-VF,100000,8,0.0,0.2,uniform,CHI_1.0e-5_LS,1,2000000,0.5,179157,199005,1.7546,2006.175655063,120000,87,0.0
MD-VF,100000,8,0.2,0.2,uniform,CHI_1.0e-5,1,200000,0.5,38526,77225,1.3345,77.988321,120000,0,0.0
MD-VF,100000,8,0.2,0.2,uniform,CHI_1.0e-5_LS,1,200000,0.5,24426,73026,1.3483,329.54532256,120000,13,0.0
MD-VF,100000,8,0.2,0.2,uniform,CHI_1.0e-5,1,1000000,0.5,230507,284190,1.5302,62.70012631,120000,0,0.0
MD-VF,100000,8,0.2,0.2,uniform,CHI_1.0e-5_LS,1,1000000,0.5,82636,102074,1.7759,1606.90680096,120000,72,0.0
MD-VF,100000,8,0.2,0.2,uniform,CHI_1.0e-5,1,2000000,0.5,438773,483137,1.4602,54.4530185,120000,0,0.0
MD-VF,100000,8,0.2,0.2,uniform,CHI_1.0e-5_LS,1,2000000,0.5,176634,195720,1.6764,1773.624842513,120000,85,0.0
MD-VF,100000,10,0.0,0.2,uniform,CHI_1.0e-5,1,200000,0.5,44855,85568,1.4618,96.730505007,120000,0,0.0
MD-VF,100000,10,0.0,0.2,uniform,CHI_1.0e-5_LS,1,200000,0.5,29052,80584,1.4774,403.780865845,120000,13,0.0
MD-VF,100000,10,0.0,0.2,uniform,CHI_1.0e-5,1,1000000,0.5,269522,321895,1.4743,78.093404717,120000,0,0.0
MD-VF,100000,10,0.0,0.2,uniform,CHI_1.0e-5_LS,1,1000000,0.5,97649,118780,1.7366,1789.49333486,120000,72,0.0
MD-VF,100000,10,0.0,0.2,uniform,CHI_1.0e-5,1,2000000,0.5,530323,582677,1.4362,56.489103617,120000,0,0.0
MD-VF,100000,10,0.0,0.2,uniform,CHI_1.0e-5_LS,1,2000000,0.5,216877,244007,1.6683,2796.576045183,120000,100,0.0
MD-VF,100000,10,0.2,0.2,uniform,CHI_1.0e-5,1,200000,0.5,44881,84318,1.2661,81.592141906,120000,0,0.0
MD-VF,100000,10,0.2,0.2,uniform,CHI_1.0e-5_LS,1,200000,0.5,29134,79700,1.2779,450.04549169999996,120000,18,0.0
MD-VF,100000,10,0.2,0.2,uniform,CHI_1.0e-5,1,1000000,0.5,260294,314329,1.6577,64.907877311,120000,0,0.0
MD-VF,100000,10,0.2,0.2,uniform,CHI_1.0e-5_LS,1,1000000,0.5,93546,112303,1.9221,1961.825942499,120000,83,0.0
MD-VF,100000,10,0.2,0.2,uniform,CHI_1.0e-5,1,2000000,0.5,491652,539917,1.7598,56.972956217,120000,0,0.0
MD-VF,100000,10,0.2,0.2,uniform,CHI_1.0e-5_LS,1,2000000,0.5,195372,214134,1.9958,2098.3492602349997,120000,92,0.0
MD-VF,100000,2,0.0,0.2,frequency,CHI_1.0e-5,1,200000,0.5,21236,37125,0.6668,66.269355246,104784,0,0.0
MD-VF,100000,2,0.0,0.2,frequency,CHI_1.0e-5,1,1000000,0.5,85168,98407,0.8381,189.793571787,101758,0,0.0
MD-VF,100000,2,0.0,0.2,frequency,CHI_1.0e-5,1,2000000,0.5,181185,194507,0.8419,313.37107052,100566,0,0.0
MD-VF,100000,2,0.2,0.2,frequency,CHI_1.0e-5,1,200000,0.5,19544,38392,0.6745,72.74494509,103443,0,0.0
MD-VF,100000,2,0.2,0.2,frequency,CHI_1.0e-5,1,1000000,0.5,78470,92527,0.848,180.751168773,101647,0,0.0
MD-VF,100000,2,0.2,0.2,frequency,CHI_1.0e-5,1,2000000,0.5,155960,167487,0.8671,318.471349046,100414,0,0.0
MD-VF,100000,4,0.0,0.2,frequency,CHI_1.0e-5,1,200000,0.5,37364,70430,0.4289,86.695771869,107680,0,0.0
MD-VF,100000,4,0.0,0.2,frequency,CHI_1.0e-5,1,1000000,0.5,201794,221762,0.6241,213.233428666,101503,0,0.0
MD-VF,100000,4,0.0,0.2,frequency,CHI_1.0e-5,1,2000000,0.5,468066,491279,0.5864,352.392188771,100641,0,0.0
MD-VF,100000,4,0.2,0.2,frequency,CHI_1.0e-5,1,200000,0.5,40452,76429,0.4011,82.8798732,101433,0,0.0
MD-VF,100000,4,0.2,0.2,frequency,CHI_1.0e-5,1,1000000,0.5,199084,220540,0.6242,217.588332291,104980,0,0.0
MD-VF,100000,4,0.2,0.2,frequency,CHI_1.0e-5,1,2000000,0.5,429556,452166,0.6182,353.192007882,101024,0,0.0
MD-VF,100000,6,0.0,0.2,frequency,CHI_1.0e-5,1,200000,0.5,48679,92048,0.3166,90.221740742,108278,0,0.0
MD-VF,100000,6,0.0,0.2,frequency,CHI_1.0e-5,1,1000000,0.5,254832,282100,0.544,206.121574227,101237,0,0.0
MD-VF,100000,6,0.0,0.2,frequency,CHI_1.0e-5,1,2000000,0.5,593708,621649,0.4966,345.114411499,100500,0,0.0
MD-VF,100000,6,0.2,0.2,frequency,CHI_1.0e-5,1,200000,0.5,51863,94606,0.3112,85.16656264,101838,0,0.0
MD-VF,100000,6,0.2,0.2,frequency,CHI_1.0e-5,1,1000000,0.5,293752,323135,0.4851,207.990109822,100154,0,0.0
MD-VF,100000,6,0.2,0.2,frequency,CHI_1.0e-5,1,2000000,0.5,605104,633639,0.4918,370.719581147,100472,0,0.0
MD-VF,100000,8,0.0,0.2,frequency,CHI_1.0e-5,1,200000,0.5,59460,103162,0.2632,84.606060467,102937,0,0.0
MD-VF,100000,8,0.0,0.2,frequency,CHI_1.0e-5,1,1000000,0.5,287656,316274,0.5032,210.895762356,101116,0,0.0
MD-VF,100000,8,0.0,0.2,frequency,CHI_1.0e-5,1,2000000,0.5,630854,660073,0.4799,358.329927016,100861,0,0.0
MD-VF,100000,8,0.2,0.2,frequency,CHI_1.0e-5,1,200000,0.5,54575,99899,0.2861,84.651301342,106661,0,0.0
MD-VF,100000,8,0.2,0.2,frequency,CHI_1.0e-5,1,1000000,0.5,298845,324391,0.4902,205.851005901,100890,0,0.0
MD-VF,100000,8,0.2,0.2,frequency,CHI_1.0e-5,1,2000000,0.5,701242,731270,0.4268,347.975971487,108692,0,0.0
MD-VF,100000,10,0.0,0.2,frequency,CHI_1.0e-5,1,200000,0.5,62678,109218,0.25,84.864563433,102290,0,0.0
MD-VF,100000,10,0.0,0.2,frequency,CHI_1.0e-5,1,1000000,0.5,350827,383964,0.4129,209.195755792,111735,0,0.0
MD-VF,100000,10,0.0,0.2,frequency,CHI_1.0e-5,1,2000000,0.5,773646,805866,0.3868,341.737224525,100662,0,0.0
MD-VF,100000,10,0.2,0.2,frequency,CHI_1.0e-5,1,200000,0.5,65780,114166,0.2319,84.150774042,102768,0,0.0
MD-VF,100000,10,0.2,0.2,frequency,CHI_1.0e-5,1,1000000,0.5,365348,399228,0.3982,211.857940999,107498,0,0.0
MD-VF,100000,10,0.2,0.2,frequency,CHI_1.0e-5,1,2000000,0.5,746309,777066,0.4068,353.87057953,103719,0,0.0
MD-VF,100000,2,0.0,0.2,random,CHI_1.0e-5,1,200000,0.5,5381,20848,1.0324,98.14569183,121494,0,0.0
MD-VF,100000,2,0.0,0.2,random,CHI_1.0e-5,1,1000000,0.5,53891,71260,1.2034,200.720796405,128560,0,0.0
MD-VF,100000,2,0.0,0.2,random,CHI_1.0e-5,1,2000000,0.5,115020,133792,1.206,322.811233932,130749,0,0.0
MD-VF,100000,2,0.2,0.2,random,CHI_1.0e-5,1,200000,0.5,741,16151,1.1169,95.730280024,120639,0,0.0
MD-VF,100000,2,0.2,0.2,random,CHI_1.0e-5,1,1000000,0.5,30061,46877,1.2433,181.699869725,127902,0,0.0
MD-VF,100000,2,0.2,0.2,random,CHI_1.0e-5,1,2000000,0.5,65318,83037,1.2748,325.149068839,130448,0,0.0
MD-VF,100000,4,0.0,0.2,random,CHI_1.0e-5,1,200000,0.5,23733,49982,1.1139,103.425436042,129063,0,0.0
MD-VF,100000,4,0.0,0.2,random,CHI_1.0e-5,1,1000000,0.5,176009,209300,1.2197,192.635325417,134923,0,0.0
MD-VF,100000,4,0.0,0.2,random,CHI_1.0e-5,1,2000000,0.5,359393,395284,1.2689,323.111549126,135577,0,0.0
MD-VF,100000,4,0.2,0.2,random,CHI_1.0e-5,1,200000,0.5,19630,46396,1.149,103.577890265,131174,0,0.0
MD-VF,100000,4,0.2,0.2,random,CHI_1.0e-5,1,1000000,0.5,144843,180181,1.2942,194.262186653,134836,0,0.0
MD-VF,100000,4,0.2,0.2,random,CHI_1.0e-5,1,2000000,0.5,306560,341388,1.322,322.875700227,135049,0,0.0
MD-VF,100000,6,0.0,0.2,random,CHI_1.0e-5,1,200000,0.5,34557,65682,1.1805,104.609009722,133992,0,0.0
MD-VF,100000,6,0.0,0.2,random,CHI_1.0e-5,1,1000000,0.5,226865,273072,1.4655,197.995251818,135177,0,0.0
MD-VF,100000,6,0.0,0.2,random,CHI_1.0e-5,1,2000000,0.5,490939,530341,1.3828,327.481560329,133291,0,0.0
MD-VF,100000,6,0.2,0.2,random,CHI_1.0e-5,1,200000,0.5,30521,61997,1.1872,106.836065605,134876,0,0.0
MD-VF,100000,6,0.2,0.2,random,CHI_1.0e-5,1,1000000,0.5,221389,267764,1.4054,195.406530277,136730,0,0.0
MD-VF,100000,6,0.2,0.2,random,CHI_1.0e-5,1,2000000,0.5,448230,494245,1.4011,315.355899177,135990,0,0.0
MD-VF,100000,8,0.0,0.2,random,CHI_1.0e-5,1,200000,0.5,39691,75226,1.2471,106.920746898,136699,0,0.0
MD-VF,100000,8,0.0,0.2,random,CHI_1.0e-5,1,1000000,0.5,282605,336072,1.4301,189.61796951,134619,0,0.0
MD-VF,100000,8,0.0,0.2,random,CHI_1.0e-5,1,2000000,0.5,582500,632841,1.5689,320.299496408,134548,0,0.0
MD-VF,100000,8,0.2,0.2,random,CHI_1.0e-5,1,200000,0.5,36097,72107,1.4092,105.694893822,136881,0,0.0
MD-VF,100000,8,0.2,0.2,random,CHI_1.0e-5,1,1000000,0.5,263292,312368,1.5938,197.54654919,134038,0,0.0
MD-VF,100000,8,0.2,0.2,random,CHI_1.0e-5,1,2000000,0.5,544723,591357,1.5064,329.422870676,133002,0,0.0
MD-VF,100000,10,0.0,0.2,random,CHI_1.0e-5,1,200000,0.5,41666,81944,1.5404,110.193366603,140196,0,0.0
MD-VF,100000,10,0.0,0.2,random,CHI_1.0e-5,1,1000000,0.5,317373,371190,1.553,197.403335876,135780,0,0.0
MD-VF,100000,10,0.0,0.2,random,CHI_1.0e-5,1,2000000,0.5,650999,703803,1.5158,325.338325923,132353,0,0.0
MD-VF,100000,10,0.2,0.2,random,CHI_1.0e-5,1,200000,0.5,39433,80041,1.3798,108.242831129,142719,0,0.0
MD-VF,100000,10,0.2,0.2,random,CHI_1.0e-5,1,1000000,0.5,299413,353138,1.7176,179.217991093,132787,0,0.0
MD-VF,100000,10,0.2,0.2,random,CHI_1.0e-5,1,2000000,0.5,620169,672805,1.7775,323.040742431,131910,0,0.0
ID-VF,100000,2,0.0,0.0,uniform,CHI_1.0e-5,1,200000,0.5,57242,68182,0.3182,94.579680627,100000,0,0.0
ID-VF,100000,2,0.0,0.0,uniform,CHI_1.0e-5_LS,1,200000,0.5,8767,34043,0.6596,185.301293154,100000,13,0.0
ID-VF,100000,2,0.0,0.0,uniform,CHI_1.0e-5,1,1000000,0.5,311529,323221,0.3536,79.458650369,100000,0,0.0
ID-VF,100000,2,0.0,0.0,uniform,CHI_1.0e-5_LS,1,1000000,0.5,108094,146426,0.7071,383.10647657000004,100000,43,0.0
ID-VF,100000,2,0.0,0.0,uniform,CHI_1.0e-5,1,2000000,0.5,611873,624132,0.3759,72.890052287,100000,0,0.0
ID-VF,100000,2,0.0,0.0,uniform,CHI_1.0e-5_LS,1,2000000,0.5,233620,276733,0.7233,465.72988976700003,100000,55,0.0
ID-VF,100000,2,0.2,0.0,uniform,CHI_1.0e-5,1,200000,0.5,55,26275,0.7372,65.720054256,100000,0,0.0
ID-VF,100000,2,0.2,0.0,uniform,CHI_1.0e-5_LS,1,200000,0.5,55,26275,0.7372,70.007787812,100000,1,0.0
ID-VF,100000,2,0.2,0.0,uniform,CHI_1.0e-5,1,1000000,0.5,78039,114714,0.7706,44.107117332,100000,0,0.0
ID-VF,100000,2,0.2,0.0,uniform,CHI_1.0e-5_LS,1,1000000,0.5,76981,115325,0.7694,82.64600372999999,100000,6,0.0
ID-VF,100000,2,0.2,0.0,uniform,CHI_1.0e-5,1,2000000,0.5,173534,217438,0.7826,40.678594381,100000,0,0.0
ID-VF,100000,2,0.2,0.0,uniform,CHI_1.0e-5_LS,1,2000000,0.5,172228,218502,0.7815,74.15757858200001,100000,5,0.0
ID-VF,100000,4,0.0,0.0,uniform,CHI_1.0e-5,1,200000,0.5,70110,100472,0.2106,90.263197749,100000,0,0.0
ID-VF,100000,4,0.0,0.0,uniform,CHI_1.0e-5_LS,1,200000,0.5,34217,62039,0.4706,256.848169564,100000,18,0.0
ID-VF,100000,4,0.0,0.0,uniform,CHI_1.0e-5,1,1000000,0.5,384644,440110,0.2717,82.016557457,100000,0,0.0
ID-VF,100000,4,0.0,0.0,uniform,CHI_1.0e-5_LS,1,1000000,0.5,210668,267112,0.5337,474.526962703,100000,34,0.0
ID-VF,100000,4,0.0,0.0,uniform,CHI_1.0e-5,1,2000000,0.5,746479,810515,0.3128,73.098528389,100000,0,0.0
ID-VF,100000,4,0.0,0.0,uniform,CHI_1.0e-5_LS,1,2000000,0.5,443703,515465,0.5475,528.893242898,100000,40,0.0
ID-VF,100000,4,0.2,0.0,uniform,CHI_1.0e-5,1,200000,0.5,29344,54861,0.5228,90.803297425,100000,0,0.0
ID-VF,100000,4,0.2,0.0,uniform,CHI_1.0e-5_LS,1,200000,0.5,29074,55350,0.519,137.095158163,100000,5,0.0
ID-VF,100000,4,0.2,0.0,uniform,CHI_1.0e-5,1,1000000,0.5,186238,239425,0.5748,76.859267656,100000,0,0.0
ID-VF,100000,4,0.2,0.0,uniform,CHI_1.0e-5_LS,1,1000000,0.5,185531,240995,0.5725,125.733030087,100000,4,0.0
ID-VF,100000,4,0.2,0.0,uniform,CHI_1.0e-5,1,2000000,0.5,395975,462239,0.5877,73.708544506,100000,0,0.0
ID-VF,100000,4,0.2,0.0,uniform,CHI_1.0e-5_LS,1,2000000,0.5,393572,463810,0.5865,147.28145581799998,100000,6,0.0
ID-VF,100000,6,0.0,0.0,uniform,CHI_1.0e-5,1,200000,0.5,79837,118268,0.16,74.958666975,100000,0,0.0
ID-VF,100000,6,0.0,0.0,uniform,CHI_1.0e-5_LS,1,200000,0.5,45386,76922,0.3879,246.457293008,100000,14,0.0
ID-VF,100000,6,0.0,0.0,uniform,CHI_1.0e-5,1,1000000,0.5,439426,505280,0.2318,81.130168686,100000,0,0.0
ID-VF,100000,6,0.0,0.0,uniform,CHI_1.0e-5_LS,1,1000000,0.5,264213,331555,0.4556,544.015811399,100000,31,0.0
ID-VF,100000,6,0.0,0.0,uniform,CHI_1.0e-5,1,2000000,0.5,815060,891656,0.2899,73.476117439,100000,0,0.0
ID-VF,100000,6,0.0,0.0,uniform,CHI_1.0e-5_LS,1,2000000,0.5,559660,648545,0.4656,824.74917338,100000,47,0.0
ID-VF,100000,6,0.2,0.0,uniform,CHI_1.0e-5,1,200000,0.5,41822,68466,0.4422,95.480109496,100000,0,0.0
ID-VF,100000,6,0.2,0.0,uniform,CHI_1.0e-5_LS,1,200000,0.5,41192,69425,0.4359,147.437498865,100000,4,0.0
ID-VF,100000,6,0.2,0.0,uniform,CHI_1.0e-5,1,1000000,0.5,389161,448922,0.2794,84.998608475,100000,0,0.0
ID-VF,100000,6,0.2,0.0,uniform,CHI_1.0e-5_LS,1,1000000,0.5,241643,306312,0.4889,500.390220975,100000,28,0.0
ID-VF,100000,6,0.2,0.0,uniform,CHI_1.0e-5,1,2000000,0.5,778224,853321,0.307,72.035691827,100000,0,0.0
ID-VF,100000,6,0.2,0.0,uniform,CHI_1.0e-5_LS,1,2000000,0.5,513441,597571,0.4987,667.625190011,100000,38,0.0
ID-VF,100000,8,0.0,0.0,uniform,CHI_1.0e-5,1,200000,0.5,86017,125282,0.1456,73.60479962,100000,0,0.0
ID-VF,100000,8,0.0,0.0,uniform,CHI_1.0e-5_LS,1,200000,0.5,51268,83646,0.3574,297.318064886,100000,15,0.0
ID-VF,100000,8,0.0,0.0,uniform,CHI_1.0e-5,1,1000000,0.5,483429,554556,0.2044,97.629003205,100000,0,0.0
ID-VF,100000,8,0.0,0.0,uniform,CHI_1.0e-5_LS,1,1000000,0.5,302422,375276,0.4079,678.949171054,100000,35,0.0
ID-VF,100000,8,0.0,0.0,uniform,CHI_1.0e-5,1,2000000,0.5,867661,951550,0.2758,76.056682967,100000,0,0.0
ID-VF,100000,8,0.0,0.0,uniform,CHI_1.0e-5_LS,1,2000000,0.5,639996,741853,0.4131,694.6745827,100000,33,0.0
ID-VF,100000,8,0.2,0.0,uniform,CHI_1.0e-5,1,200000,0.5,73895,104867,0.217,88.188681425,100000,0,0.0
ID-VF,100000,8,0.2,0.0,uniform,CHI_1.0e-5_LS,1,200000,0.5,48103,79529,0.3799,261.027706566,100000,12,0.0
ID-VF,100000,8,0.2,0.0,uniform,CHI_1.0e-5,1,1000000,0.5,407117,473443,0.2679,87.694049211,100000,0,0.0
ID-VF,100000,8,0.2,0.0,uniform,CHI_1.0e-5_LS,1,1000000,0.5,279242,350662,0.4368,588.56004088,100000,29,0.0
ID-VF,100000,8,0.2,0.0,uniform,CHI_1.0e-5,1,2000000,0.5,832859,914523,0.2859,74.850148076,100000,0,0.0
ID-VF,100000,8,0.2,0.0,uniform,CHI_1.0e-5_LS,1,2000000,0.5,594300,688130,0.4443,852.16973416,100000,41,0.0
ID-VF,100000,10,0.0,0.0,uniform,CHI_1.0e-5,1,200000,0.5,91588,133925,0.1241,76.109649281,100000,0,0.0
ID-VF,100000,10,0.0,0.0,uniform,CHI_1.0e-5_LS,1,200000,0.5,56377,90711,0.321,334.932688699,100000,16,0.0
ID-VF,100000,10,0.0,0.0,uniform,CHI_1.0e-5,1,1000000,0.5,495045,567642,0.1995,87.842266194,100000,0,0.0
ID-VF,100000,10,0.0,0.0,uniform,CHI_1.0e-5_LS,1,1000000,0.5,331209,408209,0.3737,666.76740461,100000,30,0.0
ID-VF,100000,10,0.0,0.0,uniform,CHI_1.0e-5,1,2000000,0.5,927761,1018688,0.2523,78.503215791,100000,0,0.0
ID-VF,100000,10,0.0,0.0,uniform,CHI_1.0e-5_LS,1,2000000,0.5,703641,806919,0.3791,804.6915476070001,100000,37,0.0
ID-VF,100000,10,0.2,0.0,uniform,CHI_1.0e-5,1,200000,0.5,80557,111188,0.196,91.954443369,100000,0,0.0
ID-VF,100000,10,0.2,0.0,uniform,CHI_1.0e-5_LS,1,200000,0.5,52969,85326,0.351,330.321478086,100000,14,0.0
ID-VF,100000,10,0.2,0.0,uniform,CHI_1.0e-5,1,1000000,0.5,470259,542050,0.2147,83.824830421,100000,0,0.0
ID-VF,100000,10,0.2,0.0,uniform,CHI_1.0e-5_LS,1,1000000,0.5,308241,382806,0.4015,841.296607587,100000,41,0.0
ID-VF,100000,10,0.2,0.0,uniform,CHI_1.0e-5,1,2000000,0.5,866140,950957,0.2763,75.459654285,100000,0,0.0
ID-VF,100000,10,0.2,0.0,uniform,CHI_1.0e-5_LS,1,2000000,0.5,656828,756977,0.4065,789.835027439,100000,37,0.0
ID-VF,100000,2,0.0,0.2,uniform,CHI_1.0e-5,1,200000,0.5,0,8819,1.3444,41.543993432,120000,0,0.0
ID-VF,100000,2,0.0,0.2,uniform,CHI_1.0e-5_LS,1,200000,0.5,0,8819,1.3444,45.358385841,120000,1,0.0
ID-VF,100000,2,0.0,0.2,uniform,CHI_1.0e-5,1,1000000,0.5,21328,34853,1.416,31.314367818,120000,0,0.0
ID-VF,100000,2,0.0,0.2,uniform,CHI_1.0e-5_LS,1,1000000,0.5,6514,36105,1.4135,58.952484225,120000,5,0.0
ID-VF,100000,2,0.0,0.2,uniform,CHI_1.0e-5,1,2000000,0.5,50191,65339,1.4312,31.645672943,120000,0,0.0
ID-VF,100000,2,0.0,0.2,uniform,CHI_1.0e-5_LS,1,2000000,0.5,26080,69504,1.4271,84.530164781,120000,9,0.0
ID-VF,100000,2,0.2,0.2,uniform,CHI_1.0e-5,1,200000,0.5,0,7421,1.3573,52.08070223,120000,0,0.0
ID-VF,100000,2,0.2,0.2,uniform,CHI_1.0e-5_LS,1,200000,0.5,0,7421,1.3573,55.86822444,120000,1,0.0
ID-VF,100000,2,0.2,0.2,uniform,CHI_1.0e-5,1,1000000,0.5,13258,28020,1.4294,37.165810472,120000,0,0.0
ID-VF,100000,2,0.2,0.2,uniform,CHI_1.0e-5_LS,1,1000000,0.5,3254,30527,1.4244,67.797895637,120000,6,0.0
ID-VF,100000,2,0.2,0.2,uniform,CHI_1.0e-5,1,2000000,0.5,33754,52117,1.4424,34.463608326,120000,0,0.0
ID-VF,100000,2,0.2,0.2,uniform,CHI_1.0e-5_LS,1,2000000,0.5,19541,58350,1.4362,71.713012746,120000,7,0.0
ID-VF,100000,4,0.0,0.2,uniform,CHI_1.0e-5,1,200000,0.5,8818,24130,1.6652,73.147622653,120000,0,0.0
ID-VF,100000,4,0.0,0.2,uniform,CHI_1.0e-5_LS,1,200000,0.5,1395,24855,1.66,137.22331584,120000,7,0.0
ID-VF,100000,4,0.0,0.2,uniform,CHI_1.0e-5,1,1000000,0.5,84425,106675,1.754,54.073453845,120000,0,0.0
ID-VF,100000,4,0.0,0.2,uniform,CHI_1.0e-5_LS,1,1000000,0.5,53953,115797,1.7407,152.630600292,120000,9,0.0
ID-VF,100000,4,0.0,0.2,uniform,CHI_1.0e-5,1,2000000,0.5,185399,208702,1.7623,45.003910453,120000,0,0.0
ID-VF,100000,4,0.0,0.2,uniform,CHI_1.0e-5_LS,1,2000000,0.5,139946,228545,1.7476,170.198516926,120000,11,0.0
ID-VF,100000,4,0.2,0.2,uniform,CHI_1.0e-5,1,200000,0.5,7158,22985,1.6657,73.575065471,120000,0,0.0
ID-VF,100000,4,0.2,0.2,uniform,CHI_1.0e-5_LS,1,200000,0.5,960,23780,1.6596,127.642680818,120000,6,0.0
ID-VF,100000,4,0.2,0.2,uniform,CHI_1.0e-5,1,1000000,0.5,71618,99842,1.7598,59.072163101,120000,0,0.0
ID-VF,100000,4,0.2,0.2,uniform,CHI_1.0e-5_LS,1,1000000,0.5,47489,109316,1.7449,148.114949588,120000,8,0.0
ID-VF,100000,4,0.2,0.2,uniform,CHI_1.0e-5,1,2000000,0.5,164207,191608,1.7719,53.03823831,120000,0,0.0
ID-VF,100000,4,0.2,0.2,uniform,CHI_1.0e-5_LS,1,2000000,0.5,128616,212230,1.7555,145.745829432,120000,8,0.0
ID-VF,100000,6,0.0,0.2,uniform,CHI_1.0e-5,1,200000,0.5,16510,33772,1.9444,82.754588161,120000,0,0.0
ID-VF,100000,6,0.0,0.2,uniform,CHI_1.0e-5_LS,1,200000,0.5,5542,35244,1.9365,203.441423656,120000,9,0.0
ID-VF,100000,6,0.0,0.2,uniform,CHI_1.0e-5,1,1000000,0.5,126300,153298,2.004,65.220219988,120000,0,0.0
ID-VF,100000,6,0.0,0.2,uniform,CHI_1.0e-5_LS,1,1000000,0.5,92932,166980,1.9867,217.336493344,120000,9,0.0
ID-VF,100000,6,0.0,0.2,uniform,CHI_1.0e-5,1,2000000,0.5,270114,300118,2.0167,55.523375976,120000,0,0.0
ID-VF,100000,6,0.0,0.2,uniform,CHI_1.0e-5_LS,1,2000000,0.5,223083,325150,1.9999,213.677804717,120000,10,0.0
ID-VF,100000,6,0.2,0.2,uniform,CHI_1.0e-5,1,200000,0.5,14643,32018,1.9319,78.363527702,120000,0,0.0
ID-VF,100000,6,0.2,0.2,uniform,CHI_1.0e-5_LS,1,200000,0.5,4865,33697,1.9215,198.625829094,120000,9,0.0
ID-VF,100000,6,0.2,0.2,uniform,CHI_1.0e-5,1,1000000,0.5,117269,144318,2.0214,61.377220555,120000,0,0.0
ID-VF,100000,6,0.2,0.2,uniform,CHI_1.0e-5_LS,1,1000000,0.5,86909,158589,2.0015,240.98288381,120000,11,0.0
ID-VF,100000,6,0.2,0.2,uniform,CHI_1.0e-5,1,2000000,0.5,250616,282423,2.0294,54.944276877,120000,0,0.0
ID-VF,100000,6,0.2,0.2,uniform,CHI_1.0e-5_LS,1,2000000,0.5,208980,306418,2.0127,219.778818268,120000,10,0.0
ID-VF,100000,8,0.0,0.2,uniform,CHI_1.0e-5,1,200000,0.5,22602,40516,2.1614,82.555711289,120000,0,0.0
ID-VF,100000,8,0.0,0.2,uniform,CHI_1.0e-5_LS,1,200000,0.5,9424,42533,2.1502,246.981000694,120000,10,0.0
ID-VF,100000,8,0.0,0.2,uniform,CHI_1.0e-5,1,1000000,0.5,155784,187326,2.2278,67.53650159,120000,0,0.0
ID-VF,100000,8,0.0,0.2,uniform,CHI_1.0e-5_LS,1,1000000,0.5,121453,203151,2.2093,230.56726529600002,120000,9,0.0
ID-VF,100000,8,0.0,0.2,uniform,CHI_1.0e-5,1,2000000,0.5,338670,367410,2.239,57.760046368,120000,0,0.0
ID-VF,100000,8,0.0,0.2,uniform,CHI_1.0e-5_LS,1,2000000,0.5,284945,390633,2.2252,285.28785911299997,120000,12,0.0
ID-VF,100000,8,0.2,0.2,uniform,CHI_1.0e-5,1,200000,0.5,19855,38930,2.1674,78.531353476,120000,0,0.0
ID-VF,100000,8,0.2,0.2,uniform,CHI_1.0e-5_LS,1,200000,0.5,8415,41135,2.154,232.92179016199998,120000,9,0.0
ID-VF,100000,8,0.2,0.2,uniform,CHI_1.0e-5,1,1000000,0.5,148490,177053,2.2417,66.056187236,120000,0,0.0
ID-VF,100000,8,0.2,0.2,uniform,CHI_1.0e-5_LS,1,1000000,0.5,115475,193685,2.2209,269.389965431,120000,10,0.0
ID-VF,100000,8,0.2,0.2,uniform,CHI_1.0e-5,1,2000000,0.5,315579,346735,2.2538,56.90321751,120000,0,0.0
ID-VF,100000,8,0.2,0.2,uniform,CHI_1.0e-5_LS,1,2000000,0.5,268227,369094,2.24,239.877002258,120000,10,0.0
ID-VF,100000,10,0.0,0.2,uniform,CHI_1.0e-5,1,200000,0.5,25520,45815,2.3839,79.5397656,120000,0,0.0
ID-VF,100000,10,0.0,0.2,uniform,CHI_1.0e-5_LS,1,200000,0.5,13012,47876,2.3734,252.58275945999998,120000,9,0.0
ID-VF,100000,10,0.0,0.2,uniform,CHI_1.0e-5,1,1000000,0.5,179051,211762,2.4379,67.673002041,120000,0,0.0
ID-VF,100000,10,0.0,0.2,uniform,CHI_1.0e-5_LS,1,1000000,0.5,144839,227735,2.4206,304.37824412,120000,11,0.0
ID-VF,100000,10,0.0,0.2,uniform,CHI_1.0e-5,1,2000000,0.5,402738,434167,2.4386,57.699908145,120000,0,0.0
ID-VF,100000,10,0.0,0.2,uniform,CHI_1.0e-5_LS,1,2000000,0.5,332687,445779,2.4328,313.641717658,120000,13,0.0
ID-VF,100000,10,0.2,0.2,uniform,CHI_1.0e-5,1,200000,0.5,24267,44053,2.3758,83.399004946,120000,0,0.0
ID-VF,100000,10,0.2,0.2,uniform,CHI_1.0e-5_LS,1,200000,0.5,11785,46723,2.3608,243.502028509,120000,9,0.0
ID-VF,100000,10,0.2,0.2,uniform,CHI_1.0e-5,1,1000000,0.5,168505,202900,2.4439,67.989337956,120000,0,0.0
ID-VF,100000,10,0.2,0.2,uniform,CHI_1.0e-5_LS,1,1000000,0.5,137218,219068,2.4252,269.262986484,120000,10,0.0
ID-VF,100000,10,0.2,0.2,uniform,CHI_1.0e-5,1,2000000,0.5,366040,397817,2.454,57.924069761,120000,0,0.0
ID-VF,100000,10,0.2,0.2,uniform,CHI_1.0e-5_LS,1,2000000,0.5,315601,418879,2.442,283.388433755,120000,11,0.0
ID-VF,100000,2,0.0,0.2,frequency,CHI_1.0e-5,1,200000,0.5,54034,52962,0.4883,99.372052932,123447,0,0.0
ID-VF,100000,2,0.0,0.2,frequency,CHI_1.0e-5,1,1000000,0.5,272477,262125,0.4953,255.017822278,137007,0,0.0
ID-VF,100000,2,0.0,0.2,frequency,CHI_1.0e-5,1,2000000,0.5,538597,523804,0.4965,358.296070828,139718,0,0.0
ID-VF,100000,2,0.2,0.2,frequency,CHI_1.0e-5,1,200000,0.5,47599,48202,0.5366,95.544029538,123260,0,0.0
ID-VF,100000,2,0.2,0.2,frequency,CHI_1.0e-5,1,1000000,0.5,248201,239759,0.5404,219.785245376,137269,0,0.0
ID-VF,100000,2,0.2,0.2,frequency,CHI_1.0e-5,1,2000000,0.5,492386,477950,0.5425,348.190629286,139227,0,0.0
ID-VF,100000,4,0.0,0.2,frequency,CHI_1.0e-5,1,200000,0.5,111531,113327,0.1874,96.657054167,134268,0,0.0
ID-VF,100000,4,0.0,0.2,frequency,CHI_1.0e-5,1,1000000,0.5,565832,560767,0.1961,224.617413779,160011,0,0.0
ID-VF,100000,4,0.0,0.2,frequency,CHI_1.0e-5,1,2000000,0.5,1132665,1120077,0.1973,362.838362935,165308,0,0.0
ID-VF,100000,4,0.2,0.2,frequency,CHI_1.0e-5,1,200000,0.5,107697,111401,0.196,104.772474073,134569,0,0.0
ID-VF,100000,4,0.2,0.2,frequency,CHI_1.0e-5,1,1000000,0.5,558301,553451,0.2017,205.625238939,160461,0,0.0
ID-VF,100000,4,0.2,0.2,frequency,CHI_1.0e-5,1,2000000,0.5,1115255,1103707,0.2036,380.666731692,166276,0,0.0
ID-VF,100000,6,0.0,0.2,frequency,CHI_1.0e-5,1,200000,0.5,134779,138200,0.1186,99.289760629,144273,0,0.0
ID-VF,100000,6,0.0,0.2,frequency,CHI_1.0e-5,1,1000000,0.5,692374,687655,0.1228,216.298553772,173436,0,0.0
ID-VF,100000,6,0.0,0.2,frequency,CHI_1.0e-5,1,2000000,0.5,1384599,1376852,0.1216,357.343009406,172783,0,0.0
ID-VF,100000,6,0.2,0.2,frequency,CHI_1.0e-5,1,200000,0.5,131894,137066,0.121,99.649192204,144250,0,0.0
ID-VF,100000,6,0.2,0.2,frequency,CHI_1.0e-5,1,1000000,0.5,684720,681735,0.1263,221.318007151,172766,0,0.0
ID-VF,100000,6,0.2,0.2,frequency,CHI_1.0e-5,1,2000000,0.5,1370327,1366850,0.1242,365.851527876,171680,0,0.0
ID-VF,100000,8,0.0,0.2,frequency,CHI_1.0e-5,1,200000,0.5,148921,152583,0.0838,104.535748386,141195,0,0.0
ID-VF,100000,8,0.0,0.2,frequency,CHI_1.0e-5,1,1000000,0.5,760416,757709,0.0905,224.391942944,181276,0,0.0
ID-VF,100000,8,0.0,0.2,frequency,CHI_1.0e-5,1,2000000,0.5,1523984,1519589,0.0884,379.320931319,183311,0,0.0
ID-VF,100000,8,0.2,0.2,frequency,CHI_1.0e-5,1,200000,0.5,140452,151677,0.0857,88.837796623,141489,0,0.0
ID-VF,100000,8,0.2,0.2,frequency,CHI_1.0e-5,1,1000000,0.5,755822,753336,0.0903,228.366666548,181854,0,0.0
ID-VF,100000,8,0.2,0.2,frequency,CHI_1.0e-5,1,2000000,0.5,1513870,1508888,0.0909,367.263341039,184304,0,0.0
ID-VF,100000,10,0.0,0.2,frequency,CHI_1.0e-5,1,200000,0.5,157585,161250,0.0663,101.464307044,141438,0,0.0
ID-VF,100000,10,0.0,0.2,frequency,CHI_1.0e-5,1,1000000,0.5,806285,800934,0.0719,236.910433002,191794,0,0.0
ID-VF,100000,10,0.0,0.2,frequency,CHI_1.0e-5,1,2000000,0.5,1612533,1606642,0.0699,354.679639341,191242,0,0.0
ID-VF,100000,10,0.2,0.2,frequency,CHI_1.0e-5,1,200000,0.5,150660,160466,0.0689,93.927141428,141617,0,0.0
ID-VF,100000,10,0.2,0.2,frequency,CHI_1.0e-5,1,1000000,0.5,797389,798190,0.0726,235.514220076,191646,0,0.0
ID-VF,100000,10,0.2,0.2,frequency,CHI_1.0e-5,1,2000000,0.5,1603069,1599727,0.0715,348.301041294,190478,0,0.0
ID-VF,100000,2,0.0,0.2,random,CHI_1.0e-5,1,200000,0.5,108,7226,1.4112,98.621747026,126430,0,0.0
ID-VF,100000,2,0.0,0.2,random,CHI_1.0e-5,1,1000000,0.5,16452,26039,1.482,237.68065338,130554,0,0.0
ID-VF,100000,2,0.0,0.2,random,CHI_1.0e-5,1,2000000,0.5,37537,47900,1.4966,358.035330357,131202,0,0.0
ID-VF,100000,2,0.2,0.2,random,CHI_1.0e-5,1,200000,0.5,0,6372,1.418,92.337341887,126534,0,0.0
ID-VF,100000,2,0.2,0.2,random,CHI_1.0e-5,1,1000000,0.5,9638,20195,1.4939,203.727216145,130446,0,0.0
ID-VF,100000,2,0.2,0.2,random,CHI_1.0e-5,1,2000000,0.5,24468,36278,1.5067,384.764707551,131124,0,0.0
ID-VF,100000,4,0.0,0.2,random,CHI_1.0e-5,1,200000,0.5,9749,20866,1.7845,92.716956544,135100,0,0.0
ID-VF,100000,4,0.0,0.2,random,CHI_1.0e-5,1,1000000,0.5,75150,89476,1.8684,211.234124984,134722,0,0.0
ID-VF,100000,4,0.0,0.2,random,CHI_1.0e-5,1,2000000,0.5,157104,172645,1.8866,357.948481121,135264,0,0.0
ID-VF,100000,4,0.2,0.2,random,CHI_1.0e-5,1,200000,0.5,7175,19795,1.7917,98.035266831,135371,0,0.0
ID-VF,100000,4,0.2,0.2,random,CHI_1.0e-5,1,1000000,0.5,63928,81277,1.8789,208.667686093,135796,0,0.0
ID-VF,100000,4,0.2,0.2,random,CHI_1.0e-5,1,2000000,0.5,138263,155977,1.8886,355.365561993,134926,0,0.0
ID-VF,100000,6,0.0,0.2,random,CHI_1.0e-5,1,200000,0.5,18653,29808,2.0819,97.315893,136245,0,0.0
ID-VF,100000,6,0.0,0.2,random,CHI_1.0e-5,1,1000000,0.5,118877,132032,2.1597,212.654170967,135587,0,0.0
ID-VF,100000,6,0.0,0.2,random,CHI_1.0e-5,1,2000000,0.5,242390,257419,2.179,372.36921483,135286,0,0.0
ID-VF,100000,6,0.2,0.2,random,CHI_1.0e-5,1,200000,0.5,15748,28202,2.0718,100.892241809,135800,0,0.0
ID-VF,100000,6,0.2,0.2,random,CHI_1.0e-5,1,1000000,0.5,107477,122748,2.1719,214.22767968,135753,0,0.0
ID-VF,100000,6,0.2,0.2,random,CHI_1.0e-5,1,2000000,0.5,221790,239708,2.1849,361.830033594,135284,0,0.0
ID-VF,100000,8,0.0,0.2,random,CHI_1.0e-5,1,200000,0.5,25497,36144,2.3129,102.192579841,137242,0,0.0
ID-VF,100000,8,0.0,0.2,random,CHI_1.0e-5,1,1000000,0.5,151323,165562,2.4009,220.026789693,134647,0,0.0
ID-VF,100000,8,0.0,0.2,random,CHI_1.0e-5,1,2000000,0.5,310796,324222,2.4164,375.331867904,134583,0,0.0
ID-VF,100000,8,0.2,0.2,random,CHI_1.0e-5,1,200000,0.5,22473,34723,2.3319,98.344837461,137369,0,0.0
ID-VF,100000,8,0.2,0.2,random,CHI_1.0e-5,1,1000000,0.5,139579,154293,2.4256,211.887225307,135349,0,0.0
ID-VF,100000,8,0.2,0.2,random,CHI_1.0e-5,1,2000000,0.5,285998,299698,2.4468,356.377460432,135134,0,0.0
ID-VF,100000,10,0.0,0.2,random,CHI_1.0e-5,1,200000,0.5,31220,40786,2.55,104.047102344,138277,0,0.0
ID-VF,100000,10,0.0,0.2,random,CHI_1.0e-5,1,1000000,0.5,177439,188791,2.6388,222.632945363,135056,0,0.0
ID-VF,100000,10,0.0,0.2,random,CHI_1.0e-5,1,2000000,0.5,362703,373095,2.6467,340.185353477,133703,0,0.0
ID-VF,100000,10,0.2,0.2,random,CHI_1.0e-5,1,200000,0.5,28414,39489,2.5493,106.428457864,138354,0,0.0
ID-VF,100000,10,0.2,0.2,random,CHI_1.0e-5,1,1000000,0.5,165143,178741,2.6563,228.571483082,134828,0,0.0
ID-VF,100000,10,0.2,0.2,random,CHI_1.0e-5,1,2000000,0.5,339181,351366,2.6584,355.538502968,134611,0,0.0
HD-SF,100000,2,0.0,0.0,uniform,CHI_1.0e-5,1,200000,0.5,32952,54561,0.4544,52.773535608,100000,0,0.0
HD-SF,100000,2,0.0,0.0,uniform,CHI_1.0e-5_LS,1,200000,0.5,27983,53640,0.4636,108.216830583,100000,8,0.0
HD-SF,100000,2,0.0,0.0,uniform,CHI_1.0e-5,1,1000000,0.5,112455,122554,0.7549,44.983689764,100000,0,0.0
HD-SF,100000,2,0.0,0.0,uniform,CHI_1.0e-5_LS,1,1000000,0.5,95674,103745,0.7925,195.67147163700002,100000,21,0.0
HD-SF,100000,2,0.0,0.0,uniform,CHI_1.0e-5,1,2000000,0.5,205792,219848,0.7802,42.858416879,100000,0,0.0
HD-SF,100000,2,0.0,0.0,uniform,CHI_1.0e-5_LS,1,2000000,0.5,181784,200985,0.799,206.550965469,100000,22,0.0
HD-SF,100000,2,0.2,0.0,uniform,CHI_1.0e-5,1,200000,0.5,30891,57224,0.4278,58.373692772,100000,0,0.0
HD-SF,100000,2,0.2,0.0,uniform,CHI_1.0e-5_LS,1,200000,0.5,27239,57232,0.4277,121.296837294,100000,10,0.0
HD-SF,100000,2,0.2,0.0,uniform,CHI_1.0e-5,1,1000000,0.5,108206,120958,0.7581,51.869726049,100000,0,0.0
HD-SF,100000,2,0.2,0.0,uniform,CHI_1.0e-5_LS,1,1000000,0.5,88911,102623,0.7948,251.137708234,100000,29,0.0
HD-SF,100000,2,0.2,0.0,uniform,CHI_1.0e-5,1,2000000,0.5,202046,218290,0.7817,46.906986466,100000,0,0.0
HD-SF,100000,2,0.2,0.0,uniform,CHI_1.0e-5_LS,1,2000000,0.5,180284,201252,0.7987,317.052055738,100000,40,0.0
HD-SF,100000,4,0.0,0.0,uniform,CHI_1.0e-5,1,200000,0.5,39444,73323,0.3746,58.470520868,100000,0,0.0
HD-SF,100000,4,0.0,0.0,uniform,CHI_1.0e-5_LS,1,200000,0.5,32180,67106,0.4133,377.437821568,100000,27,0.0
HD-SF,100000,4,0.0,0.0,uniform,CHI_1.0e-5,1,1000000,0.5,184783,199882,0.6411,68.855231103,100000,0,0.0
HD-SF,100000,4,0.0,0.0,uniform,CHI_1.0e-5_LS,1,1000000,0.5,141811,159020,0.7125,810.649648842,100000,62,0.0
HD-SF,100000,4,0.0,0.0,uniform,CHI_1.0e-5,1,2000000,0.5,342437,363177,0.6731,62.336890566,100000,0,0.0
HD-SF,100000,4,0.0,0.0,uniform,CHI_1.0e-5_LS,1,2000000,0.5,293027,318372,0.7127,848.2607018690001,100000,62,0.0
HD-SF,100000,4,0.2,0.0,uniform,CHI_1.0e-5,1,200000,0.5,38349,75129,0.3692,74.526852859,100000,0,0.0
HD-SF,100000,4,0.2,0.0,uniform,CHI_1.0e-5_LS,1,200000,0.5,32173,69556,0.4066,321.642279583,100000,21,0.0
HD-SF,100000,4,0.2,0.0,uniform,CHI_1.0e-5,1,1000000,0.5,179477,196746,0.6478,72.509231708,100000,0,0.0
HD-SF,100000,4,0.2,0.0,uniform,CHI_1.0e-5_LS,1,1000000,0.5,148563,163883,0.7035,758.672116019,100000,57,0.0
HD-SF,100000,4,0.2,0.0,uniform,CHI_1.0e-5,1,2000000,0.5,347846,371559,0.6672,65.349511721,100000,0,0.0
HD-SF,100000,4,0.2,0.0,uniform,CHI_1.0e-5_LS,1,2000000,0.5,290806,319731,0.7124,976.7029836219999,100000,73,0.0
HD-SF,100000,6,0.0,0.0,uniform,CHI_1.0e-5,1,200000,0.5,42926,81153,0.3448,67.15166001,100000,0,0.0
HD-SF,100000,6,0.0,0.0,uniform,CHI_1.0e-5_LS,1,200000,0.5,36444,76107,0.3734,450.118249499,100000,24,0.0
HD-SF,100000,6,0.0,0.0,uniform,CHI_1.0e-5,1,1000000,0.5,225005,244017,0.5839,77.571837284,100000,0,0.0
HD-SF,100000,6,0.0,0.0,uniform,CHI_1.0e-5_LS,1,1000000,0.5,174991,193052,0.6605,1153.826898284,100000,66,0.0
HD-SF,100000,6,0.0,0.0,uniform,CHI_1.0e-5,1,2000000,0.5,426792,452099,0.6062,71.086869378,100000,0,0.0
HD-SF,100000,6,0.0,0.0,uniform,CHI_1.0e-5_LS,1,2000000,0.5,348338,371337,0.6738,1369.5090805080001,100000,79,0.0
HD-SF,100000,6,0.2,0.0,uniform,CHI_1.0e-5,1,200000,0.5,42096,81333,0.3482,70.447419897,100000,0,0.0
HD-SF,100000,6,0.2,0.0,uniform,CHI_1.0e-5_LS,1,200000,0.5,34880,74386,0.3896,416.963628485,100000,22,0.0
HD-SF,100000,6,0.2,0.0,uniform,CHI_1.0e-5,1,1000000,0.5,222654,242193,0.5874,78.695905881,100000,0,0.0
HD-SF,100000,6,0.2,0.0,uniform,CHI_1.0e-5_LS,1,1000000,0.5,167404,182474,0.6809,1012.794708654,100000,57,0.0
HD-SF,100000,6,0.2,0.0,uniform,CHI_1.0e-5,1,2000000,0.5,402779,428390,0.6288,71.975309116,100000,0,0.0
HD-SF,100000,6,0.2,0.0,uniform,CHI_1.0e-5_LS,1,2000000,0.5,334567,362038,0.6848,1219.154909115,100000,71,0.0
HD-SF,100000,8,0.0,0.0,uniform,CHI_1.0e-5,1,200000,0.5,43688,84421,0.3381,60.914853596,100000,0,0.0
HD-SF,100000,8,0.0,0.0,uniform,CHI_1.0e-5_LS,1,200000,0.5,35307,75165,0.391,560.194886043,100000,27,0.0
HD-SF,100000,8,0.0,0.0,uniform,CHI_1.0e-5,1,1000000,0.5,233304,251576,0.5758,77.576811792,100000,0,0.0
HD-SF,100000,8,0.0,0.0,uniform,CHI_1.0e-5_LS,1,1000000,0.5,174398,190914,0.6718,1554.495574889,100000,75,0.0
HD-SF,100000,8,0.0,0.0,uniform,CHI_1.0e-5,1,2000000,0.5,456686,480087,0.5938,74.898699661,100000,0,0.0
HD-SF,100000,8,0.0,0.0,uniform,CHI_1.0e-5_LS,1,2000000,0.5,361338,391581,0.6647,1782.1371362979999,100000,85,0.0
HD-SF,100000,8,0.2,0.0,uniform,CHI_1.0e-5,1,200000,0.5,44668,86575,0.3282,65.043633806,100000,0,0.0
HD-SF,100000,8,0.2,0.0,uniform,CHI_1.0e-5_LS,1,200000,0.5,37826,81366,0.3552,702.700510924,100000,31,0.0
HD-SF,100000,8,0.2,0.0,uniform,CHI_1.0e-5,1,1000000,0.5,245168,272332,0.5442,78.577231108,100000,0,0.0
HD-SF,100000,8,0.2,0.0,uniform,CHI_1.0e-5_LS,1,1000000,0.5,179371,200394,0.6571,1203.0603502380002,100000,58,0.0
HD-SF,100000,8,0.2,0.0,uniform,CHI_1.0e-5,1,2000000,0.5,454406,482748,0.5911,75.289103412,100000,0,0.0
HD-SF,100000,8,0.2,0.0,uniform,CHI_1.0e-5_LS,1,2000000,0.5,368026,402072,0.6561,1489.045784151,100000,71,0.0
HD-SF,100000,10,0.0,0.0,uniform,CHI_1.0e-5,1,200000,0.5,47260,89324,0.3197,61.178936315,100000,0,0.0
HD-SF,100000,10,0.0,0.0,uniform,CHI_1.0e-5_LS,1,200000,0.5,39993,83723,0.348,558.5486607180001,100000,25,0.0
HD-SF,100000,10,0.0,0.0,uniform,CHI_1.0e-5,1,1000000,0.5,250694,274756,0.544,76.643465164,100000,0,0.0
HD-SF,100000,10,0.0,0.0,uniform,CHI_1.0e-5_LS,1,1000000,0.5,190332,218764,0.6302,1624.889982025,100000,74,0.0
HD-SF,100000,10,0.0,0.0,uniform,CHI_1.0e-5,1,2000000,0.5,518981,550927,0.5419,78.047610452,100000,0,0.0
HD-SF,100000,10,0.0,0.0,uniform,CHI_1.0e-5_LS,1,2000000,0.5,383750,416923,0.6468,1980.507917307,100000,85,0.0
HD-SF,100000,10,0.2,0.0,uniform,CHI_1.0e-5,1,200000,0.5,45117,87769,0.329,60.1584772,100000,0,0.0
HD-SF,100000,10,0.2,0.0,uniform,CHI_1.0e-5_LS,1,200000,0.5,38561,82374,0.3597,592.4353887049999,100000,23,0.0
HD-SF,100000,10,0.2,0.0,uniform,CHI_1.0e-5,1,1000000,0.5,233449,257480,0.5711,78.353651954,100000,0,0.0
HD-SF,100000,10,0.2,0.0,uniform,CHI_1.0e-5_LS,1,1000000,0.5,183834,205451,0.6525,1439.2124012630002,100000,60,0.0
HD-SF,100000,10,0.2,0.0,uniform,CHI_1.0e-5,1,2000000,0.5,471677,502361,0.5806,77.182721699,100000,0,0.0
HD-SF,100000,10,0.2,0.0,uniform,CHI_1.0e-5_LS,1,2000000,0.5,373190,402382,0.6599,2248.311708713,100000,100,0.0
HD-SF,100000,2,0.0,0.2,uniform,CHI_1.0e-5,1,200000,0.5,21215,47952,0.5489,35.759110883,120000,0,0.0
HD-SF,100000,2,0.0,0.2,uniform,CHI_1.0e-5_LS,1,200000,0.5,11405,48024,0.5482,91.10529234699999,120000,9,0.0
HD-SF,100000,2,0.0,0.2,uniform,CHI_1.0e-5,1,1000000,0.5,121946,151909,0.7278,25.521425495,120000,0,0.0
HD-SF,100000,2,0.0,0.2,uniform,CHI_1.0e-5_LS,1,1000000,0.5,65891,82637,0.8663,234.28045512399999,120000,33,0.0
HD-SF,100000,2,0.0,0.2,uniform,CHI_1.0e-5,1,2000000,0.5,185207,200657,0.8333,25.841796738,120000,0,0.0
HD-SF,100000,2,0.0,0.2,uniform,CHI_1.0e-5_LS,1,2000000,0.5,167882,181383,0.8526,186.184259346,120000,27,0.0
HD-SF,100000,2,0.2,0.2,uniform,CHI_1.0e-5,1,200000,0.5,13777,40779,0.6204,44.60169837,120000,0,0.0
HD-SF,100000,2,0.2,0.2,uniform,CHI_1.0e-5_LS,1,200000,0.5,8131,41512,0.6131,98.202317007,120000,9,0.0
HD-SF,100000,2,0.2,0.2,uniform,CHI_1.0e-5,1,1000000,0.5,118357,149861,0.7322,35.224734901,120000,0,0.0
HD-SF,100000,2,0.2,0.2,uniform,CHI_1.0e-5_LS,1,1000000,0.5,67728,87937,0.856,262.669900483,120000,37,0.0
HD-SF,100000,2,0.2,0.2,uniform,CHI_1.0e-5,1,2000000,0.5,192378,208068,0.8263,32.13629087,120000,0,0.0
HD-SF,100000,2,0.2,0.2,uniform,CHI_1.0e-5_LS,1,2000000,0.5,164297,180004,0.8544,275.530259901,120000,40,0.0
HD-SF,100000,4,0.0,0.2,uniform,CHI_1.0e-5,1,200000,0.5,50464,99665,0.2526,68.165508508,120000,0,0.0
HD-SF,100000,4,0.0,0.2,uniform,CHI_1.0e-5_LS,1,200000,0.5,32931,86081,0.3199,375.303885627,120000,22,0.0
HD-SF,100000,4,0.0,0.2,uniform,CHI_1.0e-5,1,1000000,0.5,168918,183263,0.6755,45.379172068,120000,0,0.0
HD-SF,100000,4,0.0,0.2,uniform,CHI_1.0e-5_LS,1,1000000,0.5,144299,157206,0.7217,780.8909625279999,120000,51,0.0
HD-SF,100000,4,0.0,0.2,uniform,CHI_1.0e-5,1,2000000,0.5,323881,334159,0.7052,42.886109901,120000,0,0.0
HD-SF,100000,4,0.0,0.2,uniform,CHI_1.0e-5_LS,1,2000000,0.5,299843,318771,0.7177,592.6001657009999,120000,40,0.0
HD-SF,100000,4,0.2,0.2,uniform,CHI_1.0e-5,1,200000,0.5,47483,98529,0.258,92.802722215,120000,0,0.0
HD-SF,100000,4,0.2,0.2,uniform,CHI_1.0e-5_LS,1,200000,0.5,33996,88485,0.3127,372.492260428,120000,18,0.0
HD-SF,100000,4,0.2,0.2,uniform,CHI_1.0e-5,1,1000000,0.5,164503,182190,0.6806,47.704619158,120000,0,0.0
HD-SF,100000,4,0.2,0.2,uniform,CHI_1.0e-5_LS,1,1000000,0.5,146574,165744,0.7083,613.247007105,120000,40,0.0
HD-SF,100000,4,0.2,0.2,uniform,CHI_1.0e-5,1,2000000,0.5,317097,330532,0.7109,45.672556475,120000,0,0.0
HD-SF,100000,4,0.2,0.2,uniform,CHI_1.0e-5_LS,1,2000000,0.5,296210,313713,0.7254,546.310301367,120000,36,0.0
HD-SF,100000,6,0.0,0.2,uniform,CHI_1.0e-5,1,200000,0.5,57293,110950,0.2074,78.645707807,120000,0,0.0
HD-SF,100000,6,0.0,0.2,uniform,CHI_1.0e-5_LS,1,200000,0.5,39534,94285,0.2824,502.87566925600004,120000,22,0.0
HD-SF,100000,6,0.0,0.2,uniform,CHI_1.0e-5,1,1000000,0.5,200680,216437,0.6274,68.102885545,120000,0,0.0
HD-SF,100000,6,0.0,0.2,uniform,CHI_1.0e-5_LS,1,1000000,0.5,169870,192321,0.6667,1156.65111759,120000,56,0.0
HD-SF,100000,6,0.0,0.2,uniform,CHI_1.0e-5,1,2000000,0.5,372365,385185,0.6681,60.609279552,120000,0,0.0
HD-SF,100000,6,0.0,0.2,uniform,CHI_1.0e-5_LS,1,2000000,0.5,344938,368460,0.6811,1126.262791443,120000,51,0.0
HD-SF,100000,6,0.2,0.2,uniform,CHI_1.0e-5,1,200000,0.5,55533,112140,0.2054,81.760589856,120000,0,0.0
HD-SF,100000,6,0.2,0.2,uniform,CHI_1.0e-5_LS,1,200000,0.5,38870,94891,0.2867,504.188953438,120000,24,0.0
HD-SF,100000,6,0.2,0.2,uniform,CHI_1.0e-5,1,1000000,0.5,201911,221555,0.6231,55.745956518,120000,0,0.0
HD-SF,100000,6,0.2,0.2,uniform,CHI_1.0e-5_LS,1,1000000,0.5,172546,200958,0.6551,1101.116339761,120000,49,0.0
HD-SF,100000,6,0.2,0.2,uniform,CHI_1.0e-5,1,2000000,0.5,368217,384744,0.6706,54.246778481,120000,0,0.0
HD-SF,100000,6,0.2,0.2,uniform,CHI_1.0e-5_LS,1,2000000,0.5,332255,351980,0.6983,766.203374911,120000,40,0.0
HD-SF,100000,8,0.0,0.2,uniform,CHI_1.0e-5,1,200000,0.5,59601,115720,0.1938,80.454709649,120000,0,0.0
HD-SF,100000,8,0.0,0.2,uniform,CHI_1.0e-5_LS,1,200000,0.5,44450,101789,0.2551,534.295071699,120000,21,0.0
HD-SF,100000,8,0.0,0.2,uniform,CHI_1.0e-5,1,1000000,0.5,217990,236642,0.6014,65.167723424,120000,0,0.0
HD-SF,100000,8,0.0,0.2,uniform,CHI_1.0e-5_LS,1,1000000,0.5,174487,196666,0.6651,1148.9458832530001,120000,50,0.0
HD-SF,100000,8,0.0,0.2,uniform,CHI_1.0e-5,1,2000000,0.5,398303,416775,0.6459,55.264619156,120000,0,0.0
HD-SF,100000,8,0.0,0.2,uniform,CHI_1.0e-5_LS,1,2000000,0.5,354542,375778,0.68,1256.7601423899998,120000,56,0.0
HD-SF,100000,8,0.2,0.2,uniform,CHI_1.0e-5,1,200000,0.5,57895,114731,0.2016,79.326649015,120000,0,0.0
HD-SF,100000,8,0.2,0.2,uniform,CHI_1.0e-5_LS,1,200000,0.5,42386,98918,0.2738,682.766617389,120000,28,0.0
HD-SF,100000,8,0.2,0.2,uniform,CHI_1.0e-5,1,1000000,0.5,220926,243322,0.5931,64.10328076,120000,0,0.0
HD-SF,100000,8,0.2,0.2,uniform,CHI_1.0e-5_LS,1,1000000,0.5,182264,210243,0.643,1303.082044643,120000,57,0.0
HD-SF,100000,8,0.2,0.2,uniform,CHI_1.0e-5,1,2000000,0.5,417272,438580,0.6296,54.710013057,120000,0,0.0
HD-SF,100000,8,0.2,0.2,uniform,CHI_1.0e-5_LS,1,2000000,0.5,375413,412422,0.6509,1134.373375306,120000,51,0.0
HD-SF,100000,10,0.0,0.2,uniform,CHI_1.0e-5,1,200000,0.5,59685,116649,0.1986,73.096823142,120000,0,0.0
HD-SF,100000,10,0.0,0.2,uniform,CHI_1.0e-5_LS,1,200000,0.5,43632,99237,0.272,735.620790241,120000,30,0.0
HD-SF,100000,10,0.0,0.2,uniform,CHI_1.0e-5,1,1000000,0.5,230161,253784,0.5786,68.600190911,120000,0,0.0
HD-SF,100000,10,0.0,0.2,uniform,CHI_1.0e-5_LS,1,1000000,0.5,189884,219080,0.6306,1094.0582768959998,120000,46,0.0
HD-SF,100000,10,0.0,0.2,uniform,CHI_1.0e-5,1,2000000,0.5,461267,482397,0.5962,62.793879449,120000,0,0.0
HD-SF,100000,10,0.0,0.2,uniform,CHI_1.0e-5_LS,1,2000000,0.5,369696,400947,0.6627,2150.5731139870004,120000,91,0.0
HD-SF,100000,10,0.2,0.2,uniform,CHI_1.0e-5,1,200000,0.5,58493,115229,0.2047,73.069021027,120000,0,0.0
HD-SF,100000,10,0.2,0.2,uniform,CHI_1.0e-5_LS,1,200000,0.5,40804,94345,0.299,919.541709684,120000,37,0.0
HD-SF,100000,10,0.2,0.2,uniform,CHI_1.0e-5,1,1000000,0.5,243958,269129,0.5608,67.085603929,120000,0,0.0
HD-SF,100000,10,0.2,0.2,uniform,CHI_1.0e-5_LS,1,1000000,0.5,194990,227893,0.6194,1037.761737325,120000,48,0.0
HD-SF,100000,10,0.2,0.2,uniform,CHI_1.0e-5,1,2000000,0.5,445122,470265,0.6129,56.932987555,120000,0,0.0
HD-SF,100000,10,0.2,0.2,uniform,CHI_1.0e-5_LS,1,2000000,0.5,388757,418388,0.649,1466.051346361,120000,69,0.0
HD-SF,100000,2,0.0,0.2,frequency,CHI_1.0e-5,1,200000,0.5,28133,55643,0.4505,79.243802765,109936,0,0.0
HD-SF,100000,2,0.0,0.2,frequency,CHI_1.0e-5,1,1000000,0.5,87852,107407,0.7974,189.292350543,112632,0,0.0
HD-SF,100000,2,0.0,0.2,frequency,CHI_1.0e-5,1,2000000,0.5,165121,188230,0.827,292.032817266,113418,0,0.0
HD-SF,100000,2,0.2,0.2,frequency,CHI_1.0e-5,1,200000,0.5,25480,54068,0.4661,87.11597318,109884,0,0.0
HD-SF,100000,2,0.2,0.2,frequency,CHI_1.0e-5,1,1000000,0.5,80593,98881,0.8144,171.965288167,112633,0,0.0
HD-SF,100000,2,0.2,0.2,frequency,CHI_1.0e-5,1,2000000,0.5,141730,158178,0.8572,321.309484269,113401,0,0.0
HD-SF,100000,4,0.0,0.2,frequency,CHI_1.0e-5,1,200000,0.5,42311,83188,0.3204,95.170982823,108433,0,0.0
HD-SF,100000,4,0.0,0.2,frequency,CHI_1.0e-5,1,1000000,0.5,159714,189083,0.6642,192.99613091,111338,0,0.0
HD-SF,100000,4,0.0,0.2,frequency,CHI_1.0e-5,1,2000000,0.5,308475,343570,0.6945,325.174806188,112278,0,0.0
HD-SF,100000,4,0.2,0.2,frequency,CHI_1.0e-5,1,200000,0.5,41089,81952,0.3283,105.055852548,108406,0,0.0
HD-SF,100000,4,0.2,0.2,frequency,CHI_1.0e-5,1,1000000,0.5,165795,196353,0.6519,184.908811015,111343,0,0.0
HD-SF,100000,4,0.2,0.2,frequency,CHI_1.0e-5,1,2000000,0.5,301868,333705,0.701,330.289995269,112233,0,0.0
HD-SF,100000,6,0.0,0.2,frequency,CHI_1.0e-5,1,200000,0.5,44325,88184,0.3117,91.879832831,107974,0,0.0
HD-SF,100000,6,0.0,0.2,frequency,CHI_1.0e-5,1,1000000,0.5,192892,226571,0.6115,191.805976366,110868,0,0.0
HD-SF,100000,6,0.0,0.2,frequency,CHI_1.0e-5,1,2000000,0.5,367428,404890,0.6508,325.769373165,111924,0,0.0
HD-SF,100000,6,0.2,0.2,frequency,CHI_1.0e-5,1,200000,0.5,41546,85059,0.329,91.846665766,107836,0,0.0
HD-SF,100000,6,0.2,0.2,frequency,CHI_1.0e-5,1,1000000,0.5,181081,212476,0.635,204.542023614,110921,0,0.0
HD-SF,100000,6,0.2,0.2,frequency,CHI_1.0e-5,1,2000000,0.5,361141,398388,0.6592,322.347376445,111900,0,0.0
HD-SF,100000,8,0.0,0.2,frequency,CHI_1.0e-5,1,200000,0.5,44043,87626,0.3233,93.538331327,107650,0,0.0
HD-SF,100000,8,0.0,0.2,frequency,CHI_1.0e-5,1,1000000,0.5,223519,264298,0.5583,203.377479796,110691,0,0.0
HD-SF,100000,8,0.0,0.2,frequency,CHI_1.0e-5,1,2000000,0.5,440677,487233,0.5899,337.741071243,111653,0,0.0
HD-SF,100000,8,0.2,0.2,frequency,CHI_1.0e-5,1,200000,0.5,43029,87564,0.3254,92.41854236,107678,0,0.0
HD-SF,100000,8,0.2,0.2,frequency,CHI_1.0e-5,1,1000000,0.5,210842,248600,0.5832,204.16121055,110634,0,0.0
HD-SF,100000,8,0.2,0.2,frequency,CHI_1.0e-5,1,2000000,0.5,431149,475886,0.5964,331.786293122,111696,0,0.0
HD-SF,100000,10,0.0,0.2,frequency,CHI_1.0e-5,1,200000,0.5,46628,92943,0.3019,91.483380769,107538,0,0.0
HD-SF,100000,10,0.0,0.2,frequency,CHI_1.0e-5,1,1000000,0.5,210682,247645,0.5886,212.294831233,110441,0,0.0
HD-SF,100000,10,0.0,0.2,frequency,CHI_1.0e-5,1,2000000,0.5,458587,504868,0.5812,338.932025051,111565,0,0.0
HD-SF,100000,10,0.2,0.2,frequency,CHI_1.0e-5,1,200000,0.5,44964,91810,0.3092,87.618645796,107567,0,0.0
HD-SF,100000,10,0.2,0.2,frequency,CHI_1.0e-5,1,1000000,0.5,233909,275137,0.5506,211.488889625,110546,0,0.0
HD-SF,100000,10,0.2,0.2,frequency,CHI_1.0e-5,1,2000000,0.5,441853,485819,0.5949,323.079030189,111501,0,0.0
HD-SF,100000,2,0.0,0.2,random,CHI_1.0e-5,1,200000,0.5,16171,40057,0.6572,106.324227089,128571,0,0.0
HD-SF,100000,2,0.0,0.2,random,CHI_1.0e-5,1,1000000,0.5,133208,164170,0.7574,203.142976179,133049,0,0.0
HD-SF,100000,2,0.0,0.2,random,CHI_1.0e-5,1,2000000,0.5,275455,309304,0.7858,326.130976875,134455,0,0.0
HD-SF,100000,2,0.2,0.2,random,CHI_1.0e-5,1,200000,0.5,10025,32758,0.7317,89.223049288,128658,0,0.0
HD-SF,100000,2,0.2,0.2,random,CHI_1.0e-5,1,1000000,0.5,95742,123251,0.8391,196.406838207,133121,0,0.0
HD-SF,100000,2,0.2,0.2,random,CHI_1.0e-5,1,2000000,0.5,200356,229214,0.8664,323.591937626,134559,0,0.0
HD-SF,100000,4,0.0,0.2,random,CHI_1.0e-5,1,200000,0.5,47975,92869,0.3262,101.217325374,140100,0,0.0
HD-SF,100000,4,0.0,0.2,random,CHI_1.0e-5,1,1000000,0.5,290943,335918,0.4862,181.764657987,150901,0,0.0
HD-SF,100000,4,0.0,0.2,random,CHI_1.0e-5,1,2000000,0.5,575191,618865,0.5257,330.153953887,154231,0,0.0
HD-SF,100000,4,0.2,0.2,random,CHI_1.0e-5,1,200000,0.5,43550,88378,0.3445,105.099015156,140296,0,0.0
HD-SF,100000,4,0.2,0.2,random,CHI_1.0e-5,1,1000000,0.5,295499,347205,0.4756,189.249017381,151429,0,0.0
HD-SF,100000,4,0.2,0.2,random,CHI_1.0e-5,1,2000000,0.5,571511,617607,0.5232,328.27741916,153958,0,0.0
HD-SF,100000,6,0.0,0.2,random,CHI_1.0e-5,1,200000,0.5,63081,117399,0.2243,108.854725588,147497,0,0.0
HD-SF,100000,6,0.0,0.2,random,CHI_1.0e-5,1,1000000,0.5,333767,386090,0.4208,193.635005544,162067,0,0.0
HD-SF,100000,6,0.0,0.2,random,CHI_1.0e-5,1,2000000,0.5,613285,658886,0.4973,327.82300987,165911,0,0.0
HD-SF,100000,6,0.2,0.2,random,CHI_1.0e-5,1,200000,0.5,59629,113392,0.2412,104.358916275,147306,0,0.0
HD-SF,100000,6,0.2,0.2,random,CHI_1.0e-5,1,1000000,0.5,333135,384100,0.4201,200.302853831,161850,0,0.0
HD-SF,100000,6,0.2,0.2,random,CHI_1.0e-5,1,2000000,0.5,607277,652807,0.4982,337.615558573,165685,0,0.0
HD-SF,100000,8,0.0,0.2,random,CHI_1.0e-5,1,200000,0.5,71109,130449,0.1816,112.900163765,152316,0,0.0
HD-SF,100000,8,0.0,0.2,random,CHI_1.0e-5,1,1000000,0.5,336125,386701,0.417,195.39946653,168723,0,0.0
HD-SF,100000,8,0.0,0.2,random,CHI_1.0e-5,1,2000000,0.5,639830,687478,0.4827,321.715860429,174918,0,0.0
HD-SF,100000,8,0.2,0.2,random,CHI_1.0e-5,1,200000,0.5,68187,126606,0.1918,111.173945209,152981,0,0.0
HD-SF,100000,8,0.2,0.2,random,CHI_1.0e-5,1,1000000,0.5,348775,401168,0.3974,203.018199148,168751,0,0.0
HD-SF,100000,8,0.2,0.2,random,CHI_1.0e-5,1,2000000,0.5,620494,667477,0.4896,323.886080177,173447,0,0.0
HD-SF,100000,10,0.0,0.2,random,CHI_1.0e-5,1,200000,0.5,76235,139367,0.1556,109.061215379,156144,0,0.0
HD-SF,100000,10,0.0,0.2,random,CHI_1.0e-5,1,1000000,0.5,349846,403088,0.4014,204.534117301,174406,0,0.0
HD-SF,100000,10,0.0,0.2,random,CHI_1.0e-5,1,2000000,0.5,616972,662285,0.5028,328.925688353,179315,0,0.0
HD-SF,100000,10,0.2,0.2,random,CHI_1.0e-5,1,200000,0.5,73380,136126,0.1629,107.945618704,156218,0,0.0
HD-SF,100000,10,0.2,0.2,random,CHI_1.0e-5,1,1000000,0.5,363043,414934,0.3803,183.314273651,174835,0,0.0
HD-SF,100000,10,0.2,0.2,random,CHI_1.0e-5,1,2000000,0.5,634042,682893,0.4822,301.071639168,180298,0,0.0
MD-SF,100000,2,0.0,0.0,uniform,CHI_1.0e-5,1,200000,0.5,43266,65698,0.343,54.277472029,100000,0,0.0
MD-SF,100000,2,0.0,0.0,uniform,CHI_1.0e-5_LS,1,200000,0.5,36586,65217,0.3478,122.192936195,100000,10,0.0
MD-SF,100000,2,0.0,0.0,uniform,CHI_1.0e-5,1,1000000,0.5,167573,179162,0.6417,40.31514166,100000,0,0.0
MD-SF,100000,2,0.0,0.0,uniform,CHI_1.0e-5_LS,1,1000000,0.5,149518,162080,0.6758,193.826872472,100000,21,0.0
MD-SF,100000,2,0.0,0.0,uniform,CHI_1.0e-5,1,2000000,0.5,321054,332397,0.6676,40.248838446,100000,0,0.0
MD-SF,100000,2,0.0,0.0,uniform,CHI_1.0e-5_LS,1,2000000,0.5,293385,304656,0.6953,285.756881041,100000,33,0.0
MD-SF,100000,2,0.2,0.0,uniform,CHI_1.0e-5,1,200000,0.5,34740,62350,0.3765,59.083422795,100000,0,0.0
MD-SF,100000,2,0.2,0.0,uniform,CHI_1.0e-5_LS,1,200000,0.5,30576,62246,0.3775,128.43032991799998,100000,11,0.0
MD-SF,100000,2,0.2,0.0,uniform,CHI_1.0e-5,1,1000000,0.5,162824,178472,0.6431,47.906337368,100000,0,0.0
MD-SF,100000,2,0.2,0.0,uniform,CHI_1.0e-5_LS,1,1000000,0.5,144201,161247,0.6775,215.107087675,100000,25,0.0
MD-SF,100000,2,0.2,0.0,uniform,CHI_1.0e-5,1,2000000,0.5,324068,338413,0.6616,43.533696,100000,0,0.0
MD-SF,100000,2,0.2,0.0,uniform,CHI_1.0e-5_LS,1,2000000,0.5,279195,298575,0.7014,320.825391654,100000,40,0.0
MD-SF,100000,4,0.0,0.0,uniform,CHI_1.0e-5,1,200000,0.5,57829,103370,0.2065,64.389772961,100000,0,0.0
MD-SF,100000,4,0.0,0.0,uniform,CHI_1.0e-5_LS,1,200000,0.5,49181,97062,0.2371,371.762249612,100000,27,0.0
MD-SF,100000,4,0.0,0.0,uniform,CHI_1.0e-5,1,1000000,0.5,277766,297481,0.4949,64.290169541,100000,0,0.0
MD-SF,100000,4,0.0,0.0,uniform,CHI_1.0e-5_LS,1,1000000,0.5,238887,256613,0.5609,730.718820656,100000,56,0.0
MD-SF,100000,4,0.0,0.0,uniform,CHI_1.0e-5,1,2000000,0.5,535222,553813,0.5275,56.651226195,100000,0,0.0
MD-SF,100000,4,0.0,0.0,uniform,CHI_1.0e-5_LS,1,2000000,0.5,476520,494864,0.5765,1009.843220729,100000,79,0.0
MD-SF,100000,4,0.2,0.0,uniform,CHI_1.0e-5,1,200000,0.5,55071,101842,0.2164,79.699897946,100000,0,0.0
MD-SF,100000,4,0.2,0.0,uniform,CHI_1.0e-5_LS,1,200000,0.5,48190,97446,0.234,217.48622433399998,100000,12,0.0
MD-SF,100000,4,0.2,0.0,uniform,CHI_1.0e-5,1,1000000,0.5,279875,299718,0.4946,65.907102718,100000,0,0.0
MD-SF,100000,4,0.2,0.0,uniform,CHI_1.0e-5_LS,1,1000000,0.5,244759,264350,0.5484,665.1842941990001,100000,49,0.0
MD-SF,100000,4,0.2,0.0,uniform,CHI_1.0e-5,1,2000000,0.5,544230,567124,0.5173,58.658534779,100000,0,0.0
MD-SF,100000,4,0.2,0.0,uniform,CHI_1.0e-5_LS,1,2000000,0.5,484729,499653,0.5736,876.160091397,100000,68,0.0
MD-SF,100000,6,0.0,0.0,uniform,CHI_1.0e-5,1,200000,0.5,64094,114401,0.1816,72.516086973,100000,0,0.0
MD-SF,100000,6,0.0,0.0,uniform,CHI_1.0e-5_LS,1,200000,0.5,54994,108101,0.2076,380.499377437,100000,20,0.0
MD-SF,100000,6,0.0,0.0,uniform,CHI_1.0e-5,1,1000000,0.5,318754,340366,0.4545,73.065034701,100000,0,0.0
MD-SF,100000,6,0.0,0.0,uniform,CHI_1.0e-5_LS,1,1000000,0.5,267472,285747,0.5361,1432.543953248,100000,83,0.0
MD-SF,100000,6,0.0,0.0,uniform,CHI_1.0e-5,1,2000000,0.5,628088,648835,0.4778,63.715410109,100000,0,0.0
MD-SF,100000,6,0.0,0.0,uniform,CHI_1.0e-5_LS,1,2000000,0.5,541019,564726,0.542,1557.1531137000002,100000,92,0.0
MD-SF,100000,6,0.2,0.0,uniform,CHI_1.0e-5,1,200000,0.5,62423,115958,0.1766,75.209078887,100000,0,0.0
MD-SF,100000,6,0.2,0.0,uniform,CHI_1.0e-5_LS,1,200000,0.5,55361,111869,0.1921,346.827701823,100000,18,0.0
MD-SF,100000,6,0.2,0.0,uniform,CHI_1.0e-5,1,1000000,0.5,319818,345956,0.4487,72.196306198,100000,0,0.0
MD-SF,100000,6,0.2,0.0,uniform,CHI_1.0e-5_LS,1,1000000,0.5,270469,295641,0.5219,1030.14765534,100000,61,0.0
MD-SF,100000,6,0.2,0.0,uniform,CHI_1.0e-5,1,2000000,0.5,613548,641732,0.4834,64.522822901,100000,0,0.0
MD-SF,100000,6,0.2,0.0,uniform,CHI_1.0e-5_LS,1,2000000,0.5,542820,568033,0.5404,1219.641331332,100000,72,0.0
MD-SF,100000,8,0.0,0.0,uniform,CHI_1.0e-5,1,200000,0.5,66459,120220,0.1696,67.184880465,100000,0,0.0
MD-SF,100000,8,0.0,0.0,uniform,CHI_1.0e-5_LS,1,200000,0.5,58260,114027,0.1962,438.435054474,100000,20,0.0
MD-SF,100000,8,0.0,0.0,uniform,CHI_1.0e-5,1,1000000,0.5,347205,375097,0.4192,76.6526352,100000,0,0.0
MD-SF,100000,8,0.0,0.0,uniform,CHI_1.0e-5_LS,1,1000000,0.5,294010,324467,0.4889,1067.994706991,100000,53,0.0
MD-SF,100000,8,0.0,0.0,uniform,CHI_1.0e-5,1,2000000,0.5,713353,749135,0.4172,68.26600851,100000,0,0.0
MD-SF,100000,8,0.0,0.0,uniform,CHI_1.0e-5_LS,1,2000000,0.5,582173,613116,0.5163,1926.8830033210002,100000,98,0.0
MD-SF,100000,8,0.2,0.0,uniform,CHI_1.0e-5,1,200000,0.5,67134,122833,0.1594,67.910206616,100000,0,0.0
MD-SF,100000,8,0.2,0.0,uniform,CHI_1.0e-5_LS,1,200000,0.5,57807,115386,0.1906,523.355367567,100000,23,0.0
MD-SF,100000,8,0.2,0.0,uniform,CHI_1.0e-5,1,1000000,0.5,345002,373679,0.4217,75.684991417,100000,0,0.0
MD-SF,100000,8,0.2,0.0,uniform,CHI_1.0e-5_LS,1,1000000,0.5,286977,316801,0.5023,1423.295514494,100000,70,0.0
MD-SF,100000,8,0.2,0.0,uniform,CHI_1.0e-5,1,2000000,0.5,683238,716887,0.4415,69.343367275,100000,0,0.0
MD-SF,100000,8,0.2,0.0,uniform,CHI_1.0e-5_LS,1,2000000,0.5,577120,608624,0.5206,1883.2675805439999,100000,90,0.0
MD-SF,100000,10,0.0,0.0,uniform,CHI_1.0e-5,1,200000,0.5,67666,122745,0.167,64.978309257,100000,0,0.0
MD-SF,100000,10,0.0,0.0,uniform,CHI_1.0e-5_LS,1,200000,0.5,59319,117246,0.1874,522.653443131,100000,22,0.0
MD-SF,100000,10,0.0,0.0,uniform,CHI_1.0e-5,1,1000000,0.5,356639,384203,0.4129,78.239336815,100000,0,0.0
MD-SF,100000,10,0.0,0.0,uniform,CHI_1.0e-5_LS,1,1000000,0.5,303055,332632,0.4848,1332.012376783,100000,59,0.0
MD-SF,100000,10,0.0,0.0,uniform,CHI_1.0e-5,1,2000000,0.5,732056,767167,0.4127,73.604152205,100000,0,0.0
MD-SF,100000,10,0.0,0.0,uniform,CHI_1.0e-5_LS,1,2000000,0.5,634597,675267,0.476,1348.078098012,100000,58,0.0
MD-SF,100000,10,0.2,0.0,uniform,CHI_1.0e-5,1,200000,0.5,69067,127334,0.1518,67.355982333,100000,0,0.0
MD-SF,100000,10,0.2,0.0,uniform,CHI_1.0e-5_LS,1,200000,0.5,60333,121052,0.1764,440.561555662,100000,17,0.0
MD-SF,100000,10,0.2,0.0,uniform,CHI_1.0e-5,1,1000000,0.5,366710,397033,0.3973,77.050287042,100000,0,0.0
MD-SF,100000,10,0.2,0.0,uniform,CHI_1.0e-5_LS,1,1000000,0.5,299187,324738,0.4965,1727.741221532,100000,76,0.0
MD-SF,100000,10,0.2,0.0,uniform,CHI_1.0e-5,1,2000000,0.5,721733,754240,0.4244,72.753090451,100000,0,0.0
MD-SF,100000,10,0.2,0.0,uniform,CHI_1.0e-5_LS,1,2000000,0.5,607476,643639,0.5016,1675.893390993,100000,73,0.0
MD-SF,100000,2,0.0,0.2,uniform,CHI_1.0e-5,1,200000,0.5,21615,49172,0.534,35.105885971,120000,0,0.0
MD-SF,100000,2,0.0,0.2,uniform,CHI_1.0e-5_LS,1,200000,0.5,11082,49444,0.5313,88.99842566999999,120000,9,0.0
MD-SF,100000,2,0.0,0.2,uniform,CHI_1.0e-5,1,1000000,0.5,162704,203343,0.6219,25.285275979,120000,0,0.0
MD-SF,100000,2,0.0,0.2,uniform,CHI_1.0e-5_LS,1,1000000,0.5,94000,120753,0.7871,144.39155491100001,120000,19,0.0
MD-SF,100000,2,0.0,0.2,uniform,CHI_1.0e-5,1,2000000,0.5,268861,297996,0.7324,25.95616182,120000,0,0.0
MD-SF,100000,2,0.0,0.2,uniform,CHI_1.0e-5_LS,1,2000000,0.5,212419,237664,0.7928,254.33065833999999,120000,36,0.0
MD-SF,100000,2,0.2,0.2,uniform,CHI_1.0e-5,1,200000,0.5,14918,43278,0.5931,62.625760415,120000,0,0.0
MD-SF,100000,2,0.2,0.2,uniform,CHI_1.0e-5_LS,1,200000,0.5,8885,43691,0.589,133.04163747200002,120000,7,0.0
MD-SF,100000,2,0.2,0.2,uniform,CHI_1.0e-5,1,1000000,0.5,142468,182069,0.6644,41.443152009,120000,0,0.0
MD-SF,100000,2,0.2,0.2,uniform,CHI_1.0e-5_LS,1,1000000,0.5,93234,122881,0.7828,184.064867298,120000,19,0.0
MD-SF,100000,2,0.2,0.2,uniform,CHI_1.0e-5,1,2000000,0.5,264602,294482,0.7353,32.308745653,120000,0,0.0
MD-SF,100000,2,0.2,0.2,uniform,CHI_1.0e-5_LS,1,2000000,0.5,208565,234795,0.795,224.03085981,120000,32,0.0
MD-SF,100000,4,0.0,0.2,uniform,CHI_1.0e-5,1,200000,0.5,54181,107360,0.218,65.623413542,120000,0,0.0
MD-SF,100000,4,0.0,0.2,uniform,CHI_1.0e-5_LS,1,200000,0.5,40998,104983,0.2284,202.166455917,120000,10,0.0
MD-SF,100000,4,0.0,0.2,uniform,CHI_1.0e-5,1,1000000,0.5,265544,296271,0.5045,42.818620432,120000,0,0.0
MD-SF,100000,4,0.0,0.2,uniform,CHI_1.0e-5_LS,1,1000000,0.5,208956,233815,0.6051,958.5327024989999,120000,69,0.0
MD-SF,100000,4,0.0,0.2,uniform,CHI_1.0e-5,1,2000000,0.5,490957,509853,0.5695,42.222509291,120000,0,0.0
MD-SF,100000,4,0.0,0.2,uniform,CHI_1.0e-5_LS,1,2000000,0.5,438589,458809,0.6128,717.009808229,120000,51,0.0
MD-SF,100000,4,0.2,0.2,uniform,CHI_1.0e-5,1,200000,0.5,49844,104639,0.2278,74.510690742,120000,0,0.0
MD-SF,100000,4,0.2,0.2,uniform,CHI_1.0e-5_LS,1,200000,0.5,39283,102543,0.239,230.040788806,120000,11,0.0
MD-SF,100000,4,0.2,0.2,uniform,CHI_1.0e-5,1,1000000,0.5,247347,281260,0.5289,45.467009244,120000,0,0.0
MD-SF,100000,4,0.2,0.2,uniform,CHI_1.0e-5_LS,1,1000000,0.5,207768,238215,0.5997,762.759846019,120000,53,0.0
MD-SF,100000,4,0.2,0.2,uniform,CHI_1.0e-5,1,2000000,0.5,486617,511540,0.5703,44.105642767,120000,0,0.0
MD-SF,100000,4,0.2,0.2,uniform,CHI_1.0e-5_LS,1,2000000,0.5,444459,473671,0.6013,523.10826933,120000,35,0.0
MD-SF,100000,6,0.0,0.2,uniform,CHI_1.0e-5,1,200000,0.5,67531,130798,0.1406,97.783124711,120000,0,0.0
MD-SF,100000,6,0.0,0.2,uniform,CHI_1.0e-5_LS,1,200000,0.5,54788,126547,0.1556,337.32752264600003,120000,12,0.0
MD-SF,100000,6,0.0,0.2,uniform,CHI_1.0e-5,1,1000000,0.5,288248,313824,0.4953,51.520858469,120000,0,0.0
MD-SF,100000,6,0.0,0.2,uniform,CHI_1.0e-5_LS,1,1000000,0.5,258283,285245,0.5387,893.9797807049999,120000,46,0.0
MD-SF,100000,6,0.0,0.2,uniform,CHI_1.0e-5,1,2000000,0.5,572698,594099,0.521,47.717537443,120000,0,0.0
MD-SF,100000,6,0.0,0.2,uniform,CHI_1.0e-5_LS,1,2000000,0.5,526464,554368,0.5517,1078.718046196,120000,56,0.0
MD-SF,100000,6,0.2,0.2,uniform,CHI_1.0e-5,1,200000,0.5,64351,128308,0.1493,106.305743829,120000,0,0.0
MD-SF,100000,6,0.2,0.2,uniform,CHI_1.0e-5_LS,1,200000,0.5,53127,123849,0.1668,324.451102499,120000,11,0.0
MD-SF,100000,6,0.2,0.2,uniform,CHI_1.0e-5,1,1000000,0.5,292839,322817,0.4841,52.526256621,120000,0,0.0
MD-SF,100000,6,0.2,0.2,uniform,CHI_1.0e-5_LS,1,1000000,0.5,259611,293300,0.5277,995.6386612819999,120000,55,0.0
MD-SF,100000,6,0.2,0.2,uniform,CHI_1.0e-5,1,2000000,0.5,575095,599672,0.5191,60.735450783,120000,0,0.0
MD-SF,100000,6,0.2,0.2,uniform,CHI_1.0e-5_LS,1,2000000,0.5,522459,560033,0.5502,1325.34271362,120000,63,0.0
MD-SF,100000,8,0.0,0.2,uniform,CHI_1.0e-5,1,200000,0.5,72416,139545,0.1181,76.003985607,120000,0,0.0
MD-SF,100000,8,0.0,0.2,uniform,CHI_1.0e-5_LS,1,200000,0.5,59374,132441,0.1386,413.21776091000004,120000,15,0.0
MD-SF,100000,8,0.0,0.2,uniform,CHI_1.0e-5,1,1000000,0.5,324600,352197,0.4511,66.414299502,120000,0,0.0
MD-SF,100000,8,0.0,0.2,uniform,CHI_1.0e-5_LS,1,1000000,0.5,274715,301349,0.5259,1376.264995473,120000,65,0.0
MD-SF,100000,8,0.0,0.2,uniform,CHI_1.0e-5,1,2000000,0.5,649906,678750,0.4747,58.541897125,120000,0,0.0
MD-SF,100000,8,0.0,0.2,uniform,CHI_1.0e-5_LS,1,2000000,0.5,543574,580704,0.5443,2146.810660396,120000,100,0.0
MD-SF,100000,8,0.2,0.2,uniform,CHI_1.0e-5,1,200000,0.5,71282,139077,0.1174,79.440305378,120000,0,0.0
MD-SF,100000,8,0.2,0.2,uniform,CHI_1.0e-5_LS,1,200000,0.5,59527,132657,0.1386,400.793060384,120000,15,0.0
MD-SF,100000,8,0.2,0.2,uniform,CHI_1.0e-5,1,1000000,0.5,329555,360237,0.4421,60.971236307,120000,0,0.0
MD-SF,100000,8,0.2,0.2,uniform,CHI_1.0e-5_LS,1,1000000,0.5,284443,322710,0.4955,1209.596868162,120000,56,0.0
MD-SF,100000,8,0.2,0.2,uniform,CHI_1.0e-5,1,2000000,0.5,635233,664534,0.4805,53.266373958,120000,0,0.0
MD-SF,100000,8,0.2,0.2,uniform,CHI_1.0e-5_LS,1,2000000,0.5,570860,612174,0.5191,1191.176148859,120000,54,0.0
MD-SF,100000,10,0.0,0.2,uniform,CHI_1.0e-5,1,200000,0.5,76513,145135,0.1061,76.341796774,120000,0,0.0
MD-SF,100000,10,0.0,0.2,uniform,CHI_1.0e-5_LS,1,200000,0.5,62989,135289,0.1367,469.15349353299996,120000,17,0.0
MD-SF,100000,10,0.0,0.2,uniform,CHI_1.0e-5,1,1000000,0.5,343230,372909,0.4302,65.294987144,120000,0,0.0
MD-SF,100000,10,0.0,0.2,uniform,CHI_1.0e-5_LS,1,1000000,0.5,300539,334606,0.4847,1684.2541209390001,120000,69,0.0
MD-SF,100000,10,0.0,0.2,uniform,CHI_1.0e-5,1,2000000,0.5,664437,691204,0.4659,54.937846178,120000,0,0.0
MD-SF,100000,10,0.0,0.2,uniform,CHI_1.0e-5_LS,1,2000000,0.5,605099,641141,0.5027,1321.508342506,120000,55,0.0
MD-SF,100000,10,0.2,0.2,uniform,CHI_1.0e-5,1,200000,0.5,74495,144641,0.1072,75.306623517,120000,0,0.0
MD-SF,100000,10,0.2,0.2,uniform,CHI_1.0e-5_LS,1,200000,0.5,62152,135932,0.1329,353.286230189,120000,12,0.0
MD-SF,100000,10,0.2,0.2,uniform,CHI_1.0e-5,1,1000000,0.5,342163,373316,0.4298,63.882588849,120000,0,0.0
MD-SF,100000,10,0.2,0.2,uniform,CHI_1.0e-5_LS,1,1000000,0.5,290774,324689,0.4988,1122.3834853750002,120000,48,0.0
MD-SF,100000,10,0.2,0.2,uniform,CHI_1.0e-5,1,2000000,0.5,656323,684230,0.4755,57.851015547,120000,0,0.0
MD-SF,100000,10,0.2,0.2,uniform,CHI_1.0e-5_LS,1,2000000,0.5,580249,610164,0.5286,1995.9349059190001,120000,87,0.0
MD-SF,100000,2,0.0,0.2,frequency,CHI_1.0e-5,1,200000,0.5,29065,58078,0.4254,79.351980131,110063,0,0.0
MD-SF,100000,2,0.0,0.2,frequency,CHI_1.0e-5,1,1000000,0.5,128589,154324,0.7031,187.841362498,113103,0,0.0
MD-SF,100000,2,0.0,0.2,frequency,CHI_1.0e-5,1,2000000,0.5,256476,287424,0.7271,314.189775341,113998,0,0.0
MD-SF,100000,2,0.2,0.2,frequency,CHI_1.0e-5,1,200000,0.5,25966,55829,0.4479,84.128166419,110122,0,0.0
MD-SF,100000,2,0.2,0.2,frequency,CHI_1.0e-5,1,1000000,0.5,121516,146696,0.7187,172.247172037,113077,0,0.0
MD-SF,100000,2,0.2,0.2,frequency,CHI_1.0e-5,1,2000000,0.5,231204,256235,0.758,305.79335359,113940,0,0.0
MD-SF,100000,4,0.0,0.2,frequency,CHI_1.0e-5,1,200000,0.5,56220,109667,0.1908,104.930237421,108566,0,0.0
MD-SF,100000,4,0.0,0.2,frequency,CHI_1.0e-5,1,1000000,0.5,251823,292177,0.5105,194.000552562,111771,0,0.0
MD-SF,100000,4,0.0,0.2,frequency,CHI_1.0e-5,1,2000000,0.5,476392,522339,0.5572,322.487677796,112856,0,0.0
MD-SF,100000,4,0.2,0.2,frequency,CHI_1.0e-5,1,200000,0.5,53892,107257,0.2023,99.574945757,108698,0,0.0
MD-SF,100000,4,0.2,0.2,frequency,CHI_1.0e-5,1,1000000,0.5,245089,284122,0.5193,183.659187599,111736,0,0.0
MD-SF,100000,4,0.2,0.2,frequency,CHI_1.0e-5,1,2000000,0.5,469001,513276,0.5628,325.50831771,112854,0,0.0
MD-SF,100000,6,0.0,0.2,frequency,CHI_1.0e-5,1,200000,0.5,65352,127456,0.1417,95.090601868,108090,0,0.0
MD-SF,100000,6,0.0,0.2,frequency,CHI_1.0e-5,1,1000000,0.5,287400,327985,0.4736,196.839262369,111333,0,0.0
MD-SF,100000,6,0.0,0.2,frequency,CHI_1.0e-5,1,2000000,0.5,569128,617710,0.5031,328.776856728,112419,0,0.0
MD-SF,100000,6,0.2,0.2,frequency,CHI_1.0e-5,1,200000,0.5,62523,123689,0.1564,100.451724649,108192,0,0.0
MD-SF,100000,6,0.2,0.2,frequency,CHI_1.0e-5,1,1000000,0.5,292774,336942,0.4613,193.512540748,111404,0,0.0
MD-SF,100000,6,0.2,0.2,frequency,CHI_1.0e-5,1,2000000,0.5,556145,603032,0.5127,340.898192189,112375,0,0.0
MD-SF,100000,8,0.0,0.2,frequency,CHI_1.0e-5,1,200000,0.5,67650,131463,0.1357,92.695224313,107865,0,0.0
MD-SF,100000,8,0.0,0.2,frequency,CHI_1.0e-5,1,1000000,0.5,314958,360400,0.4396,203.95809954,111049,0,0.0
MD-SF,100000,8,0.0,0.2,frequency,CHI_1.0e-5,1,2000000,0.5,657824,717439,0.4422,340.477673241,112201,0,0.0
MD-SF,100000,8,0.2,0.2,frequency,CHI_1.0e-5,1,200000,0.5,66534,131095,0.1391,95.743952014,107953,0,0.0
MD-SF,100000,8,0.2,0.2,frequency,CHI_1.0e-5,1,1000000,0.5,329463,377581,0.416,199.710232144,111155,0,0.0
MD-SF,100000,8,0.2,0.2,frequency,CHI_1.0e-5,1,2000000,0.5,628661,683196,0.4662,325.831586379,112216,0,0.0
MD-SF,100000,10,0.0,0.2,frequency,CHI_1.0e-5,1,200000,0.5,68873,133708,0.1338,90.84108915,107810,0,0.0
MD-SF,100000,10,0.0,0.2,frequency,CHI_1.0e-5,1,1000000,0.5,336956,380895,0.4173,207.248601195,110931,0,0.0
MD-SF,100000,10,0.0,0.2,frequency,CHI_1.0e-5,1,2000000,0.5,647460,696124,0.463,329.904482376,111993,0,0.0
MD-SF,100000,10,0.2,0.2,frequency,CHI_1.0e-5,1,200000,0.5,67525,132654,0.138,89.906078696,107725,0,0.0
MD-SF,100000,10,0.2,0.2,frequency,CHI_1.0e-5,1,1000000,0.5,349868,400315,0.3936,203.657675953,110941,0,0.0
MD-SF,100000,10,0.2,0.2,frequency,CHI_1.0e-5,1,2000000,0.5,650601,703961,0.458,320.701449239,112048,0,0.0
MD-SF,100000,2,0.0,0.2,random,CHI_1.0e-5,1,200000,0.5,16947,41050,0.644,92.236772471,128835,0,0.0
MD-SF,100000,2,0.0,0.2,random,CHI_1.0e-5,1,1000000,0.5,138749,171349,0.74,202.527739187,133899,0,0.0
MD-SF,100000,2,0.0,0.2,random,CHI_1.0e-5,1,2000000,0.5,291608,326561,0.7649,325.140470399,135343,0,0.0
MD-SF,100000,2,0.2,0.2,random,CHI_1.0e-5,1,200000,0.5,10736,34618,0.7083,94.694123963,129053,0,0.0
MD-SF,100000,2,0.2,0.2,random,CHI_1.0e-5,1,1000000,0.5,102901,132113,0.8179,186.180909284,133872,0,0.0
MD-SF,100000,2,0.2,0.2,random,CHI_1.0e-5,1,2000000,0.5,218971,250028,0.8416,334.875199324,135399,0,0.0
MD-SF,100000,4,0.0,0.2,random,CHI_1.0e-5,1,200000,0.5,48864,94904,0.3126,100.635845396,140220,0,0.0
MD-SF,100000,4,0.0,0.2,random,CHI_1.0e-5,1,1000000,0.5,346768,407115,0.4057,200.712038658,151921,0,0.0
MD-SF,100000,4,0.0,0.2,random,CHI_1.0e-5,1,2000000,0.5,686105,740696,0.4502,333.28337243,155401,0,0.0
MD-SF,100000,4,0.2,0.2,random,CHI_1.0e-5,1,200000,0.5,44121,90441,0.3346,103.58957918,140725,0,0.0
MD-SF,100000,4,0.2,0.2,random,CHI_1.0e-5,1,1000000,0.5,325266,386238,0.4306,193.009388112,152002,0,0.0
MD-SF,100000,4,0.2,0.2,random,CHI_1.0e-5,1,2000000,0.5,671656,733896,0.4551,332.224850118,155275,0,0.0
MD-SF,100000,6,0.0,0.2,random,CHI_1.0e-5,1,200000,0.5,63935,119858,0.2153,105.721869947,147492,0,0.0
MD-SF,100000,6,0.0,0.2,random,CHI_1.0e-5,1,1000000,0.5,418682,482861,0.3245,191.802635439,162457,0,0.0
MD-SF,100000,6,0.0,0.2,random,CHI_1.0e-5,1,2000000,0.5,810060,868662,0.3723,320.331526805,167071,0,0.0
MD-SF,100000,6,0.2,0.2,random,CHI_1.0e-5,1,200000,0.5,60806,116210,0.2257,104.271639959,147921,0,0.0
MD-SF,100000,6,0.2,0.2,random,CHI_1.0e-5,1,1000000,0.5,411882,480636,0.3258,191.643553978,162565,0,0.0
MD-SF,100000,6,0.2,0.2,random,CHI_1.0e-5,1,2000000,0.5,791855,851192,0.3786,324.049513798,166730,0,0.0
MD-SF,100000,8,0.0,0.2,random,CHI_1.0e-5,1,200000,0.5,72187,134115,0.1722,110.042137605,153759,0,0.0
MD-SF,100000,8,0.0,0.2,random,CHI_1.0e-5,1,1000000,0.5,440952,509055,0.2963,192.684686439,169220,0,0.0
MD-SF,100000,8,0.0,0.2,random,CHI_1.0e-5,1,2000000,0.5,857987,915516,0.3488,322.414642117,175842,0,0.0
MD-SF,100000,8,0.2,0.2,random,CHI_1.0e-5,1,200000,0.5,69825,131380,0.1773,108.449706863,153310,0,0.0
MD-SF,100000,8,0.2,0.2,random,CHI_1.0e-5,1,1000000,0.5,442118,510967,0.2908,189.093253032,169941,0,0.0
MD-SF,100000,8,0.2,0.2,random,CHI_1.0e-5,1,2000000,0.5,838549,896231,0.3505,332.308126344,174973,0,0.0
MD-SF,100000,10,0.0,0.2,random,CHI_1.0e-5,1,200000,0.5,78663,143897,0.1382,109.947447289,156503,0,0.0
MD-SF,100000,10,0.0,0.2,random,CHI_1.0e-5,1,1000000,0.5,453721,517724,0.2871,181.204775167,175369,0,0.0
MD-SF,100000,10,0.0,0.2,random,CHI_1.0e-5,1,2000000,0.5,873599,926148,0.3398,323.066664582,181043,0,0.0
MD-SF,100000,10,0.2,0.2,random,CHI_1.0e-5,1,200000,0.5,75593,140953,0.1523,106.922504314,157434,0,0.0
MD-SF,100000,10,0.2,0.2,random,CHI_1.0e-5,1,1000000,0.5,456204,524901,0.2786,178.699321123,175897,0,0.0
MD-SF,100000,10,0.2,0.2,random,CHI_1.0e-5,1,2000000,0.5,874805,930818,0.3336,292.995077833,181621,0,0.0
ID-SF,100000,2,0.0,0.0,uniform,CHI_1.0e-5,1,200000,0.5,44735,67901,0.321,55.359549653,100000,0,0.0
ID-SF,100000,2,0.0,0.0,uniform,CHI_1.0e-5_LS,1,200000,0.5,37322,67899,0.321,131.516564816,100000,11,0.0
ID-SF,100000,2,0.0,0.0,uniform,CHI_1.0e-5,1,1000000,0.5,299479,339932,0.3201,34.920614061,100000,0,0.0
ID-SF,100000,2,0.0,0.0,uniform,CHI_1.0e-5_LS,1,1000000,0.5,267570,340445,0.3191,140.89348722800003,100000,14,0.0
ID-SF,100000,2,0.0,0.0,uniform,CHI_1.0e-5,1,2000000,0.5,624950,680421,0.3196,35.900846302,100000,0,0.0
ID-SF,100000,2,0.0,0.0,uniform,CHI_1.0e-5_LS,1,2000000,0.5,577208,680077,0.3199,179.994059242,100000,18,0.0
ID-SF,100000,2,0.2,0.0,uniform,CHI_1.0e-5,1,200000,0.5,37483,65695,0.343,58.376681727,100000,0,0.0
ID-SF,100000,2,0.2,0.0,uniform,CHI_1.0e-5_LS,1,200000,0.5,32430,65604,0.344,109.03288058199999,100000,8,0.0
ID-SF,100000,2,0.2,0.0,uniform,CHI_1.0e-5,1,1000000,0.5,276061,327801,0.3444,40.92075436,100000,0,0.0
ID-SF,100000,2,0.2,0.0,uniform,CHI_1.0e-5_LS,1,1000000,0.5,254998,327585,0.3448,108.739908101,100000,10,0.0
ID-SF,100000,2,0.2,0.0,uniform,CHI_1.0e-5,1,2000000,0.5,586126,655342,0.3447,40.69652173,100000,0,0.0
ID-SF,100000,2,0.2,0.0,uniform,CHI_1.0e-5_LS,1,2000000,0.5,552781,655624,0.3444,137.212739899,100000,14,0.0
ID-SF,100000,4,0.0,0.0,uniform,CHI_1.0e-5,1,200000,0.5,69130,121925,0.1342,68.724116902,100000,0,0.0
ID-SF,100000,4,0.0,0.0,uniform,CHI_1.0e-5_LS,1,200000,0.5,62220,122292,0.1326,166.754772111,100000,9,0.0
ID-SF,100000,4,0.0,0.0,uniform,CHI_1.0e-5,1,1000000,0.5,509103,610652,0.1327,54.147675839,100000,0,0.0
ID-SF,100000,4,0.0,0.0,uniform,CHI_1.0e-5_LS,1,1000000,0.5,471303,611170,0.1324,270.43598908399997,100000,18,0.0
ID-SF,100000,4,0.0,0.0,uniform,CHI_1.0e-5,1,2000000,0.5,1079445,1223760,0.1314,51.911673621,100000,0,0.0
ID-SF,100000,4,0.0,0.0,uniform,CHI_1.0e-5_LS,1,2000000,0.5,1018629,1222813,0.1318,267.443802029,100000,18,0.0
ID-SF,100000,4,0.2,0.0,uniform,CHI_1.0e-5,1,200000,0.5,64300,121017,0.1376,70.607769742,100000,0,0.0
ID-SF,100000,4,0.2,0.0,uniform,CHI_1.0e-5_LS,1,200000,0.5,59192,121136,0.1362,193.546776406,100000,10,0.0
ID-SF,100000,4,0.2,0.0,uniform,CHI_1.0e-5,1,1000000,0.5,494934,605124,0.1359,56.571431101,100000,0,0.0
ID-SF,100000,4,0.2,0.0,uniform,CHI_1.0e-5_LS,1,1000000,0.5,464046,605619,0.1356,195.025829896,100000,12,0.0
ID-SF,100000,4,0.2,0.0,uniform,CHI_1.0e-5,1,2000000,0.5,1054988,1209236,0.1366,54.850629676,100000,0,0.0
ID-SF,100000,4,0.2,0.0,uniform,CHI_1.0e-5_LS,1,2000000,0.5,1005860,1209645,0.1366,221.52503535099999,100000,14,0.0
ID-SF,100000,6,0.0,0.0,uniform,CHI_1.0e-5,1,200000,0.5,80344,145230,0.0824,84.864105701,100000,0,0.0
ID-SF,100000,6,0.0,0.0,uniform,CHI_1.0e-5_LS,1,200000,0.5,73135,145359,0.0822,225.33851002900002,100000,9,0.0
ID-SF,100000,6,0.0,0.0,uniform,CHI_1.0e-5,1,1000000,0.5,595691,725323,0.0829,62.780744969,100000,0,0.0
ID-SF,100000,6,0.0,0.0,uniform,CHI_1.0e-5_LS,1,1000000,0.5,561059,725492,0.0829,309.163749667,100000,16,0.0
ID-SF,100000,6,0.0,0.0,uniform,CHI_1.0e-5,1,2000000,0.5,1266205,1451606,0.0827,56.940256086,100000,0,0.0
ID-SF,100000,6,0.0,0.0,uniform,CHI_1.0e-5_LS,1,2000000,0.5,1209874,1450874,0.083,289.67788018299996,100000,15,0.0
ID-SF,100000,6,0.2,0.0,uniform,CHI_1.0e-5,1,200000,0.5,78080,144270,0.0852,82.795102044,100000,0,0.0
ID-SF,100000,6,0.2,0.0,uniform,CHI_1.0e-5_LS,1,200000,0.5,71998,144316,0.0854,254.505632968,100000,11,0.0
ID-SF,100000,6,0.2,0.0,uniform,CHI_1.0e-5,1,1000000,0.5,584806,720367,0.0852,63.348589634,100000,0,0.0
ID-SF,100000,6,0.2,0.0,uniform,CHI_1.0e-5_LS,1,1000000,0.5,555915,720737,0.0849,261.833624245,100000,13,0.0
ID-SF,100000,6,0.2,0.0,uniform,CHI_1.0e-5,1,2000000,0.5,1248392,1442310,0.0849,58.267738873,100000,0,0.0
ID-SF,100000,6,0.2,0.0,uniform,CHI_1.0e-5_LS,1,2000000,0.5,1200477,1442494,0.0845,319.427839939,100000,17,0.0
ID-SF,100000,8,0.0,0.0,uniform,CHI_1.0e-5,1,200000,0.5,85844,157421,0.0593,83.466950601,100000,0,0.0
ID-SF,100000,8,0.0,0.0,uniform,CHI_1.0e-5_LS,1,200000,0.5,79762,157358,0.0589,305.958888215,100000,12,0.0
ID-SF,100000,8,0.0,0.0,uniform,CHI_1.0e-5,1,1000000,0.5,644720,788123,0.0605,67.470713031,100000,0,0.0
ID-SF,100000,8,0.0,0.0,uniform,CHI_1.0e-5_LS,1,1000000,0.5,614730,788139,0.0606,368.724772487,100000,17,0.0
ID-SF,100000,8,0.0,0.0,uniform,CHI_1.0e-5,1,2000000,0.5,1370687,1574844,0.0602,63.019602423,100000,0,0.0
ID-SF,100000,8,0.0,0.0,uniform,CHI_1.0e-5_LS,1,2000000,0.5,1320510,1574347,0.0604,384.278019794,100000,18,0.0
ID-SF,100000,8,0.2,0.0,uniform,CHI_1.0e-5,1,200000,0.5,83295,157322,0.0623,79.124642304,100000,0,0.0
ID-SF,100000,8,0.2,0.0,uniform,CHI_1.0e-5_LS,1,200000,0.5,77627,157257,0.0624,222.044672495,100000,8,0.0
ID-SF,100000,8,0.2,0.0,uniform,CHI_1.0e-5,1,1000000,0.5,635815,784742,0.0617,68.861889028,100000,0,0.0
ID-SF,100000,8,0.2,0.0,uniform,CHI_1.0e-5_LS,1,1000000,0.5,610747,784850,0.0617,364.558125937,100000,16,0.0
ID-SF,100000,8,0.2,0.0,uniform,CHI_1.0e-5,1,2000000,0.5,1355262,1568962,0.0616,61.068786056,100000,0,0.0
ID-SF,100000,8,0.2,0.0,uniform,CHI_1.0e-5_LS,1,2000000,0.5,1311908,1567870,0.0618,384.067430949,100000,18,0.0
ID-SF,100000,10,0.0,0.0,uniform,CHI_1.0e-5,1,200000,0.5,89676,165315,0.0474,76.364617768,100000,0,0.0
ID-SF,100000,10,0.0,0.0,uniform,CHI_1.0e-5_LS,1,200000,0.5,83722,165513,0.0473,300.136402823,100000,11,0.0
ID-SF,100000,10,0.0,0.0,uniform,CHI_1.0e-5,1,1000000,0.5,676521,826251,0.0472,72.407855563,100000,0,0.0
ID-SF,100000,10,0.0,0.0,uniform,CHI_1.0e-5_LS,1,1000000,0.5,649782,825876,0.0478,372.694693829,100000,15,0.0
ID-SF,100000,10,0.0,0.0,uniform,CHI_1.0e-5,1,2000000,0.5,1438126,1654172,0.0474,64.588337406,100000,0,0.0
ID-SF,100000,10,0.0,0.0,uniform,CHI_1.0e-5_LS,1,2000000,0.5,1393600,1653625,0.0472,400.384548417,100000,17,0.0
ID-SF,100000,10,0.2,0.0,uniform,CHI_1.0e-5,1,200000,0.5,87879,165141,0.0484,78.822485608,100000,0,0.0
ID-SF,100000,10,0.2,0.0,uniform,CHI_1.0e-5_LS,1,200000,0.5,82596,165287,0.0483,296.708473886,100000,11,0.0
ID-SF,100000,10,0.2,0.0,uniform,CHI_1.0e-5,1,1000000,0.5,668926,824063,0.0489,70.213903228,100000,0,0.0
ID-SF,100000,10,0.2,0.0,uniform,CHI_1.0e-5_LS,1,1000000,0.5,646068,824085,0.0485,314.460819871,100000,12,0.0
ID-SF,100000,10,0.2,0.0,uniform,CHI_1.0e-5,1,2000000,0.5,1425855,1649812,0.0482,64.654559038,100000,0,0.0
ID-SF,100000,10,0.2,0.0,uniform,CHI_1.0e-5_LS,1,2000000,0.5,1387922,1649817,0.0484,371.386982817,100000,16,0.0
ID-SF,100000,2,0.0,0.2,uniform,CHI_1.0e-5,1,200000,0.5,23124,52103,0.4994,34.611668434,120000,0,0.0
ID-SF,100000,2,0.0,0.2,uniform,CHI_1.0e-5_LS,1,200000,0.5,12012,52225,0.4982,83.188940815,120000,8,0.0
ID-SF,100000,2,0.0,0.2,uniform,CHI_1.0e-5,1,1000000,0.5,201859,260945,0.4984,26.400655542,120000,0,0.0
ID-SF,100000,2,0.0,0.2,uniform,CHI_1.0e-5_LS,1,1000000,0.5,169133,260664,0.4989,114.92416746500001,120000,14,0.0
ID-SF,100000,2,0.0,0.2,uniform,CHI_1.0e-5,1,2000000,0.5,441466,521558,0.4989,28.024340449,120000,0,0.0
ID-SF,100000,2,0.0,0.2,uniform,CHI_1.0e-5_LS,1,2000000,0.5,392434,520971,0.4995,133.546832484,120000,16,0.0
ID-SF,100000,2,0.2,0.2,uniform,CHI_1.0e-5,1,200000,0.5,17258,47912,0.541,42.822799098,120000,0,0.0
ID-SF,100000,2,0.2,0.2,uniform,CHI_1.0e-5_LS,1,200000,0.5,10219,47627,0.5439,82.444659851,120000,7,0.0
ID-SF,100000,2,0.2,0.2,uniform,CHI_1.0e-5,1,1000000,0.5,174482,237789,0.545,33.407039237,120000,0,0.0
ID-SF,100000,2,0.2,0.2,uniform,CHI_1.0e-5_LS,1,1000000,0.5,152128,238571,0.5434,100.390917315,120000,11,0.0
ID-SF,100000,2,0.2,0.2,uniform,CHI_1.0e-5,1,2000000,0.5,388238,476146,0.5443,34.514700065,120000,0,0.0
ID-SF,100000,2,0.2,0.2,uniform,CHI_1.0e-5_LS,1,2000000,0.5,355840,476214,0.5442,114.255295098,120000,13,0.0
ID-SF,100000,4,0.0,0.2,uniform,CHI_1.0e-5,1,200000,0.5,56789,111757,0.1957,67.884720523,120000,0,0.0
ID-SF,100000,4,0.0,0.2,uniform,CHI_1.0e-5_LS,1,200000,0.5,44143,111452,0.1982,241.31491616,120000,14,0.0
ID-SF,100000,4,0.0,0.2,uniform,CHI_1.0e-5,1,1000000,0.5,447196,558270,0.1975,44.081527635,120000,0,0.0
ID-SF,100000,4,0.0,0.2,uniform,CHI_1.0e-5_LS,1,1000000,0.5,402205,558308,0.1981,292.494444374,120000,19,0.0
ID-SF,100000,4,0.0,0.2,uniform,CHI_1.0e-5,1,2000000,0.5,960159,1116228,0.1976,43.780819655,120000,0,0.0
ID-SF,100000,4,0.0,0.2,uniform,CHI_1.0e-5_LS,1,2000000,0.5,890920,1116194,0.1975,307.806276019,120000,21,0.0
ID-SF,100000,4,0.2,0.2,uniform,CHI_1.0e-5,1,200000,0.5,52429,109747,0.204,69.61622026,120000,0,0.0
ID-SF,100000,4,0.2,0.2,uniform,CHI_1.0e-5_LS,1,200000,0.5,41970,109808,0.2053,218.769705761,120000,11,0.0
ID-SF,100000,4,0.2,0.2,uniform,CHI_1.0e-5,1,1000000,0.5,431355,549982,0.2025,45.813748163,120000,0,0.0
ID-SF,100000,4,0.2,0.2,uniform,CHI_1.0e-5_LS,1,1000000,0.5,394932,549444,0.2038,225.83990269,120000,14,0.0
ID-SF,100000,4,0.2,0.2,uniform,CHI_1.0e-5,1,2000000,0.5,932612,1098032,0.2046,48.703232076,120000,0,0.0
ID-SF,100000,4,0.2,0.2,uniform,CHI_1.0e-5_LS,1,2000000,0.5,876006,1098442,0.2047,281.47744469500003,120000,18,0.0
ID-SF,100000,6,0.0,0.2,uniform,CHI_1.0e-5,1,200000,0.5,69963,137383,0.1213,85.025731788,120000,0,0.0
ID-SF,100000,6,0.0,0.2,uniform,CHI_1.0e-5_LS,1,200000,0.5,59545,137278,0.1227,280.450157676,120000,11,0.0
ID-SF,100000,6,0.0,0.2,uniform,CHI_1.0e-5,1,1000000,0.5,551982,686055,0.1218,50.653164575,120000,0,0.0
ID-SF,100000,6,0.0,0.2,uniform,CHI_1.0e-5_LS,1,1000000,0.5,509867,686263,0.1215,315.27387516299996,120000,15,0.0
ID-SF,100000,6,0.0,0.2,uniform,CHI_1.0e-5,1,2000000,0.5,1181401,1371961,0.1226,48.68705495,120000,0,0.0
ID-SF,100000,6,0.0,0.2,uniform,CHI_1.0e-5_LS,1,2000000,0.5,1113698,1372149,0.1228,421.57835169500004,120000,20,0.0
ID-SF,100000,6,0.2,0.2,uniform,CHI_1.0e-5,1,200000,0.5,67653,135774,0.1276,86.292169192,120000,0,0.0
ID-SF,100000,6,0.2,0.2,uniform,CHI_1.0e-5_LS,1,200000,0.5,57712,136035,0.1267,300.761704805,120000,11,0.0
ID-SF,100000,6,0.2,0.2,uniform,CHI_1.0e-5,1,1000000,0.5,539050,679764,0.1249,51.399353058,120000,0,0.0
ID-SF,100000,6,0.2,0.2,uniform,CHI_1.0e-5_LS,1,1000000,0.5,503564,679978,0.1248,283.670657063,120000,13,0.0
ID-SF,100000,6,0.2,0.2,uniform,CHI_1.0e-5,1,2000000,0.5,1159938,1358829,0.1258,50.132208749,120000,0,0.0
ID-SF,100000,6,0.2,0.2,uniform,CHI_1.0e-5_LS,1,2000000,0.5,1102486,1359511,0.1258,365.59937890599997,120000,18,0.0
ID-SF,100000,8,0.0,0.2,uniform,CHI_1.0e-5,1,200000,0.5,78328,151169,0.0881,82.576861461,120000,0,0.0
ID-SF,100000,8,0.0,0.2,uniform,CHI_1.0e-5_LS,1,200000,0.5,68585,151200,0.0884,289.59462302599997,120000,10,0.0
ID-SF,100000,8,0.0,0.2,uniform,CHI_1.0e-5,1,1000000,0.5,609642,756415,0.0887,55.86737623,120000,0,0.0
ID-SF,100000,8,0.0,0.2,uniform,CHI_1.0e-5_LS,1,1000000,0.5,571293,756409,0.0886,326.135711365,120000,13,0.0
ID-SF,100000,8,0.0,0.2,uniform,CHI_1.0e-5,1,2000000,0.5,1304486,1513267,0.0882,51.602664996,120000,0,0.0
ID-SF,100000,8,0.0,0.2,uniform,CHI_1.0e-5_LS,1,2000000,0.5,1242130,1513483,0.088,428.177498685,120000,19,0.0
ID-SF,100000,8,0.2,0.2,uniform,CHI_1.0e-5,1,200000,0.5,75938,150298,0.0898,84.079278231,120000,0,0.0
ID-SF,100000,8,0.2,0.2,uniform,CHI_1.0e-5_LS,1,200000,0.5,66999,150602,0.0874,319.440037403,120000,11,0.0
ID-SF,100000,8,0.2,0.2,uniform,CHI_1.0e-5,1,1000000,0.5,598688,751508,0.0913,55.258132061,120000,0,0.0
ID-SF,100000,8,0.2,0.2,uniform,CHI_1.0e-5_LS,1,1000000,0.5,567119,751510,0.0905,338.455727059,120000,15,0.0
ID-SF,100000,8,0.2,0.2,uniform,CHI_1.0e-5,1,2000000,0.5,1288186,1502130,0.0907,52.026532679,120000,0,0.0
ID-SF,100000,8,0.2,0.2,uniform,CHI_1.0e-5_LS,1,2000000,0.5,1233813,1502462,0.0904,440.700647594,120000,19,0.0
ID-SF,100000,10,0.0,0.2,uniform,CHI_1.0e-5,1,200000,0.5,83624,160196,0.0689,80.920301424,120000,0,0.0
ID-SF,100000,10,0.0,0.2,uniform,CHI_1.0e-5_LS,1,200000,0.5,74536,160167,0.069,342.744133506,120000,11,0.0
ID-SF,100000,10,0.0,0.2,uniform,CHI_1.0e-5,1,1000000,0.5,647629,800993,0.0694,60.343618484,120000,0,0.0
ID-SF,100000,10,0.0,0.2,uniform,CHI_1.0e-5_LS,1,1000000,0.5,613855,801351,0.0691,384.212896763,120000,15,0.0
ID-SF,100000,10,0.0,0.2,uniform,CHI_1.0e-5,1,2000000,0.5,1384156,1601178,0.0698,52.86776487,120000,0,0.0
ID-SF,100000,10,0.0,0.2,uniform,CHI_1.0e-5_LS,1,2000000,0.5,1327227,1600972,0.0694,382.19469332799997,120000,15,0.0
ID-SF,100000,10,0.2,0.2,uniform,CHI_1.0e-5,1,200000,0.5,81045,159557,0.072,80.61991594,120000,0,0.0
ID-SF,100000,10,0.2,0.2,uniform,CHI_1.0e-5_LS,1,200000,0.5,72861,159522,0.0721,288.1022023,120000,9,0.0
ID-SF,100000,10,0.2,0.2,uniform,CHI_1.0e-5,1,1000000,0.5,637893,797143,0.0704,60.407090449,120000,0,0.0
ID-SF,100000,10,0.2,0.2,uniform,CHI_1.0e-5_LS,1,1000000,0.5,608556,796929,0.0708,449.70143107399997,120000,18,0.0
ID-SF,100000,10,0.2,0.2,uniform,CHI_1.0e-5,1,2000000,0.5,1370020,1594288,0.0709,52.71450404,120000,0,0.0
ID-SF,100000,10,0.2,0.2,uniform,CHI_1.0e-5_LS,1,2000000,0.5,1321129,1595828,0.0707,462.434075757,120000,18,0.0
ID-SF,100000,2,0.0,0.2,frequency,CHI_1.0e-5,1,200000,0.5,48355,51416,0.5048,85.669008761,119470,0,0.0
ID-SF,100000,2,0.0,0.2,frequency,CHI_1.0e-5,1,1000000,0.5,266423,257527,0.5066,248.555093985,120655,0,0.0
ID-SF,100000,2,0.0,0.2,frequency,CHI_1.0e-5,1,2000000,0.5,532324,517536,0.5041,330.860216973,120365,0,0.0
ID-SF,100000,2,0.2,0.2,frequency,CHI_1.0e-5,1,200000,0.5,43935,52343,0.4953,91.644672357,119467,0,0.0
ID-SF,100000,2,0.2,0.2,frequency,CHI_1.0e-5,1,1000000,0.5,243588,238754,0.5446,216.810415196,120704,0,0.0
ID-SF,100000,2,0.2,0.2,frequency,CHI_1.0e-5,1,2000000,0.5,488576,477840,0.5432,348.505445834,120365,0,0.0
ID-SF,100000,4,0.0,0.2,frequency,CHI_1.0e-5,1,200000,0.5,103372,106193,0.2302,87.75102079,127125,0,0.0
ID-SF,100000,4,0.0,0.2,frequency,CHI_1.0e-5,1,1000000,0.5,555350,553206,0.2048,214.395457429,121740,0,0.0
ID-SF,100000,4,0.0,0.2,frequency,CHI_1.0e-5,1,2000000,0.5,1116695,1110223,0.2014,372.704467285,121000,0,0.0
ID-SF,100000,4,0.2,0.2,frequency,CHI_1.0e-5,1,200000,0.5,99816,107286,0.2282,103.793363739,126879,0,0.0
ID-SF,100000,4,0.2,0.2,frequency,CHI_1.0e-5,1,1000000,0.5,544433,546745,0.2091,229.00161198,121772,0,0.0
ID-SF,100000,4,0.2,0.2,frequency,CHI_1.0e-5,1,2000000,0.5,1096098,1095681,0.2067,355.693195324,120924,0,0.0
ID-SF,100000,6,0.0,0.2,frequency,CHI_1.0e-5,1,200000,0.5,126799,133115,0.1398,100.237575994,124777,0,0.0
ID-SF,100000,6,0.0,0.2,frequency,CHI_1.0e-5,1,1000000,0.5,680030,680237,0.1281,226.474879044,122498,0,0.0
ID-SF,100000,6,0.0,0.2,frequency,CHI_1.0e-5,1,2000000,0.5,1366410,1369066,0.1241,378.696594147,120846,0,0.0
ID-SF,100000,6,0.2,0.2,frequency,CHI_1.0e-5,1,200000,0.5,124791,134108,0.1385,106.782813376,124946,0,0.0
ID-SF,100000,6,0.2,0.2,frequency,CHI_1.0e-5,1,1000000,0.5,670131,676109,0.13,210.02833989,122480,0,0.0
ID-SF,100000,6,0.2,0.2,frequency,CHI_1.0e-5,1,2000000,0.5,1349658,1356280,0.1277,358.089334008,120921,0,0.0
ID-SF,100000,8,0.0,0.2,frequency,CHI_1.0e-5,1,200000,0.5,141491,146271,0.11,94.279902253,129120,0,0.0
ID-SF,100000,8,0.0,0.2,frequency,CHI_1.0e-5,1,1000000,0.5,747847,750411,0.0939,219.116045869,123000,0,0.0
ID-SF,100000,8,0.0,0.2,frequency,CHI_1.0e-5,1,2000000,0.5,1505147,1508996,0.0907,353.177588173,121535,0,0.0
ID-SF,100000,8,0.2,0.2,frequency,CHI_1.0e-5,1,200000,0.5,139023,146607,0.1071,98.705338726,129393,0,0.0
ID-SF,100000,8,0.2,0.2,frequency,CHI_1.0e-5,1,1000000,0.5,739628,748030,0.0948,214.222729261,122920,0,0.0
ID-SF,100000,8,0.2,0.2,frequency,CHI_1.0e-5,1,2000000,0.5,1492849,1498565,0.0921,357.898473578,121184,0,0.0
ID-SF,100000,10,0.0,0.2,frequency,CHI_1.0e-5,1,200000,0.5,150999,154543,0.0878,100.18710638,131527,0,0.0
ID-SF,100000,10,0.0,0.2,frequency,CHI_1.0e-5,1,1000000,0.5,792533,797427,0.0728,223.804400604,123096,0,0.0
ID-SF,100000,10,0.0,0.2,frequency,CHI_1.0e-5,1,2000000,0.5,1592904,1595930,0.0714,347.075595951,121596,0,0.0
ID-SF,100000,10,0.2,0.2,frequency,CHI_1.0e-5,1,200000,0.5,148194,155701,0.0875,104.736791117,131242,0,0.0
ID-SF,100000,10,0.2,0.2,frequency,CHI_1.0e-5,1,1000000,0.5,785261,793833,0.0746,219.56253397,123364,0,0.0
ID-SF,100000,10,0.2,0.2,frequency,CHI_1.0e-5,1,2000000,0.5,1582206,1590324,0.073,363.226544323,121509,0,0.0
ID-SF,100000,2,0.0,0.2,random,CHI_1.0e-5,1,200000,0.5,23524,39420,0.6762,105.209445882,134982,0,0.0
ID-SF,100000,2,0.0,0.2,random,CHI_1.0e-5,1,1000000,0.5,155269,173409,0.7478,219.846574819,139974,0,0.0
ID-SF,100000,2,0.0,0.2,random,CHI_1.0e-5,1,2000000,0.5,319091,337324,0.7632,343.174248713,141006,0,0.0
ID-SF,100000,2,0.2,0.2,random,CHI_1.0e-5,1,200000,0.5,15230,35494,0.715,105.02326754,135184,0,0.0
ID-SF,100000,2,0.2,0.2,random,CHI_1.0e-5,1,1000000,0.5,122021,150078,0.7943,204.804587292,139973,0,0.0
ID-SF,100000,2,0.2,0.2,random,CHI_1.0e-5,1,2000000,0.5,257250,286833,0.8141,359.142970295,141101,0,0.0
ID-SF,100000,4,0.0,0.2,random,CHI_1.0e-5,1,200000,0.5,70829,92763,0.3504,109.791155986,153978,0,0.0
ID-SF,100000,4,0.0,0.2,random,CHI_1.0e-5,1,1000000,0.5,404069,428629,0.4109,204.406164377,163528,0,0.0
ID-SF,100000,4,0.0,0.2,random,CHI_1.0e-5,1,2000000,0.5,815201,842405,0.4249,352.467764438,165467,0,0.0
ID-SF,100000,4,0.2,0.2,random,CHI_1.0e-5,1,200000,0.5,63503,89172,0.3678,99.82990756,154006,0,0.0
ID-SF,100000,4,0.2,0.2,random,CHI_1.0e-5,1,1000000,0.5,374286,406185,0.4347,214.034178132,163918,0,0.0
ID-SF,100000,4,0.2,0.2,random,CHI_1.0e-5,1,2000000,0.5,762138,797050,0.4466,376.906836649,165278,0,0.0
ID-SF,100000,6,0.0,0.2,random,CHI_1.0e-5,1,200000,0.5,95961,117944,0.2499,110.303949931,164186,0,0.0
ID-SF,100000,6,0.0,0.2,random,CHI_1.0e-5,1,1000000,0.5,528985,553394,0.3008,217.48252897,177412,0,0.0
ID-SF,100000,6,0.0,0.2,random,CHI_1.0e-5,1,2000000,0.5,1069266,1096875,0.3063,355.023782242,179260,0,0.0
ID-SF,100000,6,0.2,0.2,random,CHI_1.0e-5,1,200000,0.5,89883,115228,0.2561,116.663304192,164280,0,0.0
ID-SF,100000,6,0.2,0.2,random,CHI_1.0e-5,1,1000000,0.5,502859,534090,0.3146,220.9149451,177594,0,0.0
ID-SF,100000,6,0.2,0.2,random,CHI_1.0e-5,1,2000000,0.5,1017996,1052139,0.3239,356.388607031,179265,0,0.0
ID-SF,100000,8,0.0,0.2,random,CHI_1.0e-5,1,200000,0.5,112184,133182,0.1946,110.270093952,170832,0,0.0
ID-SF,100000,8,0.0,0.2,random,CHI_1.0e-5,1,1000000,0.5,606419,631650,0.2396,220.06009183,186538,0,0.0
ID-SF,100000,8,0.0,0.2,random,CHI_1.0e-5,1,2000000,0.5,1221128,1248118,0.2484,362.271655854,190126,0,0.0
ID-SF,100000,8,0.2,0.2,random,CHI_1.0e-5,1,200000,0.5,106109,130853,0.1969,111.370432193,171293,0,0.0
ID-SF,100000,8,0.2,0.2,random,CHI_1.0e-5,1,1000000,0.5,582740,612579,0.2513,222.487836976,186888,0,0.0
ID-SF,100000,8,0.2,0.2,random,CHI_1.0e-5,1,2000000,0.5,1179642,1208291,0.2591,363.375923086,189610,0,0.0
ID-SF,100000,10,0.0,0.2,random,CHI_1.0e-5,1,200000,0.5,123351,142583,0.1652,104.581562868,178712,0,0.0
ID-SF,100000,10,0.0,0.2,random,CHI_1.0e-5,1,1000000,0.5,660570,683711,0.202,212.353391888,193998,0,0.0
ID-SF,100000,10,0.0,0.2,random,CHI_1.0e-5,1,2000000,0.5,1329971,1351722,0.2108,338.615321391,197981,0,0.0
ID-SF,100000,10,0.2,0.2,random,CHI_1.0e-5,1,200000,0.5,117801,140842,0.1713,100.072362607,178366,0,0.0
ID-SF,100000,10,0.2,0.2,random,CHI_1.0e-5,1,1000000,0.5,637679,666548,0.2112,197.881286845,194482,0,0.0
ID-SF,100000,10,0.2,0.2,random,CHI_1.0e-5,1,2000000,0.5,1288060,1316281,0.2222,309.790395182,198666,0,0.0
