wareh,capacity,CHI,CHILOC,RND
2.0,4000.0,0.10514224027569218,0.10663003688351591,0.0
