wareh,capacity,QMK,CHI,CHILOC,GP,GS,BS,RND
2.0,10.0,0.053090811463856635,0.053090811463856635,0.053090811463856635,0.053090811463856635,-0.03590845023155916,0.0,0.0
2.0,10.0,0.08689839572192513,0.08689839572192513,0.08689839572192513,0.08689839572192513,-0.004879679144385027,0.0,0.0
3.0,12.0,0.05327496020013646,0.05327496020013646,0.05327496020013646,0.04309756652262906,-0.0011371389583807142,0.0,0.0
3.0,12.0,0.11502909962341663,0.11502909962341663,0.08918178705922629,0.11502909962341663,0.03229487618395527,0.0,0.0
