wareh,capacity,QMK,CHI,CHILOC,GP,GS,BS,RND
2.0,10.0,0.1614615227597469,0.1614615227597469,0.1614615227597469,0.1614615227597469,-0.10920596040008165,0.0,0.0
2.0,10.0,0.2620967741935484,0.2620967741935484,0.2620967741935484,0.2620967741935484,-0.01471774193548387,0.0,0.0
3.0,12.0,0.12348444913020559,0.12348444913020559,0.12348444913020559,0.09989457037427517,-0.002635740643120717,0.0,0.0
3.0,12.0,0.26787137921870846,0.26787137921870846,0.20768004251926656,0.26787137921870846,0.07520595269731598,0.0,0.0
