wareh,capacity,CHI,CHILOC,RND
2.0,4000.0,0.3413691612932216,0.34619964501561484,0.0
